research_no,id,hotel_name,prefecture,area,station,venueId,venueNumber,venue_name,rank,genre,jalan_url,jalan_hotel_name,verification_status,name_similarity,prefecture_match,station_match,verification_note,search_url,candidate_url,checked_at,error
1,stage-001-1,東横INN品川港南口天王洲アイル,東京都,天王洲アイル,天王洲アイル,stage-001,1,天王洲 銀河劇場,1,stage,https://www.jalan.net/yad390736/,東横ＩＮＮ品川港南口天王洲アイル,verified,1.0,True,True,hotel name matches Jalan page; location context consistent,https://search.yahoo.co.jp/search?p=%22%E6%9D%B1%E6%A8%AAINN%E5%93%81%E5%B7%9D%E6%B8%AF%E5%8D%97%E5%8F%A3%E5%A4%A9%E7%8E%8B%E6%B4%B2%E3%82%A2%E3%82%A4%E3%83%AB%22%20%E3%81%98%E3%82%83%E3%82%89%E3%82%93,https://www.jalan.net/yad390736/,2026-08-08T16:27:30+09:00,
2,stage-001-2,ANAホリデイ・イン東京ベイ,東京都,天王洲アイル,天王洲アイル,stage-001,1,天王洲 銀河劇場,2,stage,https://www.jalan.net/yad349696/,ANAホリデイ・イン東京ベイ by IHG,verified,1.0,True,True,hotel name matches Jalan page; location context consistent,https://search.yahoo.co.jp/search?p=%22ANA%E3%83%9B%E3%83%AA%E3%83%87%E3%82%A4%E3%83%BB%E3%82%A4%E3%83%B3%E6%9D%B1%E4%BA%AC%E3%83%99%E3%82%A4%22%20%E3%81%98%E3%82%83%E3%82%89%E3%82%93,https://www.jalan.net/yad349696/,2026-08-08T16:27:33+09:00,
3,stage-001-3,スーパーホテル品川・新馬場,東京都,天王洲アイル,新馬場,stage-001,1,天王洲 銀河劇場,3,stage,https://www.jalan.net/yad304182/,スーパーホテル品川・新馬場 高濃度炭酸泉 七福神の湯,verified,0.97,True,True,hotel name matches Jalan page; location context consistent,https://search.yahoo.co.jp/search?p=%22%E3%82%B9%E3%83%BC%E3%83%91%E3%83%BC%E3%83%9B%E3%83%86%E3%83%AB%E5%93%81%E5%B7%9D%E3%83%BB%E6%96%B0%E9%A6%AC%E5%A0%B4%22%20%E3%81%98%E3%82%83%E3%82%89%E3%82%93,https://www.jalan.net/yad304182/,2026-08-08T16:27:41+09:00,
4,stage-002-1,アワーズイン阪急,東京都,大井競馬場前・立会川,大井町,stage-002,2,シアターH,1,stage,https://www.jalan.net/yad302472/,アワーズイン阪急,verified,1.0,True,True,hotel name matches Jalan page; location context consistent,https://search.yahoo.co.jp/search?p=%22%E3%82%A2%E3%83%AF%E3%83%BC%E3%82%BA%E3%82%A4%E3%83%B3%E9%98%AA%E6%80%A5%22%20%E3%81%98%E3%82%83%E3%82%89%E3%82%93,https://www.jalan.net/yad302472/,2026-08-08T16:27:44+09:00,
5,stage-002-2,ヴィアイン品川大井町,東京都,大井競馬場前・立会川,大井町,stage-002,2,シアターH,2,stage,https://www.jalan.net/yad317259/,ＪＲ西日本グループ ヴィアイン品川大井町,verified,0.97,True,True,hotel name matches Jalan page; location context consistent,https://search.yahoo.co.jp/search?p=%22%E3%83%B4%E3%82%A3%E3%82%A2%E3%82%A4%E3%83%B3%E5%93%81%E5%B7%9D%E5%A4%A7%E4%BA%95%E7%94%BA%22%20%E3%81%98%E3%82%83%E3%82%89%E3%82%93,https://www.jalan.net/yad317259/,2026-08-08T16:27:48+09:00,
6,stage-002-3,ホテルマイステイズプレミア大森,東京都,大井競馬場前・立会川,大森,stage-002,2,シアターH,3,stage,https://www.jalan.net/yad314382/,ホテルマイステイズプレミア大森,verified,1.0,True,True,hotel name matches Jalan page; location context consistent,https://search.yahoo.co.jp/search?p=%22%E3%83%9B%E3%83%86%E3%83%AB%E3%83%9E%E3%82%A4%E3%82%B9%E3%83%86%E3%82%A4%E3%82%BA%E3%83%97%E3%83%AC%E3%83%9F%E3%82%A2%E5%A4%A7%E6%A3%AE%22%20%E3%81%98%E3%82%83%E3%82%89%E3%82%93,https://www.jalan.net/yad314382/,2026-08-08T16:27:53+09:00,
7,stage-003-1,日本青年館ホテル,東京都,外苑前・国立競技場,外苑前・国立競技場,stage-003,3,日本青年館ホール,1,stage,https://www.jalan.net/yad335762/,日本青年館ホテル,verified,1.0,True,True,hotel name matches Jalan page; location context consistent,https://search.yahoo.co.jp/search?p=%22%E6%97%A5%E6%9C%AC%E9%9D%92%E5%B9%B4%E9%A4%A8%E3%83%9B%E3%83%86%E3%83%AB%22%20%E3%81%98%E3%82%83%E3%82%89%E3%82%93,https://www.jalan.net/yad335762/,2026-08-08T16:27:56+09:00,
8,stage-003-2,東急ステイ青山プレミア,東京都,外苑前・国立競技場,外苑前,stage-003,3,日本青年館ホール,2,stage,https://www.jalan.net/yad381958/,東急ステイ青山プレミア,verified,1.0,True,True,hotel name matches Jalan page; location context consistent,https://search.yahoo.co.jp/search?p=%22%E6%9D%B1%E6%80%A5%E3%82%B9%E3%83%86%E3%82%A4%E9%9D%92%E5%B1%B1%E3%83%97%E3%83%AC%E3%83%9F%E3%82%A2%22%20%E3%81%98%E3%82%83%E3%82%89%E3%82%93,https://www.jalan.net/yad381958/,2026-08-08T16:28:00+09:00,
9,stage-003-3,ホテルウィングインターナショナルプレミアム東京四谷,東京都,外苑前・国立競技場,四谷三丁目,stage-003,3,日本青年館ホール,3,stage,,KOKO HOTEL 新宿四谷,needs_review,0.1053,True,True,candidate exists but name/location match is not strong enough,https://search.yahoo.co.jp/search?p=%22%E3%83%9B%E3%83%86%E3%83%AB%E3%82%A6%E3%82%A3%E3%83%B3%E3%82%B0%E3%82%A4%E3%83%B3%E3%82%BF%E3%83%BC%E3%83%8A%E3%82%B7%E3%83%A7%E3%83%8A%E3%83%AB%E3%83%97%E3%83%AC%E3%83%9F%E3%82%A2%E3%83%A0%E6%9D%B1%E4%BA%AC%E5%9B%9B%E8%B0%B7%22%20%E3%81%98%E3%82%83%E3%82%89%E3%82%93,https://www.jalan.net/yad370441/,2026-08-08T16:28:06+09:00,
10,stage-004-1,ホテルグランドシティ,東京都,池袋東口,池袋東口,stage-004,4,東京建物 Brillia HALL(豊島区立芸術文化劇場),1,stage,https://www.jalan.net/yad317472/,ホテルグランドシティ,verified,1.0,True,False,hotel name matches Jalan page; location context consistent,https://search.yahoo.co.jp/search?p=%22%E3%83%9B%E3%83%86%E3%83%AB%E3%82%B0%E3%83%A9%E3%83%B3%E3%83%89%E3%82%B7%E3%83%86%E3%82%A3%22%20%E3%81%98%E3%82%83%E3%82%89%E3%82%93,https://www.jalan.net/yad317472/,2026-08-08T16:28:09+09:00,
11,stage-004-2,ホテルリソル池袋,東京都,池袋東口,東池袋・池袋,stage-004,4,東京建物 Brillia HALL(豊島区立芸術文化劇場),2,stage,https://www.jalan.net/yad386545/,ホテルリソル池袋,verified,1.0,True,True,hotel name matches Jalan page; location context consistent,https://search.yahoo.co.jp/search?p=%22%E3%83%9B%E3%83%86%E3%83%AB%E3%83%AA%E3%82%BD%E3%83%AB%E6%B1%A0%E8%A2%8B%22%20%E3%81%98%E3%82%83%E3%82%89%E3%82%93,https://www.jalan.net/yad386545/,2026-08-08T16:28:13+09:00,
12,stage-004-3,京王プレッソイン池袋,東京都,池袋東口,東池袋・池袋,stage-004,4,東京建物 Brillia HALL(豊島区立芸術文化劇場),3,stage,https://www.jalan.net/yad333355/,京王プレッソイン池袋,verified,1.0,True,True,hotel name matches Jalan page; location context consistent,https://search.yahoo.co.jp/search?p=%22%E4%BA%AC%E7%8E%8B%E3%83%97%E3%83%AC%E3%83%83%E3%82%BD%E3%82%A4%E3%83%B3%E6%B1%A0%E8%A2%8B%22%20%E3%81%98%E3%82%83%E3%82%89%E3%82%93,https://www.jalan.net/yad333355/,2026-08-08T16:28:17+09:00,
13,stage-005-1,ホテルグランドシティ,東京都,東池袋・池袋,池袋東口,stage-005,5,サンシャイン劇場,1,stage,https://www.jalan.net/yad317472/,ホテルグランドシティ,verified,1.0,True,False,hotel name matches Jalan page; location context consistent,https://search.yahoo.co.jp/search?p=%22%E3%83%9B%E3%83%86%E3%83%AB%E3%82%B0%E3%83%A9%E3%83%B3%E3%83%89%E3%82%B7%E3%83%86%E3%82%A3%22%20%E3%81%98%E3%82%83%E3%82%89%E3%82%93,https://www.jalan.net/yad317472/,2026-08-08T16:28:09+09:00,
14,stage-005-2,ホテルリソル池袋,東京都,東池袋・池袋,東池袋・池袋,stage-005,5,サンシャイン劇場,2,stage,https://www.jalan.net/yad386545/,ホテルリソル池袋,verified,1.0,True,True,hotel name matches Jalan page; location context consistent,https://search.yahoo.co.jp/search?p=%22%E3%83%9B%E3%83%86%E3%83%AB%E3%83%AA%E3%82%BD%E3%83%AB%E6%B1%A0%E8%A2%8B%22%20%E3%81%98%E3%82%83%E3%82%89%E3%82%93,https://www.jalan.net/yad386545/,2026-08-08T16:28:13+09:00,
15,stage-005-3,京王プレッソイン池袋,東京都,東池袋・池袋,東池袋・池袋,stage-005,5,サンシャイン劇場,3,stage,https://www.jalan.net/yad333355/,京王プレッソイン池袋,verified,1.0,True,True,hotel name matches Jalan page; location context consistent,https://search.yahoo.co.jp/search?p=%22%E4%BA%AC%E7%8E%8B%E3%83%97%E3%83%AC%E3%83%83%E3%82%BD%E3%82%A4%E3%83%B3%E6%B1%A0%E8%A2%8B%22%20%E3%81%98%E3%82%83%E3%82%89%E3%82%93,https://www.jalan.net/yad333355/,2026-08-08T16:28:17+09:00,
16,stage-006-1,リッチモンドホテル東京水道橋,東京都,水道橋・後楽園,水道橋・後楽園,stage-006,6,Kanadevia Hall,1,stage,https://www.jalan.net/yad332210/,リッチモンドホテル東京水道橋,verified,1.0,True,True,hotel name matches Jalan page; location context consistent,https://search.yahoo.co.jp/search?p=%22%E3%83%AA%E3%83%83%E3%83%81%E3%83%A2%E3%83%B3%E3%83%89%E3%83%9B%E3%83%86%E3%83%AB%E6%9D%B1%E4%BA%AC%E6%B0%B4%E9%81%93%E6%A9%8B%22%20%E3%81%98%E3%82%83%E3%82%89%E3%82%93,https://www.jalan.net/yad332210/,2026-08-08T16:28:21+09:00,
17,stage-006-2,ホテルウィングインターナショナル後楽園,東京都,水道橋・後楽園,水道橋・後楽園,stage-006,6,Kanadevia Hall,2,stage,,KOKO HOTEL 後楽園,needs_review,0.1935,True,True,candidate exists but name/location match is not strong enough,https://search.yahoo.co.jp/search?p=%22%E3%83%9B%E3%83%86%E3%83%AB%E3%82%A6%E3%82%A3%E3%83%B3%E3%82%B0%E3%82%A4%E3%83%B3%E3%82%BF%E3%83%BC%E3%83%8A%E3%82%B7%E3%83%A7%E3%83%8A%E3%83%AB%E5%BE%8C%E6%A5%BD%E5%9C%92%22%20%E3%81%98%E3%82%83%E3%82%89%E3%82%93,https://www.jalan.net/yad317436/,2026-08-08T16:28:25+09:00,
18,stage-006-3,the b 水道橋,東京都,水道橋・後楽園,水道橋・春日,stage-006,6,Kanadevia Hall,3,stage,https://www.jalan.net/yad369889/,the b 水道橋（ザビーすいどうばし）,verified,0.97,True,True,hotel name matches Jalan page; location context consistent,https://search.yahoo.co.jp/search?p=%22the%20b%20%E6%B0%B4%E9%81%93%E6%A9%8B%22%20%E3%81%98%E3%82%83%E3%82%89%E3%82%93,https://www.jalan.net/yad369889/,2026-08-08T16:28:31+09:00,
19,stage-007-1,リッチモンドホテル東京水道橋,東京都,水道橋・後楽園,水道橋・後楽園,stage-007,7,IMM THEATER,1,stage,https://www.jalan.net/yad332210/,リッチモンドホテル東京水道橋,verified,1.0,True,True,hotel name matches Jalan page; location context consistent,https://search.yahoo.co.jp/search?p=%22%E3%83%AA%E3%83%83%E3%83%81%E3%83%A2%E3%83%B3%E3%83%89%E3%83%9B%E3%83%86%E3%83%AB%E6%9D%B1%E4%BA%AC%E6%B0%B4%E9%81%93%E6%A9%8B%22%20%E3%81%98%E3%82%83%E3%82%89%E3%82%93,https://www.jalan.net/yad332210/,2026-08-08T16:28:21+09:00,
20,stage-007-2,ホテルウィングインターナショナル後楽園,東京都,水道橋・後楽園,水道橋・後楽園,stage-007,7,IMM THEATER,2,stage,,KOKO HOTEL 後楽園,needs_review,0.1935,True,True,candidate exists but name/location match is not strong enough,https://search.yahoo.co.jp/search?p=%22%E3%83%9B%E3%83%86%E3%83%AB%E3%82%A6%E3%82%A3%E3%83%B3%E3%82%B0%E3%82%A4%E3%83%B3%E3%82%BF%E3%83%BC%E3%83%8A%E3%82%B7%E3%83%A7%E3%83%8A%E3%83%AB%E5%BE%8C%E6%A5%BD%E5%9C%92%22%20%E3%81%98%E3%82%83%E3%82%89%E3%82%93,https://www.jalan.net/yad317436/,2026-08-08T16:28:25+09:00,
21,stage-007-3,the b 水道橋,東京都,水道橋・後楽園,水道橋・春日,stage-007,7,IMM THEATER,3,stage,https://www.jalan.net/yad369889/,the b 水道橋（ザビーすいどうばし）,verified,0.97,True,True,hotel name matches Jalan page; location context consistent,https://search.yahoo.co.jp/search?p=%22the%20b%20%E6%B0%B4%E9%81%93%E6%A9%8B%22%20%E3%81%98%E3%82%83%E3%82%89%E3%82%93,https://www.jalan.net/yad369889/,2026-08-08T16:28:31+09:00,
22,stage-008-1,ホテルサンライト新宿,東京都,新宿・西武新宿,新宿三丁目,stage-008,8,THEATER MILANO-Za,1,stage,https://www.jalan.net/yad343909/,ホテルサンライト新宿,verified,1.0,True,True,hotel name matches Jalan page; location context consistent,https://search.yahoo.co.jp/search?p=%22%E3%83%9B%E3%83%86%E3%83%AB%E3%82%B5%E3%83%B3%E3%83%A9%E3%82%A4%E3%83%88%E6%96%B0%E5%AE%BF%22%20%E3%81%98%E3%82%83%E3%82%89%E3%82%93,https://www.jalan.net/yad343909/,2026-08-08T16:28:34+09:00,
23,stage-008-2,新宿アーバンホテル,東京都,新宿・西武新宿,新宿三丁目・東新宿,stage-008,8,THEATER MILANO-Za,2,stage,https://www.jalan.net/yad321016/,新宿アーバンホテル,verified,1.0,True,True,hotel name matches Jalan page; location context consistent,https://search.yahoo.co.jp/search?p=%22%E6%96%B0%E5%AE%BF%E3%82%A2%E3%83%BC%E3%83%90%E3%83%B3%E3%83%9B%E3%83%86%E3%83%AB%22%20%E3%81%98%E3%82%83%E3%82%89%E3%82%93,https://www.jalan.net/yad321016/,2026-08-08T16:28:38+09:00,
24,stage-008-3,ホテルアマネク新宿歌舞伎町,東京都,新宿・西武新宿,新宿・西武新宿,stage-008,8,THEATER MILANO-Za,3,stage,https://www.jalan.net/yad357994/,ホテルアマネク新宿歌舞伎町,verified,1.0,True,True,hotel name matches Jalan page; location context consistent,https://search.yahoo.co.jp/search?p=%22%E3%83%9B%E3%83%86%E3%83%AB%E3%82%A2%E3%83%9E%E3%83%8D%E3%82%AF%E6%96%B0%E5%AE%BF%E6%AD%8C%E8%88%9E%E4%BC%8E%E7%94%BA%22%20%E3%81%98%E3%82%83%E3%82%89%E3%82%93,https://www.jalan.net/yad357994/,2026-08-08T16:28:42+09:00,
25,stage-009-1,ホテル ヴィラフォンテーヌ グランド 東京有明,東京都,有明・国際展示場,有明・国際展示場,stage-009,9,東京ガーデンシアター,1,stage,https://www.jalan.net/yad379750/,ヴィラフォンテーヌ グランド 東京有明｜住友不動産,verified_fuzzy,0.7907,True,True,hotel name is a fuzzy/renamed match; location context consistent,https://search.yahoo.co.jp/search?p=%22%E3%83%9B%E3%83%86%E3%83%AB%20%E3%83%B4%E3%82%A3%E3%83%A9%E3%83%95%E3%82%A9%E3%83%B3%E3%83%86%E3%83%BC%E3%83%8C%20%E3%82%B0%E3%83%A9%E3%83%B3%E3%83%89%20%E6%9D%B1%E4%BA%AC%E6%9C%89%E6%98%8E%22%20%E3%81%98%E3%82%83%E3%82%89%E3%82%93,https://www.jalan.net/yad379750/,2026-08-08T16:28:46+09:00,
26,stage-009-2,相鉄グランドフレッサ 東京ベイ有明,東京都,有明・国際展示場,国際展示場・東京ビッグサイト,stage-009,9,東京ガーデンシアター,2,stage,https://www.jalan.net/yad350291/,相鉄グランドフレッサ 東京ベイ有明（旧ホテルサンルート有明）,verified,0.97,True,True,hotel name matches Jalan page; location context consistent,https://search.yahoo.co.jp/search?p=%22%E7%9B%B8%E9%89%84%E3%82%B0%E3%83%A9%E3%83%B3%E3%83%89%E3%83%95%E3%83%AC%E3%83%83%E3%82%B5%20%E6%9D%B1%E4%BA%AC%E3%83%99%E3%82%A4%E6%9C%89%E6%98%8E%22%20%E3%81%98%E3%82%83%E3%82%89%E3%82%93,https://www.jalan.net/yad350291/,2026-08-08T16:28:49+09:00,
27,stage-009-3,ファーイーストビレッジホテル東京有明,東京都,有明・国際展示場,有明テニスの森,stage-009,9,東京ガーデンシアター,3,stage,https://www.jalan.net/yad320700/,ファーイーストビレッジホテル東京有明,verified,1.0,True,True,hotel name matches Jalan page; location context consistent,https://search.yahoo.co.jp/search?p=%22%E3%83%95%E3%82%A1%E3%83%BC%E3%82%A4%E3%83%BC%E3%82%B9%E3%83%88%E3%83%93%E3%83%AC%E3%83%83%E3%82%B8%E3%83%9B%E3%83%86%E3%83%AB%E6%9D%B1%E4%BA%AC%E6%9C%89%E6%98%8E%22%20%E3%81%98%E3%82%83%E3%82%89%E3%82%93,https://www.jalan.net/yad320700/,2026-08-08T16:28:54+09:00,
28,stage-010-1,レム日比谷,東京都,日比谷・有楽町,有楽町・日比谷,stage-010,10,日生劇場,1,stage,https://www.jalan.net/yad334400/,レム日比谷,verified,1.0,True,True,hotel name matches Jalan page; location context consistent,https://search.yahoo.co.jp/search?p=%22%E3%83%AC%E3%83%A0%E6%97%A5%E6%AF%94%E8%B0%B7%22%20%E3%81%98%E3%82%83%E3%82%89%E3%82%93,https://www.jalan.net/yad334400/,2026-08-08T16:28:57+09:00,
29,stage-010-2,銀座ベルビューホテル,東京都,日比谷・有楽町,有楽町・銀座,stage-010,10,日生劇場,2,stage,https://www.jalan.net/yad303626/,銀座ベルビューホテル,verified,1.0,True,True,hotel name matches Jalan page; location context consistent,https://search.yahoo.co.jp/search?p=%22%E9%8A%80%E5%BA%A7%E3%83%99%E3%83%AB%E3%83%93%E3%83%A5%E3%83%BC%E3%83%9B%E3%83%86%E3%83%AB%22%20%E3%81%98%E3%82%83%E3%82%89%E3%82%93,https://www.jalan.net/yad303626/,2026-08-08T16:29:01+09:00,
30,stage-010-3,ダイワロイネットホテル新橋,東京都,日比谷・有楽町,新橋,stage-010,10,日生劇場,3,stage,https://www.jalan.net/yad344290/,ダイワロイネットホテル新橋,verified,1.0,True,True,hotel name matches Jalan page; location context consistent,https://search.yahoo.co.jp/search?p=%22%E3%83%80%E3%82%A4%E3%83%AF%E3%83%AD%E3%82%A4%E3%83%8D%E3%83%83%E3%83%88%E3%83%9B%E3%83%86%E3%83%AB%E6%96%B0%E6%A9%8B%22%20%E3%81%98%E3%82%83%E3%82%89%E3%82%93,https://www.jalan.net/yad344290/,2026-08-08T16:29:04+09:00,
31,stage-011-1,東横INN日本橋浜町明治座前,東京都,浜町・人形町,浜町,stage-011,11,明治座,1,stage,https://www.jalan.net/yad380797/,東横ＩＮＮ日本橋浜町明治座前,verified,1.0,True,True,hotel name matches Jalan page; location context consistent,https://search.yahoo.co.jp/search?p=%22%E6%9D%B1%E6%A8%AAINN%E6%97%A5%E6%9C%AC%E6%A9%8B%E6%B5%9C%E7%94%BA%E6%98%8E%E6%B2%BB%E5%BA%A7%E5%89%8D%22%20%E3%81%98%E3%82%83%E3%82%89%E3%82%93,https://www.jalan.net/yad380797/,2026-08-08T16:29:09+09:00,
32,stage-011-2,アパホテル〈人形町駅北〉,東京都,浜町・人形町,人形町,stage-011,11,明治座,2,stage,https://www.jalan.net/yad323155/,アパホテル〈人形町駅北〉,verified,1.0,True,True,hotel name matches Jalan page; location context consistent,https://search.yahoo.co.jp/search?p=%22%E3%82%A2%E3%83%91%E3%83%9B%E3%83%86%E3%83%AB%E3%80%88%E4%BA%BA%E5%BD%A2%E7%94%BA%E9%A7%85%E5%8C%97%E3%80%89%22%20%E3%81%98%E3%82%83%E3%82%89%E3%82%93,https://www.jalan.net/yad323155/,2026-08-08T16:29:12+09:00,
33,stage-011-3,コンフォートホテル東京東日本橋,東京都,浜町・人形町,馬喰町・東日本橋,stage-011,11,明治座,3,stage,https://www.jalan.net/yad379871/,コンフォートホテル東京東日本橋,verified,1.0,True,True,hotel name matches Jalan page; location context consistent,https://search.yahoo.co.jp/search?p=%22%E3%82%B3%E3%83%B3%E3%83%95%E3%82%A9%E3%83%BC%E3%83%88%E3%83%9B%E3%83%86%E3%83%AB%E6%9D%B1%E4%BA%AC%E6%9D%B1%E6%97%A5%E6%9C%AC%E6%A9%8B%22%20%E3%81%98%E3%82%83%E3%82%89%E3%82%93,https://www.jalan.net/yad379871/,2026-08-08T16:29:15+09:00,
34,stage-012-1,相鉄フレッサイン 銀座三丁目,東京都,東銀座・新橋,銀座・東銀座,stage-012,12,新橋演舞場,1,stage,https://www.jalan.net/yad398781/,相鉄フレッサイン銀座三丁目,verified,1.0,True,True,hotel name matches Jalan page; location context consistent,https://search.yahoo.co.jp/search?p=%22%E7%9B%B8%E9%89%84%E3%83%95%E3%83%AC%E3%83%83%E3%82%B5%E3%82%A4%E3%83%B3%20%E9%8A%80%E5%BA%A7%E4%B8%89%E4%B8%81%E7%9B%AE%22%20%E3%81%98%E3%82%83%E3%82%89%E3%82%93,https://www.jalan.net/yad398781/,2026-08-08T16:29:19+09:00,
35,stage-012-2,ホテルモントレ銀座,東京都,東銀座・新橋,銀座一丁目,stage-012,12,新橋演舞場,2,stage,https://www.jalan.net/yad347902/,ホテルモントレ銀座,verified,1.0,True,True,hotel name matches Jalan page; location context consistent,https://search.yahoo.co.jp/search?p=%22%E3%83%9B%E3%83%86%E3%83%AB%E3%83%A2%E3%83%B3%E3%83%88%E3%83%AC%E9%8A%80%E5%BA%A7%22%20%E3%81%98%E3%82%83%E3%82%89%E3%82%93,https://www.jalan.net/yad347902/,2026-08-08T16:29:23+09:00,
36,stage-012-3,ダイワロイネットホテル東京京橋 PREMIER,東京都,東銀座・新橋,京橋・東京,stage-012,12,新橋演舞場,3,stage,https://www.jalan.net/yad370598/,ダイワロイネットホテル東京京橋 PREMIER,verified,1.0,True,True,hotel name matches Jalan page; location context consistent,https://search.yahoo.co.jp/search?p=%22%E3%83%80%E3%82%A4%E3%83%AF%E3%83%AD%E3%82%A4%E3%83%8D%E3%83%83%E3%83%88%E3%83%9B%E3%83%86%E3%83%AB%E6%9D%B1%E4%BA%AC%E4%BA%AC%E6%A9%8B%20PREMIER%22%20%E3%81%98%E3%82%83%E3%82%89%E3%82%93,https://www.jalan.net/yad370598/,2026-08-08T16:29:27+09:00,
37,stage-013-1,レム日比谷,東京都,日比谷・有楽町,有楽町・日比谷,stage-013,13,シアタークリエ,1,stage,https://www.jalan.net/yad334400/,レム日比谷,verified,1.0,True,True,hotel name matches Jalan page; location context consistent,https://search.yahoo.co.jp/search?p=%22%E3%83%AC%E3%83%A0%E6%97%A5%E6%AF%94%E8%B0%B7%22%20%E3%81%98%E3%82%83%E3%82%89%E3%82%93,https://www.jalan.net/yad334400/,2026-08-08T16:28:57+09:00,
38,stage-013-2,銀座ベルビューホテル,東京都,日比谷・有楽町,有楽町・銀座,stage-013,13,シアタークリエ,2,stage,https://www.jalan.net/yad303626/,銀座ベルビューホテル,verified,1.0,True,True,hotel name matches Jalan page; location context consistent,https://search.yahoo.co.jp/search?p=%22%E9%8A%80%E5%BA%A7%E3%83%99%E3%83%AB%E3%83%93%E3%83%A5%E3%83%BC%E3%83%9B%E3%83%86%E3%83%AB%22%20%E3%81%98%E3%82%83%E3%82%89%E3%82%93,https://www.jalan.net/yad303626/,2026-08-08T16:29:01+09:00,
39,stage-013-3,ダイワロイネットホテル新橋,東京都,日比谷・有楽町,新橋,stage-013,13,シアタークリエ,3,stage,https://www.jalan.net/yad344290/,ダイワロイネットホテル新橋,verified,1.0,True,True,hotel name matches Jalan page; location context consistent,https://search.yahoo.co.jp/search?p=%22%E3%83%80%E3%82%A4%E3%83%AF%E3%83%AD%E3%82%A4%E3%83%8D%E3%83%83%E3%83%88%E3%83%9B%E3%83%86%E3%83%AB%E6%96%B0%E6%A9%8B%22%20%E3%81%98%E3%82%83%E3%82%89%E3%82%93,https://www.jalan.net/yad344290/,2026-08-08T16:27:31+09:00,
40,stage-014-1,品川プリンスホテル イーストタワー,東京都,品川,品川,stage-014,14,品川プリンスホテル ステラボール,1,stage,https://www.jalan.net/yad353540/,品川プリンスホテル イーストタワー,verified,1.0,True,True,hotel name matches Jalan page; location context consistent,https://search.yahoo.co.jp/search?p=%22%E5%93%81%E5%B7%9D%E3%83%97%E3%83%AA%E3%83%B3%E3%82%B9%E3%83%9B%E3%83%86%E3%83%AB%20%E3%82%A4%E3%83%BC%E3%82%B9%E3%83%88%E3%82%BF%E3%83%AF%E3%83%BC%22%20%E3%81%98%E3%82%83%E3%82%89%E3%82%93,https://www.jalan.net/yad353540/,2026-08-08T16:27:34+09:00,
41,stage-014-2,京急EXホテル高輪,東京都,品川,品川・高輪台,stage-014,14,品川プリンスホテル ステラボール,2,stage,https://www.jalan.net/yad349259/,京急ＥＸホテル高輪（2026年2月リニューアルオープン）,verified,0.97,True,True,hotel name matches Jalan page; location context consistent,https://search.yahoo.co.jp/search?p=%22%E4%BA%AC%E6%80%A5EX%E3%83%9B%E3%83%86%E3%83%AB%E9%AB%98%E8%BC%AA%22%20%E3%81%98%E3%82%83%E3%82%89%E3%82%93,https://www.jalan.net/yad349259/,2026-08-08T16:27:41+09:00,
42,stage-014-3,アパホテル〈品川 泉岳寺駅前〉,東京都,品川,泉岳寺・高輪ゲートウェイ,stage-014,14,品川プリンスホテル ステラボール,3,stage,https://www.jalan.net/yad354769/,アパホテル〈品川 泉岳寺駅前〉,verified,1.0,True,True,hotel name matches Jalan page; location context consistent,https://search.yahoo.co.jp/search?p=%22%E3%82%A2%E3%83%91%E3%83%9B%E3%83%86%E3%83%AB%E3%80%88%E5%93%81%E5%B7%9D%20%E6%B3%89%E5%B2%B3%E5%AF%BA%E9%A7%85%E5%89%8D%E3%80%89%22%20%E3%81%98%E3%82%83%E3%82%89%E3%82%93,https://www.jalan.net/yad354769/,2026-08-08T16:27:44+09:00,
43,stage-015-1,品川プリンスホテル イーストタワー,東京都,品川,品川,stage-015,15,Club eX,1,stage,https://www.jalan.net/yad353540/,品川プリンスホテル イーストタワー,verified,1.0,True,True,hotel name matches Jalan page; location context consistent,https://search.yahoo.co.jp/search?p=%22%E5%93%81%E5%B7%9D%E3%83%97%E3%83%AA%E3%83%B3%E3%82%B9%E3%83%9B%E3%83%86%E3%83%AB%20%E3%82%A4%E3%83%BC%E3%82%B9%E3%83%88%E3%82%BF%E3%83%AF%E3%83%BC%22%20%E3%81%98%E3%82%83%E3%82%89%E3%82%93,https://www.jalan.net/yad353540/,2026-08-08T16:27:34+09:00,
44,stage-015-2,京急EXホテル高輪,東京都,品川,品川・高輪台,stage-015,15,Club eX,2,stage,https://www.jalan.net/yad349259/,京急ＥＸホテル高輪（2026年2月リニューアルオープン）,verified,0.97,True,True,hotel name matches Jalan page; location context consistent,https://search.yahoo.co.jp/search?p=%22%E4%BA%AC%E6%80%A5EX%E3%83%9B%E3%83%86%E3%83%AB%E9%AB%98%E8%BC%AA%22%20%E3%81%98%E3%82%83%E3%82%89%E3%82%93,https://www.jalan.net/yad349259/,2026-08-08T16:27:41+09:00,
45,stage-015-3,アパホテル〈品川 泉岳寺駅前〉,東京都,品川,泉岳寺・高輪ゲートウェイ,stage-015,15,Club eX,3,stage,https://www.jalan.net/yad354769/,アパホテル〈品川 泉岳寺駅前〉,verified,1.0,True,True,hotel name matches Jalan page; location context consistent,https://search.yahoo.co.jp/search?p=%22%E3%82%A2%E3%83%91%E3%83%9B%E3%83%86%E3%83%AB%E3%80%88%E5%93%81%E5%B7%9D%20%E6%B3%89%E5%B2%B3%E5%AF%BA%E9%A7%85%E5%89%8D%E3%80%89%22%20%E3%81%98%E3%82%83%E3%82%89%E3%82%93,https://www.jalan.net/yad354769/,2026-08-08T16:27:44+09:00,
46,stage-016-1,レム六本木,東京都,六本木,六本木,stage-016,16,EX THEATER ROPPONGI,1,stage,https://www.jalan.net/yad382341/,レム六本木,verified,1.0,True,True,hotel name matches Jalan page; location context consistent,https://search.yahoo.co.jp/search?p=%22%E3%83%AC%E3%83%A0%E5%85%AD%E6%9C%AC%E6%9C%A8%22%20%E3%81%98%E3%82%83%E3%82%89%E3%82%93,https://www.jalan.net/yad382341/,2026-08-08T16:27:47+09:00,
47,stage-016-2,相鉄フレッサイン 東京六本木,東京都,六本木,六本木,stage-016,16,EX THEATER ROPPONGI,2,stage,https://www.jalan.net/yad364444/,相鉄フレッサイン東京六本木,verified,1.0,True,True,hotel name matches Jalan page; location context consistent,https://search.yahoo.co.jp/search?p=%22%E7%9B%B8%E9%89%84%E3%83%95%E3%83%AC%E3%83%83%E3%82%B5%E3%82%A4%E3%83%B3%20%E6%9D%B1%E4%BA%AC%E5%85%AD%E6%9C%AC%E6%9C%A8%22%20%E3%81%98%E3%82%83%E3%82%89%E3%82%93,https://www.jalan.net/yad364444/,2026-08-08T16:27:49+09:00,
48,stage-016-3,コンフォートイン東京六本木,東京都,六本木,六本木,stage-016,16,EX THEATER ROPPONGI,3,stage,https://www.jalan.net/yad330535/,コンフォートイン東京六本木,verified,1.0,True,True,hotel name matches Jalan page; location context consistent,https://search.yahoo.co.jp/search?p=%22%E3%82%B3%E3%83%B3%E3%83%95%E3%82%A9%E3%83%BC%E3%83%88%E3%82%A4%E3%83%B3%E6%9D%B1%E4%BA%AC%E5%85%AD%E6%9C%AC%E6%9C%A8%22%20%E3%81%98%E3%82%83%E3%82%89%E3%82%93,https://www.jalan.net/yad330535/,2026-08-08T16:27:53+09:00,
49,stage-017-1,レム日比谷,東京都,有楽町・日比谷,有楽町・日比谷,stage-017,17,ヒューリックホール東京,1,stage,https://www.jalan.net/yad334400/,レム日比谷,verified,1.0,True,True,hotel name matches Jalan page; location context consistent,https://search.yahoo.co.jp/search?p=%22%E3%83%AC%E3%83%A0%E6%97%A5%E6%AF%94%E8%B0%B7%22%20%E3%81%98%E3%82%83%E3%82%89%E3%82%93,https://www.jalan.net/yad334400/,2026-08-08T16:27:55+09:00,
50,stage-017-2,銀座ベルビューホテル,東京都,有楽町・日比谷,有楽町・銀座,stage-017,17,ヒューリックホール東京,2,stage,https://www.jalan.net/yad303626/,銀座ベルビューホテル,verified,1.0,True,True,hotel name matches Jalan page; location context consistent,https://search.yahoo.co.jp/search?p=%22%E9%8A%80%E5%BA%A7%E3%83%99%E3%83%AB%E3%83%93%E3%83%A5%E3%83%BC%E3%83%9B%E3%83%86%E3%83%AB%22%20%E3%81%98%E3%82%83%E3%82%89%E3%82%93,https://www.jalan.net/yad303626/,2026-08-08T16:27:59+09:00,
51,stage-017-3,ダイワロイネットホテル新橋,東京都,有楽町・日比谷,新橋,stage-017,17,ヒューリックホール東京,3,stage,https://www.jalan.net/yad344290/,ダイワロイネットホテル新橋,verified,1.0,True,True,hotel name matches Jalan page; location context consistent,https://search.yahoo.co.jp/search?p=%22%E3%83%80%E3%82%A4%E3%83%AF%E3%83%AD%E3%82%A4%E3%83%8D%E3%83%83%E3%83%88%E3%83%9B%E3%83%86%E3%83%AB%E6%96%B0%E6%A9%8B%22%20%E3%81%98%E3%82%83%E3%82%89%E3%82%93,https://www.jalan.net/yad344290/,2026-08-08T16:27:31+09:00,
52,stage-018-1,ホテルヴィラフォンテーヌ東京大手町,東京都,大手町,大手町・神田,stage-018,18,よみうり大手町ホール,1,stage,,ヴィラフォンテーヌ東京大手町｜住友不動産,needs_review,0.7568,True,True,possible renamed hotel; manual confirmation recommended,https://search.yahoo.co.jp/search?p=%22%E3%83%9B%E3%83%86%E3%83%AB%E3%83%B4%E3%82%A3%E3%83%A9%E3%83%95%E3%82%A9%E3%83%B3%E3%83%86%E3%83%BC%E3%83%8C%E6%9D%B1%E4%BA%AC%E5%A4%A7%E6%89%8B%E7%94%BA%22%20%E3%81%98%E3%82%83%E3%82%89%E3%82%93,https://www.jalan.net/yad365524/,2026-08-08T16:28:02+09:00,
53,stage-018-2,相鉄フレッサイン 神田大手町,東京都,大手町,神田・大手町,stage-018,18,よみうり大手町ホール,2,stage,https://www.jalan.net/yad359984/,相鉄フレッサイン神田大手町,verified,1.0,True,True,hotel name matches Jalan page; location context consistent,https://search.yahoo.co.jp/search?p=%22%E7%9B%B8%E9%89%84%E3%83%95%E3%83%AC%E3%83%83%E3%82%B5%E3%82%A4%E3%83%B3%20%E7%A5%9E%E7%94%B0%E5%A4%A7%E6%89%8B%E7%94%BA%22%20%E3%81%98%E3%82%83%E3%82%89%E3%82%93,https://www.jalan.net/yad359984/,2026-08-08T16:28:05+09:00,
54,stage-018-3,グランドセントラルホテル,東京都,大手町,神田,stage-018,18,よみうり大手町ホール,3,stage,https://www.jalan.net/yad323236/,グランドセントラルホテル,verified,1.0,True,True,hotel name matches Jalan page; location context consistent,https://search.yahoo.co.jp/search?p=%22%E3%82%B0%E3%83%A9%E3%83%B3%E3%83%89%E3%82%BB%E3%83%B3%E3%83%88%E3%83%A9%E3%83%AB%E3%83%9B%E3%83%86%E3%83%AB%22%20%E3%81%98%E3%82%83%E3%82%89%E3%82%93,https://www.jalan.net/yad323236/,2026-08-08T16:28:08+09:00,
55,stage-019-1,レム日比谷,東京都,有楽町,有楽町・日比谷,stage-019,19,有楽町よみうりホール,1,stage,https://www.jalan.net/yad334400/,レム日比谷,verified,1.0,True,True,hotel name matches Jalan page; location context consistent,https://search.yahoo.co.jp/search?p=%22%E3%83%AC%E3%83%A0%E6%97%A5%E6%AF%94%E8%B0%B7%22%20%E3%81%98%E3%82%83%E3%82%89%E3%82%93,https://www.jalan.net/yad334400/,2026-08-08T16:27:55+09:00,
56,stage-019-2,銀座ベルビューホテル,東京都,有楽町,有楽町・銀座,stage-019,19,有楽町よみうりホール,2,stage,https://www.jalan.net/yad303626/,銀座ベルビューホテル,verified,1.0,True,True,hotel name matches Jalan page; location context consistent,https://search.yahoo.co.jp/search?p=%22%E9%8A%80%E5%BA%A7%E3%83%99%E3%83%AB%E3%83%93%E3%83%A5%E3%83%BC%E3%83%9B%E3%83%86%E3%83%AB%22%20%E3%81%98%E3%82%83%E3%82%89%E3%82%93,https://www.jalan.net/yad303626/,2026-08-08T16:27:59+09:00,
57,stage-019-3,ダイワロイネットホテル新橋,東京都,有楽町,新橋,stage-019,19,有楽町よみうりホール,3,stage,https://www.jalan.net/yad344290/,ダイワロイネットホテル新橋,verified,1.0,True,True,hotel name matches Jalan page; location context consistent,https://search.yahoo.co.jp/search?p=%22%E3%83%80%E3%82%A4%E3%83%AF%E3%83%AD%E3%82%A4%E3%83%8D%E3%83%83%E3%83%88%E3%83%9B%E3%83%86%E3%83%AB%E6%96%B0%E6%A9%8B%22%20%E3%81%98%E3%82%83%E3%82%89%E3%82%93,https://www.jalan.net/yad344290/,2026-08-08T16:27:31+09:00,
58,stage-020-1,レム日比谷,東京都,有楽町・銀座,有楽町・日比谷,stage-020,20,有楽町朝日ホール,1,stage,https://www.jalan.net/yad334400/,レム日比谷,verified,1.0,True,True,hotel name matches Jalan page; location context consistent,https://search.yahoo.co.jp/search?p=%22%E3%83%AC%E3%83%A0%E6%97%A5%E6%AF%94%E8%B0%B7%22%20%E3%81%98%E3%82%83%E3%82%89%E3%82%93,https://www.jalan.net/yad334400/,2026-08-08T16:27:55+09:00,
59,stage-020-2,銀座ベルビューホテル,東京都,有楽町・銀座,有楽町・銀座,stage-020,20,有楽町朝日ホール,2,stage,https://www.jalan.net/yad303626/,銀座ベルビューホテル,verified,1.0,True,True,hotel name matches Jalan page; location context consistent,https://search.yahoo.co.jp/search?p=%22%E9%8A%80%E5%BA%A7%E3%83%99%E3%83%AB%E3%83%93%E3%83%A5%E3%83%BC%E3%83%9B%E3%83%86%E3%83%AB%22%20%E3%81%98%E3%82%83%E3%82%89%E3%82%93,https://www.jalan.net/yad303626/,2026-08-08T16:27:59+09:00,
60,stage-020-3,ダイワロイネットホテル新橋,東京都,有楽町・銀座,新橋,stage-020,20,有楽町朝日ホール,3,stage,https://www.jalan.net/yad344290/,ダイワロイネットホテル新橋,verified,1.0,True,True,hotel name matches Jalan page; location context consistent,https://search.yahoo.co.jp/search?p=%22%E3%83%80%E3%82%A4%E3%83%AF%E3%83%AD%E3%82%A4%E3%83%8D%E3%83%83%E3%83%88%E3%83%9B%E3%83%86%E3%83%AB%E6%96%B0%E6%A9%8B%22%20%E3%81%98%E3%82%83%E3%82%89%E3%82%93,https://www.jalan.net/yad344290/,2026-08-08T16:27:31+09:00,
61,stage-021-1,レム日比谷,東京都,有楽町,有楽町・日比谷,stage-021,21,I’M A SHOW,1,stage,https://www.jalan.net/yad334400/,レム日比谷,verified,1.0,True,True,hotel name matches Jalan page; location context consistent,https://search.yahoo.co.jp/search?p=%22%E3%83%AC%E3%83%A0%E6%97%A5%E6%AF%94%E8%B0%B7%22%20%E3%81%98%E3%82%83%E3%82%89%E3%82%93,https://www.jalan.net/yad334400/,2026-08-08T16:27:55+09:00,
62,stage-021-2,銀座ベルビューホテル,東京都,有楽町,有楽町・銀座,stage-021,21,I’M A SHOW,2,stage,https://www.jalan.net/yad303626/,銀座ベルビューホテル,verified,1.0,True,True,hotel name matches Jalan page; location context consistent,https://search.yahoo.co.jp/search?p=%22%E9%8A%80%E5%BA%A7%E3%83%99%E3%83%AB%E3%83%93%E3%83%A5%E3%83%BC%E3%83%9B%E3%83%86%E3%83%AB%22%20%E3%81%98%E3%82%83%E3%82%89%E3%82%93,https://www.jalan.net/yad303626/,2026-08-08T16:27:59+09:00,
63,stage-021-3,ダイワロイネットホテル新橋,東京都,有楽町,新橋,stage-021,21,I’M A SHOW,3,stage,https://www.jalan.net/yad344290/,ダイワロイネットホテル新橋,verified,1.0,True,True,hotel name matches Jalan page; location context consistent,https://search.yahoo.co.jp/search?p=%22%E3%83%80%E3%82%A4%E3%83%AF%E3%83%AD%E3%82%A4%E3%83%8D%E3%83%83%E3%83%88%E3%83%9B%E3%83%86%E3%83%AB%E6%96%B0%E6%A9%8B%22%20%E3%81%98%E3%82%83%E3%82%89%E3%82%93,https://www.jalan.net/yad344290/,2026-08-08T16:27:31+09:00,
64,stage-022-1,相鉄フレッサイン 銀座三丁目,東京都,有楽町・東京,銀座・東銀座,stage-022,22,東京国際フォーラム ホールC,1,stage,https://www.jalan.net/yad398781/,相鉄フレッサイン銀座三丁目,verified,1.0,True,True,hotel name matches Jalan page; location context consistent,https://search.yahoo.co.jp/search?p=%22%E7%9B%B8%E9%89%84%E3%83%95%E3%83%AC%E3%83%83%E3%82%B5%E3%82%A4%E3%83%B3%20%E9%8A%80%E5%BA%A7%E4%B8%89%E4%B8%81%E7%9B%AE%22%20%E3%81%98%E3%82%83%E3%82%89%E3%82%93,https://www.jalan.net/yad398781/,2026-08-08T16:28:12+09:00,
65,stage-022-2,ホテルモントレ銀座,東京都,有楽町・東京,銀座一丁目,stage-022,22,東京国際フォーラム ホールC,2,stage,https://www.jalan.net/yad347902/,ホテルモントレ銀座,verified,1.0,True,True,hotel name matches Jalan page; location context consistent,https://search.yahoo.co.jp/search?p=%22%E3%83%9B%E3%83%86%E3%83%AB%E3%83%A2%E3%83%B3%E3%83%88%E3%83%AC%E9%8A%80%E5%BA%A7%22%20%E3%81%98%E3%82%83%E3%82%89%E3%82%93,https://www.jalan.net/yad347902/,2026-08-08T16:28:15+09:00,
66,stage-022-3,ダイワロイネットホテル東京京橋 PREMIER,東京都,有楽町・東京,京橋・東京,stage-022,22,東京国際フォーラム ホールC,3,stage,https://www.jalan.net/yad370598/,ダイワロイネットホテル東京京橋 PREMIER,verified,1.0,True,True,hotel name matches Jalan page; location context consistent,https://search.yahoo.co.jp/search?p=%22%E3%83%80%E3%82%A4%E3%83%AF%E3%83%AD%E3%82%A4%E3%83%8D%E3%83%83%E3%83%88%E3%83%9B%E3%83%86%E3%83%AB%E6%9D%B1%E4%BA%AC%E4%BA%AC%E6%A9%8B%20PREMIER%22%20%E3%81%98%E3%82%83%E3%82%89%E3%82%93,https://www.jalan.net/yad370598/,2026-08-08T16:28:18+09:00,
67,stage-023-1,the b 三軒茶屋,東京都,三軒茶屋,三軒茶屋,stage-023,23,昭和女子大学 人見記念講堂,1,stage,https://www.jalan.net/yad323781/,the b 三軒茶屋（ザビーさんげんぢゃや）,verified,0.97,True,True,hotel name matches Jalan page; location context consistent,https://search.yahoo.co.jp/search?p=%22the%20b%20%E4%B8%89%E8%BB%92%E8%8C%B6%E5%B1%8B%22%20%E3%81%98%E3%82%83%E3%82%89%E3%82%93,https://www.jalan.net/yad323781/,2026-08-08T16:28:22+09:00,
68,stage-023-2,東急ステイ用賀,東京都,三軒茶屋,用賀,stage-023,23,昭和女子大学 人見記念講堂,2,stage,https://www.jalan.net/yad376499/,東急ステイ用賀,verified,1.0,True,True,hotel name matches Jalan page; location context consistent,https://search.yahoo.co.jp/search?p=%22%E6%9D%B1%E6%80%A5%E3%82%B9%E3%83%86%E3%82%A4%E7%94%A8%E8%B3%80%22%20%E3%81%98%E3%82%83%E3%82%89%E3%82%93,https://www.jalan.net/yad376499/,2026-08-08T16:28:25+09:00,
69,stage-023-3,東急ステイ渋谷,東京都,三軒茶屋,神泉・渋谷,stage-023,23,昭和女子大学 人見記念講堂,3,stage,,東急ステイ渋谷（道玄坂上）,needs_review,0.97,True,True,multiple Jalan candidates have similar scores,https://search.yahoo.co.jp/search?p=%22%E6%9D%B1%E6%80%A5%E3%82%B9%E3%83%86%E3%82%A4%E6%B8%8B%E8%B0%B7%22%20%E3%81%98%E3%82%83%E3%82%89%E3%82%93,https://www.jalan.net/yad329696/,2026-08-08T16:28:29+09:00,
70,stage-024-1,The OneFive Tokyo Shibuya,東京都,渋谷,渋谷・原宿,stage-024,24,PARCO劇場,1,stage,,ザ・ワンファイブ東京渋谷,needs_review,0.0,True,True,candidate exists but name/location match is not strong enough,https://search.yahoo.co.jp/search?p=%22The%20OneFive%20Tokyo%20Shibuya%22%20%E3%81%98%E3%82%83%E3%82%89%E3%82%93,https://www.jalan.net/yad375986/,2026-08-08T16:28:32+09:00,
71,stage-024-2,渋谷東武ホテル,東京都,渋谷,渋谷,stage-024,24,PARCO劇場,2,stage,https://www.jalan.net/yad316476/,渋谷東武ホテル,verified,1.0,True,True,hotel name matches Jalan page; location context consistent,https://search.yahoo.co.jp/search?p=%22%E6%B8%8B%E8%B0%B7%E6%9D%B1%E6%AD%A6%E3%83%9B%E3%83%86%E3%83%AB%22%20%E3%81%98%E3%82%83%E3%82%89%E3%82%93,https://www.jalan.net/yad316476/,2026-08-08T16:28:35+09:00,
72,stage-024-3,渋谷クレストンホテル,東京都,渋谷,渋谷・神泉,stage-024,24,PARCO劇場,3,stage,https://www.jalan.net/yad312949/,渋谷クレストンホテル（HMIホテルグループ）,verified,0.97,True,True,hotel name matches Jalan page; location context consistent,https://search.yahoo.co.jp/search?p=%22%E6%B8%8B%E8%B0%B7%E3%82%AF%E3%83%AC%E3%82%B9%E3%83%88%E3%83%B3%E3%83%9B%E3%83%86%E3%83%AB%22%20%E3%81%98%E3%82%83%E3%82%89%E3%82%93,https://www.jalan.net/yad312949/,2026-08-08T16:28:38+09:00,
73,stage-025-1,The OneFive Tokyo Shibuya,東京都,渋谷,渋谷・原宿,stage-025,25,東急シアターオーブ,1,stage,,ザ・ワンファイブ東京渋谷,needs_review,0.0,True,True,candidate exists but name/location match is not strong enough,https://search.yahoo.co.jp/search?p=%22The%20OneFive%20Tokyo%20Shibuya%22%20%E3%81%98%E3%82%83%E3%82%89%E3%82%93,https://www.jalan.net/yad375986/,2026-08-08T16:28:32+09:00,
74,stage-025-2,渋谷東武ホテル,東京都,渋谷,渋谷,stage-025,25,東急シアターオーブ,2,stage,https://www.jalan.net/yad316476/,渋谷東武ホテル,verified,1.0,True,True,hotel name matches Jalan page; location context consistent,https://search.yahoo.co.jp/search?p=%22%E6%B8%8B%E8%B0%B7%E6%9D%B1%E6%AD%A6%E3%83%9B%E3%83%86%E3%83%AB%22%20%E3%81%98%E3%82%83%E3%82%89%E3%82%93,https://www.jalan.net/yad316476/,2026-08-08T16:28:35+09:00,
75,stage-025-3,渋谷クレストンホテル,東京都,渋谷,渋谷・神泉,stage-025,25,東急シアターオーブ,3,stage,https://www.jalan.net/yad312949/,渋谷クレストンホテル（HMIホテルグループ）,verified,0.97,True,True,hotel name matches Jalan page; location context consistent,https://search.yahoo.co.jp/search?p=%22%E6%B8%8B%E8%B0%B7%E3%82%AF%E3%83%AC%E3%82%B9%E3%83%88%E3%83%B3%E3%83%9B%E3%83%86%E3%83%AB%22%20%E3%81%98%E3%82%83%E3%82%89%E3%82%93,https://www.jalan.net/yad312949/,2026-08-08T16:28:38+09:00,
76,stage-026-1,ART HOTELS SHIBUYA,東京都,初台,初台・幡ヶ谷,stage-026,26,新国立劇場 中劇場,1,stage,,,not_found,,,,no verified Jalan facility page found,https://search.yahoo.co.jp/search?p=%22ART%20HOTELS%20SHIBUYA%22%20%E3%81%98%E3%82%83%E3%82%89%E3%82%93,,2026-08-08T16:28:44+09:00,
77,stage-026-2,THE KNOT TOKYO Shinjuku,東京都,初台,都庁前・西新宿五丁目,stage-026,26,新国立劇場 中劇場,2,stage,https://www.jalan.net/yad327330/,ザ ノット 東京新宿(THE KNOT TOKYO Shinjuku),verified,0.97,True,True,hotel name matches Jalan page; location context consistent,https://search.yahoo.co.jp/search?p=%22THE%20KNOT%20TOKYO%20Shinjuku%22%20%E3%81%98%E3%82%83%E3%82%89%E3%82%93,https://www.jalan.net/yad327330/,2026-08-08T16:29:01+09:00,
78,stage-026-3,アパホテル&リゾート〈西新宿五丁目駅タワー〉,東京都,初台,西新宿五丁目,stage-026,26,新国立劇場 中劇場,3,stage,https://www.jalan.net/yad301471/,アパホテル＆リゾート〈西新宿五丁目駅前タワー〉,verified,0.9744,True,True,hotel name matches Jalan page; location context consistent,https://search.yahoo.co.jp/search?p=%22%E3%82%A2%E3%83%91%E3%83%9B%E3%83%86%E3%83%AB%26%E3%83%AA%E3%82%BE%E3%83%BC%E3%83%88%E3%80%88%E8%A5%BF%E6%96%B0%E5%AE%BF%E4%BA%94%E4%B8%81%E7%9B%AE%E9%A7%85%E3%82%BF%E3%83%AF%E3%83%BC%E3%80%89%22%20%E3%81%98%E3%82%83%E3%82%89%E3%82%93,https://www.jalan.net/yad301471/,2026-08-08T16:29:04+09:00,
79,stage-027-1,ART HOTELS SHIBUYA,東京都,初台,初台・幡ヶ谷,stage-027,27,新国立劇場 小劇場,1,stage,,,not_found,,,,no verified Jalan facility page found,https://search.yahoo.co.jp/search?p=%22ART%20HOTELS%20SHIBUYA%22%20%E3%81%98%E3%82%83%E3%82%89%E3%82%93,,2026-08-08T16:29:10+09:00,
80,stage-027-2,THE KNOT TOKYO Shinjuku,東京都,初台,都庁前・西新宿五丁目,stage-027,27,新国立劇場 小劇場,2,stage,https://www.jalan.net/yad327330/,ザ ノット 東京新宿(THE KNOT TOKYO Shinjuku),verified,0.97,True,True,hotel name matches Jalan page; location context consistent,https://search.yahoo.co.jp/search?p=%22THE%20KNOT%20TOKYO%20Shinjuku%22%20%E3%81%98%E3%82%83%E3%82%89%E3%82%93,https://www.jalan.net/yad327330/,2026-08-08T16:29:01+09:00,
81,stage-027-3,アパホテル&リゾート〈西新宿五丁目駅タワー〉,東京都,初台,西新宿五丁目,stage-027,27,新国立劇場 小劇場,3,stage,https://www.jalan.net/yad301471/,アパホテル＆リゾート〈西新宿五丁目駅前タワー〉,verified,0.9744,True,True,hotel name matches Jalan page; location context consistent,https://search.yahoo.co.jp/search?p=%22%E3%82%A2%E3%83%91%E3%83%9B%E3%83%86%E3%83%AB%26%E3%83%AA%E3%82%BE%E3%83%BC%E3%83%88%E3%80%88%E8%A5%BF%E6%96%B0%E5%AE%BF%E4%BA%94%E4%B8%81%E7%9B%AE%E9%A7%85%E3%82%BF%E3%83%AF%E3%83%BC%E3%80%89%22%20%E3%81%98%E3%82%83%E3%82%89%E3%82%93,https://www.jalan.net/yad301471/,2026-08-08T16:29:04+09:00,
82,stage-028-1,ホテルサンシティ池袋,東京都,池袋西口,池袋西口,stage-028,28,東京芸術劇場 プレイハウス,1,stage,https://www.jalan.net/yad363660/,ホテルサンシティ池袋,verified,1.0,True,False,hotel name matches Jalan page; location context consistent,https://search.yahoo.co.jp/search?p=%22%E3%83%9B%E3%83%86%E3%83%AB%E3%82%B5%E3%83%B3%E3%82%B7%E3%83%86%E3%82%A3%E6%B1%A0%E8%A2%8B%22%20%E3%81%98%E3%82%83%E3%82%89%E3%82%93,https://www.jalan.net/yad363660/,2026-08-08T16:29:13+09:00,
83,stage-028-2,ホテルアーバン,東京都,池袋西口,池袋西口,stage-028,28,東京芸術劇場 プレイハウス,2,stage,https://www.jalan.net/yad329080/,ホテルアーバン,verified,1.0,True,True,hotel name matches Jalan page; location context consistent,https://search.yahoo.co.jp/search?p=%22%E3%83%9B%E3%83%86%E3%83%AB%E3%82%A2%E3%83%BC%E3%83%90%E3%83%B3%22%20%E3%81%98%E3%82%83%E3%82%89%E3%82%93,https://www.jalan.net/yad329080/,2026-08-08T16:29:16+09:00,
84,stage-028-3,スーパーホテルPremier池袋天然温泉,東京都,池袋西口,池袋西口・北口,stage-028,28,東京芸術劇場 プレイハウス,3,stage,https://www.jalan.net/yad316663/,スーパーホテルPremier池袋天然温泉 奥湯河原美肌の湯,verified,0.97,True,True,hotel name matches Jalan page; location context consistent,https://search.yahoo.co.jp/search?p=%22%E3%82%B9%E3%83%BC%E3%83%91%E3%83%BC%E3%83%9B%E3%83%86%E3%83%ABPremier%E6%B1%A0%E8%A2%8B%E5%A4%A9%E7%84%B6%E6%B8%A9%E6%B3%89%22%20%E3%81%98%E3%82%83%E3%82%89%E3%82%93,https://www.jalan.net/yad316663/,2026-08-08T16:29:20+09:00,
85,stage-029-1,ホテルサンシティ池袋,東京都,池袋西口,池袋西口,stage-029,29,東京芸術劇場 シアターイースト,1,stage,https://www.jalan.net/yad363660/,ホテルサンシティ池袋,verified,1.0,True,False,hotel name matches Jalan page; location context consistent,https://search.yahoo.co.jp/search?p=%22%E3%83%9B%E3%83%86%E3%83%AB%E3%82%B5%E3%83%B3%E3%82%B7%E3%83%86%E3%82%A3%E6%B1%A0%E8%A2%8B%22%20%E3%81%98%E3%82%83%E3%82%89%E3%82%93,https://www.jalan.net/yad363660/,2026-08-08T16:29:13+09:00,
86,stage-029-2,ホテルアーバン,東京都,池袋西口,池袋西口,stage-029,29,東京芸術劇場 シアターイースト,2,stage,https://www.jalan.net/yad329080/,ホテルアーバン,verified,1.0,True,True,hotel name matches Jalan page; location context consistent,https://search.yahoo.co.jp/search?p=%22%E3%83%9B%E3%83%86%E3%83%AB%E3%82%A2%E3%83%BC%E3%83%90%E3%83%B3%22%20%E3%81%98%E3%82%83%E3%82%89%E3%82%93,https://www.jalan.net/yad329080/,2026-08-08T16:29:16+09:00,
87,stage-029-3,スーパーホテルPremier池袋天然温泉,東京都,池袋西口,池袋西口・北口,stage-029,29,東京芸術劇場 シアターイースト,3,stage,https://www.jalan.net/yad316663/,スーパーホテルPremier池袋天然温泉 奥湯河原美肌の湯,verified,0.97,True,True,hotel name matches Jalan page; location context consistent,https://search.yahoo.co.jp/search?p=%22%E3%82%B9%E3%83%BC%E3%83%91%E3%83%BC%E3%83%9B%E3%83%86%E3%83%ABPremier%E6%B1%A0%E8%A2%8B%E5%A4%A9%E7%84%B6%E6%B8%A9%E6%B3%89%22%20%E3%81%98%E3%82%83%E3%82%89%E3%82%93,https://www.jalan.net/yad316663/,2026-08-08T16:29:20+09:00,
88,stage-030-1,ホテルサンシティ池袋,東京都,池袋西口,池袋西口,stage-030,30,東京芸術劇場 シアターウエスト,1,stage,https://www.jalan.net/yad363660/,ホテルサンシティ池袋,verified,1.0,True,False,hotel name matches Jalan page; location context consistent,https://search.yahoo.co.jp/search?p=%22%E3%83%9B%E3%83%86%E3%83%AB%E3%82%B5%E3%83%B3%E3%82%B7%E3%83%86%E3%82%A3%E6%B1%A0%E8%A2%8B%22%20%E3%81%98%E3%82%83%E3%82%89%E3%82%93,https://www.jalan.net/yad363660/,2026-08-08T16:29:13+09:00,
89,stage-030-2,ホテルアーバン,東京都,池袋西口,池袋西口,stage-030,30,東京芸術劇場 シアターウエスト,2,stage,https://www.jalan.net/yad329080/,ホテルアーバン,verified,1.0,True,True,hotel name matches Jalan page; location context consistent,https://search.yahoo.co.jp/search?p=%22%E3%83%9B%E3%83%86%E3%83%AB%E3%82%A2%E3%83%BC%E3%83%90%E3%83%B3%22%20%E3%81%98%E3%82%83%E3%82%89%E3%82%93,https://www.jalan.net/yad329080/,2026-08-08T16:29:16+09:00,
90,stage-030-3,スーパーホテルPremier池袋天然温泉,東京都,池袋西口,池袋西口・北口,stage-030,30,東京芸術劇場 シアターウエスト,3,stage,https://www.jalan.net/yad316663/,スーパーホテルPremier池袋天然温泉 奥湯河原美肌の湯,verified,0.97,True,True,hotel name matches Jalan page; location context consistent,https://search.yahoo.co.jp/search?p=%22%E3%82%B9%E3%83%BC%E3%83%91%E3%83%BC%E3%83%9B%E3%83%86%E3%83%ABPremier%E6%B1%A0%E8%A2%8B%E5%A4%A9%E7%84%B6%E6%B8%A9%E6%B3%89%22%20%E3%81%98%E3%82%83%E3%82%89%E3%82%93,https://www.jalan.net/yad316663/,2026-08-08T16:29:20+09:00,
91,stage-031-1,the b 三軒茶屋,東京都,三軒茶屋,三軒茶屋,stage-031,31,世田谷パブリックシアター,1,stage,https://www.jalan.net/yad323781/,the b 三軒茶屋（ザビーさんげんぢゃや）,verified,0.97,True,True,hotel name matches Jalan page; location context consistent,https://search.yahoo.co.jp/search?p=%22the%20b%20%E4%B8%89%E8%BB%92%E8%8C%B6%E5%B1%8B%22%20%E3%81%98%E3%82%83%E3%82%89%E3%82%93,https://www.jalan.net/yad323781/,2026-08-08T16:29:23+09:00,
92,stage-031-2,東急ステイ用賀,東京都,三軒茶屋,用賀,stage-031,31,世田谷パブリックシアター,2,stage,https://www.jalan.net/yad376499/,東急ステイ用賀,verified,1.0,True,True,hotel name matches Jalan page; location context consistent,https://search.yahoo.co.jp/search?p=%22%E6%9D%B1%E6%80%A5%E3%82%B9%E3%83%86%E3%82%A4%E7%94%A8%E8%B3%80%22%20%E3%81%98%E3%82%83%E3%82%89%E3%82%93,https://www.jalan.net/yad376499/,2026-08-08T16:29:26+09:00,
93,stage-031-3,東急ステイ渋谷,東京都,三軒茶屋,神泉・渋谷,stage-031,31,世田谷パブリックシアター,3,stage,,東急ステイ渋谷（道玄坂上）,needs_review,0.97,True,True,multiple Jalan candidates have similar scores,https://search.yahoo.co.jp/search?p=%22%E6%9D%B1%E6%80%A5%E3%82%B9%E3%83%86%E3%82%A4%E6%B8%8B%E8%B0%B7%22%20%E3%81%98%E3%82%83%E3%82%89%E3%82%93,https://www.jalan.net/yad329696/,2026-08-08T16:29:31+09:00,
94,stage-032-1,the b 三軒茶屋,東京都,三軒茶屋,三軒茶屋,stage-032,32,シアタートラム,1,stage,https://www.jalan.net/yad323781/,the b 三軒茶屋（ザビーさんげんぢゃや）,verified,0.97,True,True,hotel name matches Jalan page; location context consistent,https://search.yahoo.co.jp/search?p=%22the%20b%20%E4%B8%89%E8%BB%92%E8%8C%B6%E5%B1%8B%22%20%E3%81%98%E3%82%83%E3%82%89%E3%82%93,https://www.jalan.net/yad323781/,2026-08-08T16:29:23+09:00,
95,stage-032-2,東急ステイ用賀,東京都,三軒茶屋,用賀,stage-032,32,シアタートラム,2,stage,https://www.jalan.net/yad376499/,東急ステイ用賀,verified,1.0,True,True,hotel name matches Jalan page; location context consistent,https://search.yahoo.co.jp/search?p=%22%E6%9D%B1%E6%80%A5%E3%82%B9%E3%83%86%E3%82%A4%E7%94%A8%E8%B3%80%22%20%E3%81%98%E3%82%83%E3%82%89%E3%82%93,https://www.jalan.net/yad376499/,2026-08-08T16:29:26+09:00,
96,stage-032-3,東急ステイ渋谷,東京都,三軒茶屋,神泉・渋谷,stage-032,32,シアタートラム,3,stage,,東急ステイ渋谷（道玄坂上）,needs_review,0.97,True,True,multiple Jalan candidates have similar scores,https://search.yahoo.co.jp/search?p=%22%E6%9D%B1%E6%80%A5%E3%82%B9%E3%83%86%E3%82%A4%E6%B8%8B%E8%B0%B7%22%20%E3%81%98%E3%82%83%E3%82%89%E3%82%93,https://www.jalan.net/yad329696/,2026-08-08T16:29:31+09:00,
97,stage-033-1,ホテルサンライト新宿,東京都,新宿三丁目,新宿三丁目,stage-033,33,紀伊國屋ホール,1,stage,https://www.jalan.net/yad343909/,ホテルサンライト新宿,verified,1.0,True,True,hotel name matches Jalan page; location context consistent,https://search.yahoo.co.jp/search?p=%22%E3%83%9B%E3%83%86%E3%83%AB%E3%82%B5%E3%83%B3%E3%83%A9%E3%82%A4%E3%83%88%E6%96%B0%E5%AE%BF%22%20%E3%81%98%E3%82%83%E3%82%89%E3%82%93,https://www.jalan.net/yad343909/,2026-08-08T16:29:33+09:00,
98,stage-033-2,新宿アーバンホテル,東京都,新宿三丁目,新宿三丁目・東新宿,stage-033,33,紀伊國屋ホール,2,stage,https://www.jalan.net/yad321016/,新宿アーバンホテル,verified,1.0,True,True,hotel name matches Jalan page; location context consistent,https://search.yahoo.co.jp/search?p=%22%E6%96%B0%E5%AE%BF%E3%82%A2%E3%83%BC%E3%83%90%E3%83%B3%E3%83%9B%E3%83%86%E3%83%AB%22%20%E3%81%98%E3%82%83%E3%82%89%E3%82%93,https://www.jalan.net/yad321016/,2026-08-08T16:29:36+09:00,
99,stage-033-3,ホテルアマネク新宿歌舞伎町,東京都,新宿三丁目,新宿・西武新宿,stage-033,33,紀伊國屋ホール,3,stage,https://www.jalan.net/yad357994/,ホテルアマネク新宿歌舞伎町,verified,1.0,True,True,hotel name matches Jalan page; location context consistent,https://search.yahoo.co.jp/search?p=%22%E3%83%9B%E3%83%86%E3%83%AB%E3%82%A2%E3%83%9E%E3%83%8D%E3%82%AF%E6%96%B0%E5%AE%BF%E6%AD%8C%E8%88%9E%E4%BC%8E%E7%94%BA%22%20%E3%81%98%E3%82%83%E3%82%89%E3%82%93,https://www.jalan.net/yad357994/,2026-08-08T16:29:39+09:00,
100,stage-034-1,ホテルサンルートプラザ新宿,東京都,新宿南口,新宿南口,stage-034,34,紀伊國屋サザンシアター TAKASHIMAYA,1,stage,https://www.jalan.net/yad351204/,ホテルサンルートプラザ新宿,verified,1.0,True,False,hotel name matches Jalan page; location context consistent,https://search.yahoo.co.jp/search?p=%22%E3%83%9B%E3%83%86%E3%83%AB%E3%82%B5%E3%83%B3%E3%83%AB%E3%83%BC%E3%83%88%E3%83%97%E3%83%A9%E3%82%B6%E6%96%B0%E5%AE%BF%22%20%E3%81%98%E3%82%83%E3%82%89%E3%82%93,https://www.jalan.net/yad351204/,2026-08-08T16:29:42+09:00,
101,stage-034-2,JR九州ホテル ブラッサム新宿,東京都,新宿南口,新宿南口,stage-034,34,紀伊國屋サザンシアター TAKASHIMAYA,2,stage,https://www.jalan.net/yad391743/,ＪＲ九州ホテルブラッサム新宿,verified,1.0,True,False,hotel name matches Jalan page; location context consistent,https://search.yahoo.co.jp/search?p=%22JR%E4%B9%9D%E5%B7%9E%E3%83%9B%E3%83%86%E3%83%AB%20%E3%83%96%E3%83%A9%E3%83%83%E3%82%B5%E3%83%A0%E6%96%B0%E5%AE%BF%22%20%E3%81%98%E3%82%83%E3%82%89%E3%82%93,https://www.jalan.net/yad391743/,2026-08-08T16:29:45+09:00,
102,stage-034-3,京王プレッソイン新宿,東京都,新宿南口,新宿・都庁前,stage-034,34,紀伊國屋サザンシアター TAKASHIMAYA,3,stage,https://www.jalan.net/yad399872/,京王プレッソイン新宿,verified,1.0,True,True,hotel name matches Jalan page; location context consistent,https://search.yahoo.co.jp/search?p=%22%E4%BA%AC%E7%8E%8B%E3%83%97%E3%83%AC%E3%83%83%E3%82%BD%E3%82%A4%E3%83%B3%E6%96%B0%E5%AE%BF%22%20%E3%81%98%E3%82%83%E3%82%89%E3%82%93,https://www.jalan.net/yad399872/,2026-08-08T16:29:48+09:00,
103,stage-035-1,ホテルサンルートプラザ新宿,東京都,新宿南口,新宿南口,stage-035,35,こくみん共済 coop ホール/スペース・ゼロ,1,stage,https://www.jalan.net/yad351204/,ホテルサンルートプラザ新宿,verified,1.0,True,False,hotel name matches Jalan page; location context consistent,https://search.yahoo.co.jp/search?p=%22%E3%83%9B%E3%83%86%E3%83%AB%E3%82%B5%E3%83%B3%E3%83%AB%E3%83%BC%E3%83%88%E3%83%97%E3%83%A9%E3%82%B6%E6%96%B0%E5%AE%BF%22%20%E3%81%98%E3%82%83%E3%82%89%E3%82%93,https://www.jalan.net/yad351204/,2026-08-08T16:29:42+09:00,
104,stage-035-2,JR九州ホテル ブラッサム新宿,東京都,新宿南口,新宿南口,stage-035,35,こくみん共済 coop ホール/スペース・ゼロ,2,stage,https://www.jalan.net/yad391743/,ＪＲ九州ホテルブラッサム新宿,verified,1.0,True,False,hotel name matches Jalan page; location context consistent,https://search.yahoo.co.jp/search?p=%22JR%E4%B9%9D%E5%B7%9E%E3%83%9B%E3%83%86%E3%83%AB%20%E3%83%96%E3%83%A9%E3%83%83%E3%82%B5%E3%83%A0%E6%96%B0%E5%AE%BF%22%20%E3%81%98%E3%82%83%E3%82%89%E3%82%93,https://www.jalan.net/yad391743/,2026-08-08T16:29:45+09:00,
105,stage-035-3,京王プレッソイン新宿,東京都,新宿南口,新宿・都庁前,stage-035,35,こくみん共済 coop ホール/スペース・ゼロ,3,stage,https://www.jalan.net/yad399872/,京王プレッソイン新宿,verified,1.0,True,True,hotel name matches Jalan page; location context consistent,https://search.yahoo.co.jp/search?p=%22%E4%BA%AC%E7%8E%8B%E3%83%97%E3%83%AC%E3%83%83%E3%82%BD%E3%82%A4%E3%83%B3%E6%96%B0%E5%AE%BF%22%20%E3%81%98%E3%82%83%E3%82%89%E3%82%93,https://www.jalan.net/yad399872/,2026-08-08T16:29:48+09:00,
106,stage-036-1,ホテルサンライト新宿,東京都,新宿御苑前,新宿三丁目,stage-036,36,シアターサンモール,1,stage,https://www.jalan.net/yad343909/,ホテルサンライト新宿,verified,1.0,True,True,hotel name matches Jalan page; location context consistent,https://search.yahoo.co.jp/search?p=%22%E3%83%9B%E3%83%86%E3%83%AB%E3%82%B5%E3%83%B3%E3%83%A9%E3%82%A4%E3%83%88%E6%96%B0%E5%AE%BF%22%20%E3%81%98%E3%82%83%E3%82%89%E3%82%93,https://www.jalan.net/yad343909/,2026-08-08T16:29:33+09:00,
107,stage-036-2,新宿アーバンホテル,東京都,新宿御苑前,新宿三丁目・東新宿,stage-036,36,シアターサンモール,2,stage,https://www.jalan.net/yad321016/,新宿アーバンホテル,verified,1.0,True,True,hotel name matches Jalan page; location context consistent,https://search.yahoo.co.jp/search?p=%22%E6%96%B0%E5%AE%BF%E3%82%A2%E3%83%BC%E3%83%90%E3%83%B3%E3%83%9B%E3%83%86%E3%83%AB%22%20%E3%81%98%E3%82%83%E3%82%89%E3%82%93,https://www.jalan.net/yad321016/,2026-08-08T16:29:36+09:00,
108,stage-036-3,ホテルアマネク新宿歌舞伎町,東京都,新宿御苑前,新宿・西武新宿,stage-036,36,シアターサンモール,3,stage,https://www.jalan.net/yad357994/,ホテルアマネク新宿歌舞伎町,verified,1.0,True,True,hotel name matches Jalan page; location context consistent,https://search.yahoo.co.jp/search?p=%22%E3%83%9B%E3%83%86%E3%83%AB%E3%82%A2%E3%83%9E%E3%83%8D%E3%82%AF%E6%96%B0%E5%AE%BF%E6%AD%8C%E8%88%9E%E4%BC%8E%E7%94%BA%22%20%E3%81%98%E3%82%83%E3%82%89%E3%82%93,https://www.jalan.net/yad357994/,2026-08-08T16:29:39+09:00,
109,stage-037-1,ホテルサンライト新宿,東京都,新宿三丁目,新宿三丁目,stage-037,37,新宿シアタートップス,1,stage,https://www.jalan.net/yad343909/,ホテルサンライト新宿,verified,1.0,True,True,hotel name matches Jalan page; location context consistent,https://search.yahoo.co.jp/search?p=%22%E3%83%9B%E3%83%86%E3%83%AB%E3%82%B5%E3%83%B3%E3%83%A9%E3%82%A4%E3%83%88%E6%96%B0%E5%AE%BF%22%20%E3%81%98%E3%82%83%E3%82%89%E3%82%93,https://www.jalan.net/yad343909/,2026-08-08T16:29:33+09:00,
110,stage-037-2,新宿アーバンホテル,東京都,新宿三丁目,新宿三丁目・東新宿,stage-037,37,新宿シアタートップス,2,stage,https://www.jalan.net/yad321016/,新宿アーバンホテル,verified,1.0,True,True,hotel name matches Jalan page; location context consistent,https://search.yahoo.co.jp/search?p=%22%E6%96%B0%E5%AE%BF%E3%82%A2%E3%83%BC%E3%83%90%E3%83%B3%E3%83%9B%E3%83%86%E3%83%AB%22%20%E3%81%98%E3%82%83%E3%82%89%E3%82%93,https://www.jalan.net/yad321016/,2026-08-08T16:29:36+09:00,
111,stage-037-3,ホテルアマネク新宿歌舞伎町,東京都,新宿三丁目,新宿・西武新宿,stage-037,37,新宿シアタートップス,3,stage,https://www.jalan.net/yad357994/,ホテルアマネク新宿歌舞伎町,verified,1.0,True,True,hotel name matches Jalan page; location context consistent,https://search.yahoo.co.jp/search?p=%22%E3%83%9B%E3%83%86%E3%83%AB%E3%82%A2%E3%83%9E%E3%83%8D%E3%82%AF%E6%96%B0%E5%AE%BF%E6%AD%8C%E8%88%9E%E4%BC%8E%E7%94%BA%22%20%E3%81%98%E3%82%83%E3%82%89%E3%82%93,https://www.jalan.net/yad357994/,2026-08-08T16:29:39+09:00,
112,stage-038-1,ホテルサンライト新宿,東京都,新宿・西武新宿,新宿三丁目,stage-038,38,新宿FACE,1,stage,https://www.jalan.net/yad343909/,ホテルサンライト新宿,verified,1.0,True,True,hotel name matches Jalan page; location context consistent,https://search.yahoo.co.jp/search?p=%22%E3%83%9B%E3%83%86%E3%83%AB%E3%82%B5%E3%83%B3%E3%83%A9%E3%82%A4%E3%83%88%E6%96%B0%E5%AE%BF%22%20%E3%81%98%E3%82%83%E3%82%89%E3%82%93,https://www.jalan.net/yad343909/,2026-08-08T16:29:33+09:00,
113,stage-038-2,新宿アーバンホテル,東京都,新宿・西武新宿,新宿三丁目・東新宿,stage-038,38,新宿FACE,2,stage,https://www.jalan.net/yad321016/,新宿アーバンホテル,verified,1.0,True,True,hotel name matches Jalan page; location context consistent,https://search.yahoo.co.jp/search?p=%22%E6%96%B0%E5%AE%BF%E3%82%A2%E3%83%BC%E3%83%90%E3%83%B3%E3%83%9B%E3%83%86%E3%83%AB%22%20%E3%81%98%E3%82%83%E3%82%89%E3%82%93,https://www.jalan.net/yad321016/,2026-08-08T16:29:36+09:00,
114,stage-038-3,ホテルアマネク新宿歌舞伎町,東京都,新宿・西武新宿,新宿・西武新宿,stage-038,38,新宿FACE,3,stage,https://www.jalan.net/yad357994/,ホテルアマネク新宿歌舞伎町,verified,1.0,True,True,hotel name matches Jalan page; location context consistent,https://search.yahoo.co.jp/search?p=%22%E3%83%9B%E3%83%86%E3%83%AB%E3%82%A2%E3%83%9E%E3%83%8D%E3%82%AF%E6%96%B0%E5%AE%BF%E6%AD%8C%E8%88%9E%E4%BC%8E%E7%94%BA%22%20%E3%81%98%E3%82%83%E3%82%89%E3%82%93,https://www.jalan.net/yad357994/,2026-08-08T16:29:39+09:00,
115,stage-039-1,ホテルアジア会館,東京都,赤坂,青山一丁目・乃木坂,stage-039,39,赤坂RED/THEATER,1,stage,https://www.jalan.net/yad344328/,ホテル アジア会館,verified,1.0,True,True,hotel name matches Jalan page; location context consistent,https://search.yahoo.co.jp/search?p=%22%E3%83%9B%E3%83%86%E3%83%AB%E3%82%A2%E3%82%B8%E3%82%A2%E4%BC%9A%E9%A4%A8%22%20%E3%81%98%E3%82%83%E3%82%89%E3%82%93,https://www.jalan.net/yad344328/,2026-08-08T16:27:30+09:00,
116,stage-039-2,the b 赤坂,東京都,赤坂,赤坂,stage-039,39,赤坂RED/THEATER,2,stage,,the b 赤坂（ザビーあかさか）,needs_review,0.97,True,True,multiple Jalan candidates have similar scores,https://search.yahoo.co.jp/search?p=%22the%20b%20%E8%B5%A4%E5%9D%82%22%20%E3%81%98%E3%82%83%E3%82%89%E3%82%93,https://www.jalan.net/yad383484/,2026-08-08T16:27:34+09:00,
117,stage-039-3,ホテルモントレ赤坂,東京都,赤坂,赤坂見附・青山一丁目,stage-039,39,赤坂RED/THEATER,3,stage,https://www.jalan.net/yad380660/,ホテルモントレ赤坂,verified,1.0,True,True,hotel name matches Jalan page; location context consistent,https://search.yahoo.co.jp/search?p=%22%E3%83%9B%E3%83%86%E3%83%AB%E3%83%A2%E3%83%B3%E3%83%88%E3%83%AC%E8%B5%A4%E5%9D%82%22%20%E3%81%98%E3%82%83%E3%82%89%E3%82%93,https://www.jalan.net/yad380660/,2026-08-08T16:27:37+09:00,
118,stage-040-1,ホテルアジア会館,東京都,青山一丁目・赤坂見附,青山一丁目・乃木坂,stage-040,40,草月ホール,1,stage,https://www.jalan.net/yad344328/,ホテル アジア会館,verified,1.0,True,True,hotel name matches Jalan page; location context consistent,https://search.yahoo.co.jp/search?p=%22%E3%83%9B%E3%83%86%E3%83%AB%E3%82%A2%E3%82%B8%E3%82%A2%E4%BC%9A%E9%A4%A8%22%20%E3%81%98%E3%82%83%E3%82%89%E3%82%93,https://www.jalan.net/yad344328/,2026-08-08T16:27:30+09:00,
119,stage-040-2,the b 赤坂,東京都,青山一丁目・赤坂見附,赤坂,stage-040,40,草月ホール,2,stage,,the b 赤坂（ザビーあかさか）,needs_review,0.97,True,True,multiple Jalan candidates have similar scores,https://search.yahoo.co.jp/search?p=%22the%20b%20%E8%B5%A4%E5%9D%82%22%20%E3%81%98%E3%82%83%E3%82%89%E3%82%93,https://www.jalan.net/yad383484/,2026-08-08T16:27:34+09:00,
120,stage-040-3,ホテルモントレ赤坂,東京都,青山一丁目・赤坂見附,赤坂見附・青山一丁目,stage-040,40,草月ホール,3,stage,https://www.jalan.net/yad380660/,ホテルモントレ赤坂,verified,1.0,True,True,hotel name matches Jalan page; location context consistent,https://search.yahoo.co.jp/search?p=%22%E3%83%9B%E3%83%86%E3%83%AB%E3%83%A2%E3%83%B3%E3%83%88%E3%83%AC%E8%B5%A4%E5%9D%82%22%20%E3%81%98%E3%82%83%E3%82%89%E3%82%93,https://www.jalan.net/yad380660/,2026-08-08T16:27:37+09:00,
121,stage-041-1,相鉄フレッサイン 銀座三丁目,東京都,新橋・銀座,銀座・東銀座,stage-041,41,博品館劇場,1,stage,https://www.jalan.net/yad398781/,相鉄フレッサイン銀座三丁目,verified,1.0,True,True,hotel name matches Jalan page; location context consistent,https://search.yahoo.co.jp/search?p=%22%E7%9B%B8%E9%89%84%E3%83%95%E3%83%AC%E3%83%83%E3%82%B5%E3%82%A4%E3%83%B3%20%E9%8A%80%E5%BA%A7%E4%B8%89%E4%B8%81%E7%9B%AE%22%20%E3%81%98%E3%82%83%E3%82%89%E3%82%93,https://www.jalan.net/yad398781/,2026-08-08T16:27:40+09:00,
122,stage-041-2,ホテルモントレ銀座,東京都,新橋・銀座,銀座一丁目,stage-041,41,博品館劇場,2,stage,https://www.jalan.net/yad347902/,ホテルモントレ銀座,verified,1.0,True,True,hotel name matches Jalan page; location context consistent,https://search.yahoo.co.jp/search?p=%22%E3%83%9B%E3%83%86%E3%83%AB%E3%83%A2%E3%83%B3%E3%83%88%E3%83%AC%E9%8A%80%E5%BA%A7%22%20%E3%81%98%E3%82%83%E3%82%89%E3%82%93,https://www.jalan.net/yad347902/,2026-08-08T16:27:43+09:00,
123,stage-041-3,ダイワロイネットホテル東京京橋 PREMIER,東京都,新橋・銀座,京橋・東京,stage-041,41,博品館劇場,3,stage,https://www.jalan.net/yad370598/,ダイワロイネットホテル東京京橋 PREMIER,verified,1.0,True,True,hotel name matches Jalan page; location context consistent,https://search.yahoo.co.jp/search?p=%22%E3%83%80%E3%82%A4%E3%83%AF%E3%83%AD%E3%82%A4%E3%83%8D%E3%83%83%E3%83%88%E3%83%9B%E3%83%86%E3%83%AB%E6%9D%B1%E4%BA%AC%E4%BA%AC%E6%A9%8B%20PREMIER%22%20%E3%81%98%E3%82%83%E3%82%89%E3%82%93,https://www.jalan.net/yad370598/,2026-08-08T16:27:46+09:00,
124,stage-042-1,The OneFive Tokyo Shibuya,東京都,渋谷,渋谷・原宿,stage-042,42,CBGKシブゲキ!!,1,stage,,ザ・ワンファイブ東京渋谷,needs_review,0.0,True,True,candidate exists but name/location match is not strong enough,https://search.yahoo.co.jp/search?p=%22The%20OneFive%20Tokyo%20Shibuya%22%20%E3%81%98%E3%82%83%E3%82%89%E3%82%93,https://www.jalan.net/yad375986/,2026-08-08T16:27:48+09:00,
125,stage-042-2,渋谷東武ホテル,東京都,渋谷,渋谷,stage-042,42,CBGKシブゲキ!!,2,stage,https://www.jalan.net/yad316476/,渋谷東武ホテル,verified,1.0,True,True,hotel name matches Jalan page; location context consistent,https://search.yahoo.co.jp/search?p=%22%E6%B8%8B%E8%B0%B7%E6%9D%B1%E6%AD%A6%E3%83%9B%E3%83%86%E3%83%AB%22%20%E3%81%98%E3%82%83%E3%82%89%E3%82%93,https://www.jalan.net/yad316476/,2026-08-08T16:27:51+09:00,
126,stage-042-3,渋谷クレストンホテル,東京都,渋谷,渋谷・神泉,stage-042,42,CBGKシブゲキ!!,3,stage,https://www.jalan.net/yad312949/,渋谷クレストンホテル（HMIホテルグループ）,verified,0.97,True,True,hotel name matches Jalan page; location context consistent,https://search.yahoo.co.jp/search?p=%22%E6%B8%8B%E8%B0%B7%E3%82%AF%E3%83%AC%E3%82%B9%E3%83%88%E3%83%B3%E3%83%9B%E3%83%86%E3%83%AB%22%20%E3%81%98%E3%82%83%E3%82%89%E3%82%93,https://www.jalan.net/yad312949/,2026-08-08T16:27:54+09:00,
127,stage-043-1,The OneFive Tokyo Shibuya,東京都,渋谷,渋谷・原宿,stage-043,43,渋谷区文化総合センター大和田 さくらホール,1,stage,,ザ・ワンファイブ東京渋谷,needs_review,0.0,True,True,candidate exists but name/location match is not strong enough,https://search.yahoo.co.jp/search?p=%22The%20OneFive%20Tokyo%20Shibuya%22%20%E3%81%98%E3%82%83%E3%82%89%E3%82%93,https://www.jalan.net/yad375986/,2026-08-08T16:27:48+09:00,
128,stage-043-2,渋谷東武ホテル,東京都,渋谷,渋谷,stage-043,43,渋谷区文化総合センター大和田 さくらホール,2,stage,https://www.jalan.net/yad316476/,渋谷東武ホテル,verified,1.0,True,True,hotel name matches Jalan page; location context consistent,https://search.yahoo.co.jp/search?p=%22%E6%B8%8B%E8%B0%B7%E6%9D%B1%E6%AD%A6%E3%83%9B%E3%83%86%E3%83%AB%22%20%E3%81%98%E3%82%83%E3%82%89%E3%82%93,https://www.jalan.net/yad316476/,2026-08-08T16:27:51+09:00,
129,stage-043-3,渋谷クレストンホテル,東京都,渋谷,渋谷・神泉,stage-043,43,渋谷区文化総合センター大和田 さくらホール,3,stage,https://www.jalan.net/yad312949/,渋谷クレストンホテル（HMIホテルグループ）,verified,0.97,True,True,hotel name matches Jalan page; location context consistent,https://search.yahoo.co.jp/search?p=%22%E6%B8%8B%E8%B0%B7%E3%82%AF%E3%83%AC%E3%82%B9%E3%83%88%E3%83%B3%E3%83%9B%E3%83%86%E3%83%AB%22%20%E3%81%98%E3%82%83%E3%82%89%E3%82%93,https://www.jalan.net/yad312949/,2026-08-08T16:27:54+09:00,
130,stage-044-1,The OneFive Tokyo Shibuya,東京都,渋谷,渋谷・原宿,stage-044,44,渋谷区文化総合センター大和田 伝承ホール,1,stage,,ザ・ワンファイブ東京渋谷,needs_review,0.0,True,True,candidate exists but name/location match is not strong enough,https://search.yahoo.co.jp/search?p=%22The%20OneFive%20Tokyo%20Shibuya%22%20%E3%81%98%E3%82%83%E3%82%89%E3%82%93,https://www.jalan.net/yad375986/,2026-08-08T16:27:48+09:00,
131,stage-044-2,渋谷東武ホテル,東京都,渋谷,渋谷,stage-044,44,渋谷区文化総合センター大和田 伝承ホール,2,stage,https://www.jalan.net/yad316476/,渋谷東武ホテル,verified,1.0,True,True,hotel name matches Jalan page; location context consistent,https://search.yahoo.co.jp/search?p=%22%E6%B8%8B%E8%B0%B7%E6%9D%B1%E6%AD%A6%E3%83%9B%E3%83%86%E3%83%AB%22%20%E3%81%98%E3%82%83%E3%82%89%E3%82%93,https://www.jalan.net/yad316476/,2026-08-08T16:27:51+09:00,
132,stage-044-3,渋谷クレストンホテル,東京都,渋谷,渋谷・神泉,stage-044,44,渋谷区文化総合センター大和田 伝承ホール,3,stage,https://www.jalan.net/yad312949/,渋谷クレストンホテル（HMIホテルグループ）,verified,0.97,True,True,hotel name matches Jalan page; location context consistent,https://search.yahoo.co.jp/search?p=%22%E6%B8%8B%E8%B0%B7%E3%82%AF%E3%83%AC%E3%82%B9%E3%83%88%E3%83%B3%E3%83%9B%E3%83%86%E3%83%AB%22%20%E3%81%98%E3%82%83%E3%82%89%E3%82%93,https://www.jalan.net/yad312949/,2026-08-08T16:27:54+09:00,
133,stage-045-1,アーバイン東京・上野 北千住,東京都,北千住,北千住,stage-045,45,シアター1010,1,stage,https://www.jalan.net/yad381076/,アーバイン東京・上野 北千住,verified,1.0,True,True,hotel name matches Jalan page; location context consistent,https://search.yahoo.co.jp/search?p=%22%E3%82%A2%E3%83%BC%E3%83%90%E3%82%A4%E3%83%B3%E6%9D%B1%E4%BA%AC%E3%83%BB%E4%B8%8A%E9%87%8E%20%E5%8C%97%E5%8D%83%E4%BD%8F%22%20%E3%81%98%E3%82%83%E3%82%89%E3%82%93,https://www.jalan.net/yad381076/,2026-08-08T16:27:57+09:00,
134,stage-045-2,ホテル ココ・グラン北千住,東京都,北千住,北千住,stage-045,45,シアター1010,2,stage,https://www.jalan.net/yad323264/,ホテルココ・グラン北千住,verified,1.0,True,True,hotel name matches Jalan page; location context consistent,https://search.yahoo.co.jp/search?p=%22%E3%83%9B%E3%83%86%E3%83%AB%20%E3%82%B3%E3%82%B3%E3%83%BB%E3%82%B0%E3%83%A9%E3%83%B3%E5%8C%97%E5%8D%83%E4%BD%8F%22%20%E3%81%98%E3%82%83%E3%82%89%E3%82%93,https://www.jalan.net/yad323264/,2026-08-08T16:28:00+09:00,
135,stage-045-3,ホテルリブマックス東京綾瀬駅前,東京都,北千住,綾瀬,stage-045,45,シアター1010,3,stage,https://www.jalan.net/yad359437/,ホテルリブマックス東京綾瀬駅前,verified,1.0,True,True,hotel name matches Jalan page; location context consistent,https://search.yahoo.co.jp/search?p=%22%E3%83%9B%E3%83%86%E3%83%AB%E3%83%AA%E3%83%96%E3%83%9E%E3%83%83%E3%82%AF%E3%82%B9%E6%9D%B1%E4%BA%AC%E7%B6%BE%E7%80%AC%E9%A7%85%E5%89%8D%22%20%E3%81%98%E3%82%83%E3%82%89%E3%82%93,https://www.jalan.net/yad359437/,2026-08-08T16:28:03+09:00,
136,stage-046-1,スマイルホテル東京綾瀬駅前,東京都,亀有,綾瀬,stage-046,46,かめありリリオホール,1,stage,https://www.jalan.net/yad386875/,スマイルホテル東京綾瀬駅前,verified,1.0,True,True,hotel name matches Jalan page; location context consistent,https://search.yahoo.co.jp/search?p=%22%E3%82%B9%E3%83%9E%E3%82%A4%E3%83%AB%E3%83%9B%E3%83%86%E3%83%AB%E6%9D%B1%E4%BA%AC%E7%B6%BE%E7%80%AC%E9%A7%85%E5%89%8D%22%20%E3%81%98%E3%82%83%E3%82%89%E3%82%93,https://www.jalan.net/yad386875/,2026-08-08T16:28:06+09:00,
137,stage-046-2,ホテルリブマックス東京綾瀬駅前,東京都,亀有,綾瀬,stage-046,46,かめありリリオホール,2,stage,https://www.jalan.net/yad359437/,ホテルリブマックス東京綾瀬駅前,verified,1.0,True,True,hotel name matches Jalan page; location context consistent,https://search.yahoo.co.jp/search?p=%22%E3%83%9B%E3%83%86%E3%83%AB%E3%83%AA%E3%83%96%E3%83%9E%E3%83%83%E3%82%AF%E3%82%B9%E6%9D%B1%E4%BA%AC%E7%B6%BE%E7%80%AC%E9%A7%85%E5%89%8D%22%20%E3%81%98%E3%82%83%E3%82%89%E3%82%93,https://www.jalan.net/yad359437/,2026-08-08T16:28:03+09:00,
138,stage-046-3,アーバイン東京・上野 北千住,東京都,亀有,北千住,stage-046,46,かめありリリオホール,3,stage,https://www.jalan.net/yad381076/,アーバイン東京・上野 北千住,verified,1.0,True,True,hotel name matches Jalan page; location context consistent,https://search.yahoo.co.jp/search?p=%22%E3%82%A2%E3%83%BC%E3%83%90%E3%82%A4%E3%83%B3%E6%9D%B1%E4%BA%AC%E3%83%BB%E4%B8%8A%E9%87%8E%20%E5%8C%97%E5%8D%83%E4%BD%8F%22%20%E3%81%98%E3%82%83%E3%82%89%E3%82%93,https://www.jalan.net/yad381076/,2026-08-08T16:27:57+09:00,
139,stage-047-1,くれたけイン東京船堀,東京都,船堀,船堀,stage-047,47,タワーホール船堀 大ホール,1,stage,https://www.jalan.net/yad367968/,くれたけイン東京船堀,verified,1.0,True,True,hotel name matches Jalan page; location context consistent,https://search.yahoo.co.jp/search?p=%22%E3%81%8F%E3%82%8C%E3%81%9F%E3%81%91%E3%82%A4%E3%83%B3%E6%9D%B1%E4%BA%AC%E8%88%B9%E5%A0%80%22%20%E3%81%98%E3%82%83%E3%82%89%E3%82%93,https://www.jalan.net/yad367968/,2026-08-08T16:28:08+09:00,
140,stage-047-2,レンブラントスタイル東京西葛西,東京都,船堀,西葛西,stage-047,47,タワーホール船堀 大ホール,2,stage,https://www.jalan.net/yad398420/,レンブラントスタイル東京西葛西グランデ,verified,0.97,True,True,hotel name matches Jalan page; location context consistent,https://search.yahoo.co.jp/search?p=%22%E3%83%AC%E3%83%B3%E3%83%96%E3%83%A9%E3%83%B3%E3%83%88%E3%82%B9%E3%82%BF%E3%82%A4%E3%83%AB%E6%9D%B1%E4%BA%AC%E8%A5%BF%E8%91%9B%E8%A5%BF%22%20%E3%81%98%E3%82%83%E3%82%89%E3%82%93,https://www.jalan.net/yad398420/,2026-08-08T16:28:11+09:00,
141,stage-047-3,アパホテル〈TKP東京西葛西〉,東京都,船堀,西葛西,stage-047,47,タワーホール船堀 大ホール,3,stage,https://www.jalan.net/yad317197/,アパホテル〈TKP東京西葛西〉,verified,1.0,True,True,hotel name matches Jalan page; location context consistent,https://search.yahoo.co.jp/search?p=%22%E3%82%A2%E3%83%91%E3%83%9B%E3%83%86%E3%83%AB%E3%80%88TKP%E6%9D%B1%E4%BA%AC%E8%A5%BF%E8%91%9B%E8%A5%BF%E3%80%89%22%20%E3%81%98%E3%82%83%E3%82%89%E3%82%93,https://www.jalan.net/yad317197/,2026-08-08T16:28:14+09:00,
142,stage-048-1,スマイルホテル東京新小岩,東京都,新小岩,新小岩,stage-048,48,江戸川区総合文化センター 大ホール,1,stage,https://www.jalan.net/yad318472/,スマイルホテル東京新小岩,verified,1.0,True,True,hotel name matches Jalan page; location context consistent,https://search.yahoo.co.jp/search?p=%22%E3%82%B9%E3%83%9E%E3%82%A4%E3%83%AB%E3%83%9B%E3%83%86%E3%83%AB%E6%9D%B1%E4%BA%AC%E6%96%B0%E5%B0%8F%E5%B2%A9%22%20%E3%81%98%E3%82%83%E3%82%89%E3%82%93,https://www.jalan.net/yad318472/,2026-08-08T16:28:16+09:00,
143,stage-048-2,スーパーホテル東京・JR新小岩,東京都,新小岩,新小岩,stage-048,48,江戸川区総合文化センター 大ホール,2,stage,https://www.jalan.net/yad330980/,スーパーホテル東京・ＪＲ新小岩,verified,1.0,True,True,hotel name matches Jalan page; location context consistent,https://search.yahoo.co.jp/search?p=%22%E3%82%B9%E3%83%BC%E3%83%91%E3%83%BC%E3%83%9B%E3%83%86%E3%83%AB%E6%9D%B1%E4%BA%AC%E3%83%BBJR%E6%96%B0%E5%B0%8F%E5%B2%A9%22%20%E3%81%98%E3%82%83%E3%82%89%E3%82%93,https://www.jalan.net/yad330980/,2026-08-08T16:28:19+09:00,
144,stage-048-3,サイプレスイン東京,東京都,新小岩,新小岩,stage-048,48,江戸川区総合文化センター 大ホール,3,stage,https://www.jalan.net/yad360845/,サイプレスイン東京,verified,1.0,True,True,hotel name matches Jalan page; location context consistent,https://search.yahoo.co.jp/search?p=%22%E3%82%B5%E3%82%A4%E3%83%97%E3%83%AC%E3%82%B9%E3%82%A4%E3%83%B3%E6%9D%B1%E4%BA%AC%22%20%E3%81%98%E3%82%83%E3%82%89%E3%82%93,https://www.jalan.net/yad360845/,2026-08-08T16:28:22+09:00,
145,stage-049-1,スマイルホテル東京新小岩,東京都,新小岩,新小岩,stage-049,49,江戸川区総合文化センター 小ホール,1,stage,https://www.jalan.net/yad318472/,スマイルホテル東京新小岩,verified,1.0,True,True,hotel name matches Jalan page; location context consistent,https://search.yahoo.co.jp/search?p=%22%E3%82%B9%E3%83%9E%E3%82%A4%E3%83%AB%E3%83%9B%E3%83%86%E3%83%AB%E6%9D%B1%E4%BA%AC%E6%96%B0%E5%B0%8F%E5%B2%A9%22%20%E3%81%98%E3%82%83%E3%82%89%E3%82%93,https://www.jalan.net/yad318472/,2026-08-08T16:28:16+09:00,
146,stage-049-2,スーパーホテル東京・JR新小岩,東京都,新小岩,新小岩,stage-049,49,江戸川区総合文化センター 小ホール,2,stage,https://www.jalan.net/yad330980/,スーパーホテル東京・ＪＲ新小岩,verified,1.0,True,True,hotel name matches Jalan page; location context consistent,https://search.yahoo.co.jp/search?p=%22%E3%82%B9%E3%83%BC%E3%83%91%E3%83%BC%E3%83%9B%E3%83%86%E3%83%AB%E6%9D%B1%E4%BA%AC%E3%83%BBJR%E6%96%B0%E5%B0%8F%E5%B2%A9%22%20%E3%81%98%E3%82%83%E3%82%89%E3%82%93,https://www.jalan.net/yad330980/,2026-08-08T16:28:19+09:00,
147,stage-049-3,サイプレスイン東京,東京都,新小岩,新小岩,stage-049,49,江戸川区総合文化センター 小ホール,3,stage,https://www.jalan.net/yad360845/,サイプレスイン東京,verified,1.0,True,True,hotel name matches Jalan page; location context consistent,https://search.yahoo.co.jp/search?p=%22%E3%82%B5%E3%82%A4%E3%83%97%E3%83%AC%E3%82%B9%E3%82%A4%E3%83%B3%E6%9D%B1%E4%BA%AC%22%20%E3%81%98%E3%82%83%E3%82%89%E3%82%93,https://www.jalan.net/yad360845/,2026-08-08T16:28:22+09:00,
148,stage-050-1,フレックステイイン江古田,東京都,練馬,江古田・新江古田,stage-050,50,練馬文化センター 大ホール(こぶしホール),1,stage,https://www.jalan.net/yad378405/,フレックステイイン江古田,verified,1.0,True,True,hotel name matches Jalan page; location context consistent,https://search.yahoo.co.jp/search?p=%22%E3%83%95%E3%83%AC%E3%83%83%E3%82%AF%E3%82%B9%E3%83%86%E3%82%A4%E3%82%A4%E3%83%B3%E6%B1%9F%E5%8F%A4%E7%94%B0%22%20%E3%81%98%E3%82%83%E3%82%89%E3%82%93,https://www.jalan.net/yad378405/,2026-08-08T16:28:24+09:00,
149,stage-050-2,ホテルカデンツァ東京,東京都,練馬,光が丘,stage-050,50,練馬文化センター 大ホール(こぶしホール),2,stage,https://www.jalan.net/yad318646/,ホテルカデンツァ東京,verified,1.0,True,True,hotel name matches Jalan page; location context consistent,https://search.yahoo.co.jp/search?p=%22%E3%83%9B%E3%83%86%E3%83%AB%E3%82%AB%E3%83%87%E3%83%B3%E3%83%84%E3%82%A1%E6%9D%B1%E4%BA%AC%22%20%E3%81%98%E3%82%83%E3%82%89%E3%82%93,https://www.jalan.net/yad318646/,2026-08-08T16:28:27+09:00,
150,stage-050-3,和光市東武ホテル,東京都,練馬,和光市,stage-050,50,練馬文化センター 大ホール(こぶしホール),3,stage,https://www.jalan.net/yad370584/,和光市東武ホテル,verified,1.0,False,True,hotel name matches Jalan page; location context consistent,https://search.yahoo.co.jp/search?p=%22%E5%92%8C%E5%85%89%E5%B8%82%E6%9D%B1%E6%AD%A6%E3%83%9B%E3%83%86%E3%83%AB%22%20%E3%81%98%E3%82%83%E3%82%89%E3%82%93,https://www.jalan.net/yad370584/,2026-08-08T16:28:30+09:00,
151,stage-051-1,フレックステイイン江古田,東京都,練馬,江古田・新江古田,stage-051,51,練馬文化センター 小ホール(つつじホール),1,stage,https://www.jalan.net/yad378405/,フレックステイイン江古田,verified,1.0,True,True,hotel name matches Jalan page; location context consistent,https://search.yahoo.co.jp/search?p=%22%E3%83%95%E3%83%AC%E3%83%83%E3%82%AF%E3%82%B9%E3%83%86%E3%82%A4%E3%82%A4%E3%83%B3%E6%B1%9F%E5%8F%A4%E7%94%B0%22%20%E3%81%98%E3%82%83%E3%82%89%E3%82%93,https://www.jalan.net/yad378405/,2026-08-08T16:28:24+09:00,
152,stage-051-2,ホテルカデンツァ東京,東京都,練馬,光が丘,stage-051,51,練馬文化センター 小ホール(つつじホール),2,stage,https://www.jalan.net/yad318646/,ホテルカデンツァ東京,verified,1.0,True,True,hotel name matches Jalan page; location context consistent,https://search.yahoo.co.jp/search?p=%22%E3%83%9B%E3%83%86%E3%83%AB%E3%82%AB%E3%83%87%E3%83%B3%E3%83%84%E3%82%A1%E6%9D%B1%E4%BA%AC%22%20%E3%81%98%E3%82%83%E3%82%89%E3%82%93,https://www.jalan.net/yad318646/,2026-08-08T16:28:27+09:00,
153,stage-051-3,和光市東武ホテル,東京都,練馬,和光市,stage-051,51,練馬文化センター 小ホール(つつじホール),3,stage,https://www.jalan.net/yad370584/,和光市東武ホテル,verified,1.0,False,True,hotel name matches Jalan page; location context consistent,https://search.yahoo.co.jp/search?p=%22%E5%92%8C%E5%85%89%E5%B8%82%E6%9D%B1%E6%AD%A6%E3%83%9B%E3%83%86%E3%83%AB%22%20%E3%81%98%E3%82%83%E3%82%89%E3%82%93,https://www.jalan.net/yad370584/,2026-08-08T16:28:30+09:00,
154,stage-052-1,吉祥寺東急REIホテル,東京都,吉祥寺,吉祥寺,stage-052,52,吉祥寺シアター,1,stage,https://www.jalan.net/yad311450/,吉祥寺東急REIホテル,verified,1.0,True,True,hotel name matches Jalan page; location context consistent,https://search.yahoo.co.jp/search?p=%22%E5%90%89%E7%A5%A5%E5%AF%BA%E6%9D%B1%E6%80%A5REI%E3%83%9B%E3%83%86%E3%83%AB%22%20%E3%81%98%E3%82%83%E3%82%89%E3%82%93,https://www.jalan.net/yad311450/,2026-08-08T16:28:33+09:00,
155,stage-052-2,吉祥寺エクセルホテル東急,東京都,吉祥寺,吉祥寺,stage-052,52,吉祥寺シアター,2,stage,https://www.jalan.net/yad364620/,吉祥寺エクセルホテル東急,verified,1.0,True,True,hotel name matches Jalan page; location context consistent,https://search.yahoo.co.jp/search?p=%22%E5%90%89%E7%A5%A5%E5%AF%BA%E3%82%A8%E3%82%AF%E3%82%BB%E3%83%AB%E3%83%9B%E3%83%86%E3%83%AB%E6%9D%B1%E6%80%A5%22%20%E3%81%98%E3%82%83%E3%82%89%E3%82%93,https://www.jalan.net/yad364620/,2026-08-08T16:28:37+09:00,
156,stage-052-3,リッチモンドホテル東京武蔵野,東京都,吉祥寺,三鷹,stage-052,52,吉祥寺シアター,3,stage,https://www.jalan.net/yad328441/,リッチモンドホテル東京武蔵野,verified,1.0,True,True,hotel name matches Jalan page; location context consistent,https://search.yahoo.co.jp/search?p=%22%E3%83%AA%E3%83%83%E3%83%81%E3%83%A2%E3%83%B3%E3%83%89%E3%83%9B%E3%83%86%E3%83%AB%E6%9D%B1%E4%BA%AC%E6%AD%A6%E8%94%B5%E9%87%8E%22%20%E3%81%98%E3%82%83%E3%82%89%E3%82%93,https://www.jalan.net/yad328441/,2026-08-08T16:28:41+09:00,
157,stage-053-1,リッチモンドホテル東京武蔵野,東京都,三鷹,三鷹,stage-053,53,武蔵野芸能劇場 小劇場,1,stage,https://www.jalan.net/yad328441/,リッチモンドホテル東京武蔵野,verified,1.0,True,True,hotel name matches Jalan page; location context consistent,https://search.yahoo.co.jp/search?p=%22%E3%83%AA%E3%83%83%E3%83%81%E3%83%A2%E3%83%B3%E3%83%89%E3%83%9B%E3%83%86%E3%83%AB%E6%9D%B1%E4%BA%AC%E6%AD%A6%E8%94%B5%E9%87%8E%22%20%E3%81%98%E3%82%83%E3%82%89%E3%82%93,https://www.jalan.net/yad328441/,2026-08-08T16:28:41+09:00,
158,stage-053-2,三鷹シティホテル,東京都,三鷹,三鷹,stage-053,53,武蔵野芸能劇場 小劇場,2,stage,https://www.jalan.net/yad398198/,三鷹シティホテル,verified,1.0,True,True,hotel name matches Jalan page; location context consistent,https://search.yahoo.co.jp/search?p=%22%E4%B8%89%E9%B7%B9%E3%82%B7%E3%83%86%E3%82%A3%E3%83%9B%E3%83%86%E3%83%AB%22%20%E3%81%98%E3%82%83%E3%82%89%E3%82%93,https://www.jalan.net/yad398198/,2026-08-08T16:28:45+09:00,
159,stage-053-3,JR東日本ホテルメッツ 武蔵境,東京都,三鷹,武蔵境,stage-053,53,武蔵野芸能劇場 小劇場,3,stage,https://www.jalan.net/yad306355/,JR東日本ホテルメッツ 武蔵境,verified,1.0,True,True,hotel name matches Jalan page; location context consistent,https://search.yahoo.co.jp/search?p=%22JR%E6%9D%B1%E6%97%A5%E6%9C%AC%E3%83%9B%E3%83%86%E3%83%AB%E3%83%A1%E3%83%83%E3%83%84%20%E6%AD%A6%E8%94%B5%E5%A2%83%22%20%E3%81%98%E3%82%83%E3%82%89%E3%82%93,https://www.jalan.net/yad306355/,2026-08-08T16:28:50+09:00,
160,stage-054-1,リッチモンドホテル東京武蔵野,東京都,三鷹,三鷹,stage-054,54,三鷹市芸術文化センター 星のホール,1,stage,https://www.jalan.net/yad328441/,リッチモンドホテル東京武蔵野,verified,1.0,True,True,hotel name matches Jalan page; location context consistent,https://search.yahoo.co.jp/search?p=%22%E3%83%AA%E3%83%83%E3%83%81%E3%83%A2%E3%83%B3%E3%83%89%E3%83%9B%E3%83%86%E3%83%AB%E6%9D%B1%E4%BA%AC%E6%AD%A6%E8%94%B5%E9%87%8E%22%20%E3%81%98%E3%82%83%E3%82%89%E3%82%93,https://www.jalan.net/yad328441/,2026-08-08T16:28:41+09:00,
161,stage-054-2,三鷹シティホテル,東京都,三鷹,三鷹,stage-054,54,三鷹市芸術文化センター 星のホール,2,stage,https://www.jalan.net/yad398198/,三鷹シティホテル,verified,1.0,True,True,hotel name matches Jalan page; location context consistent,https://search.yahoo.co.jp/search?p=%22%E4%B8%89%E9%B7%B9%E3%82%B7%E3%83%86%E3%82%A3%E3%83%9B%E3%83%86%E3%83%AB%22%20%E3%81%98%E3%82%83%E3%82%89%E3%82%93,https://www.jalan.net/yad398198/,2026-08-08T16:28:45+09:00,
162,stage-054-3,JR東日本ホテルメッツ 武蔵境,東京都,三鷹,武蔵境,stage-054,54,三鷹市芸術文化センター 星のホール,3,stage,https://www.jalan.net/yad306355/,JR東日本ホテルメッツ 武蔵境,verified,1.0,True,True,hotel name matches Jalan page; location context consistent,https://search.yahoo.co.jp/search?p=%22JR%E6%9D%B1%E6%97%A5%E6%9C%AC%E3%83%9B%E3%83%86%E3%83%AB%E3%83%A1%E3%83%83%E3%83%84%20%E6%AD%A6%E8%94%B5%E5%A2%83%22%20%E3%81%98%E3%82%83%E3%82%89%E3%82%93,https://www.jalan.net/yad306355/,2026-08-08T16:28:50+09:00,
163,stage-055-1,JR東日本ホテルメッツ 高円寺,東京都,高円寺,高円寺,stage-055,55,座・高円寺1,1,stage,https://www.jalan.net/yad360888/,JR東日本ホテルメッツ 高円寺,verified,1.0,True,True,hotel name matches Jalan page; location context consistent,https://search.yahoo.co.jp/search?p=%22JR%E6%9D%B1%E6%97%A5%E6%9C%AC%E3%83%9B%E3%83%86%E3%83%AB%E3%83%A1%E3%83%83%E3%83%84%20%E9%AB%98%E5%86%86%E5%AF%BA%22%20%E3%81%98%E3%82%83%E3%82%89%E3%82%93,https://www.jalan.net/yad360888/,2026-08-08T16:28:53+09:00,
164,stage-055-2,ビジネスホテル クレセント,東京都,高円寺,中野,stage-055,55,座・高円寺1,2,stage,https://www.jalan.net/yad326133/,ビジネスホテル クレセント,verified,1.0,True,True,hotel name matches Jalan page; location context consistent,https://search.yahoo.co.jp/search?p=%22%E3%83%93%E3%82%B8%E3%83%8D%E3%82%B9%E3%83%9B%E3%83%86%E3%83%AB%20%E3%82%AF%E3%83%AC%E3%82%BB%E3%83%B3%E3%83%88%22%20%E3%81%98%E3%82%83%E3%82%89%E3%82%93,https://www.jalan.net/yad326133/,2026-08-08T16:28:57+09:00,
165,stage-055-3,ホテルルートイン東京阿佐ヶ谷,東京都,高円寺,南阿佐ヶ谷,stage-055,55,座・高円寺1,3,stage,https://www.jalan.net/yad340828/,ホテルルートイン東京阿佐ヶ谷,verified,1.0,True,True,hotel name matches Jalan page; location context consistent,https://search.yahoo.co.jp/search?p=%22%E3%83%9B%E3%83%86%E3%83%AB%E3%83%AB%E3%83%BC%E3%83%88%E3%82%A4%E3%83%B3%E6%9D%B1%E4%BA%AC%E9%98%BF%E4%BD%90%E3%83%B6%E8%B0%B7%22%20%E3%81%98%E3%82%83%E3%82%89%E3%82%93,https://www.jalan.net/yad340828/,2026-08-08T16:29:01+09:00,
166,stage-056-1,JR東日本ホテルメッツ 高円寺,東京都,高円寺,高円寺,stage-056,56,座・高円寺2,1,stage,https://www.jalan.net/yad360888/,JR東日本ホテルメッツ 高円寺,verified,1.0,True,True,hotel name matches Jalan page; location context consistent,https://search.yahoo.co.jp/search?p=%22JR%E6%9D%B1%E6%97%A5%E6%9C%AC%E3%83%9B%E3%83%86%E3%83%AB%E3%83%A1%E3%83%83%E3%83%84%20%E9%AB%98%E5%86%86%E5%AF%BA%22%20%E3%81%98%E3%82%83%E3%82%89%E3%82%93,https://www.jalan.net/yad360888/,2026-08-08T16:28:53+09:00,
167,stage-056-2,ビジネスホテル クレセント,東京都,高円寺,中野,stage-056,56,座・高円寺2,2,stage,https://www.jalan.net/yad326133/,ビジネスホテル クレセント,verified,1.0,True,True,hotel name matches Jalan page; location context consistent,https://search.yahoo.co.jp/search?p=%22%E3%83%93%E3%82%B8%E3%83%8D%E3%82%B9%E3%83%9B%E3%83%86%E3%83%AB%20%E3%82%AF%E3%83%AC%E3%82%BB%E3%83%B3%E3%83%88%22%20%E3%81%98%E3%82%83%E3%82%89%E3%82%93,https://www.jalan.net/yad326133/,2026-08-08T16:28:57+09:00,
168,stage-056-3,ホテルルートイン東京阿佐ヶ谷,東京都,高円寺,南阿佐ヶ谷,stage-056,56,座・高円寺2,3,stage,https://www.jalan.net/yad340828/,ホテルルートイン東京阿佐ヶ谷,verified,1.0,True,True,hotel name matches Jalan page; location context consistent,https://search.yahoo.co.jp/search?p=%22%E3%83%9B%E3%83%86%E3%83%AB%E3%83%AB%E3%83%BC%E3%83%88%E3%82%A4%E3%83%B3%E6%9D%B1%E4%BA%AC%E9%98%BF%E4%BD%90%E3%83%B6%E8%B0%B7%22%20%E3%81%98%E3%82%83%E3%82%89%E3%82%93,https://www.jalan.net/yad340828/,2026-08-08T16:29:01+09:00,
169,stage-057-1,ビジネスホテル クレセント,東京都,中野,中野,stage-057,57,ザ・ポケット,1,stage,https://www.jalan.net/yad326133/,ビジネスホテル クレセント,verified,1.0,True,True,hotel name matches Jalan page; location context consistent,https://search.yahoo.co.jp/search?p=%22%E3%83%93%E3%82%B8%E3%83%8D%E3%82%B9%E3%83%9B%E3%83%86%E3%83%AB%20%E3%82%AF%E3%83%AC%E3%82%BB%E3%83%B3%E3%83%88%22%20%E3%81%98%E3%82%83%E3%82%89%E3%82%93,https://www.jalan.net/yad326133/,2026-08-08T16:28:57+09:00,
170,stage-057-2,JR東日本ホテルメッツ 高円寺,東京都,中野,高円寺,stage-057,57,ザ・ポケット,2,stage,https://www.jalan.net/yad360888/,JR東日本ホテルメッツ 高円寺,verified,1.0,True,True,hotel name matches Jalan page; location context consistent,https://search.yahoo.co.jp/search?p=%22JR%E6%9D%B1%E6%97%A5%E6%9C%AC%E3%83%9B%E3%83%86%E3%83%AB%E3%83%A1%E3%83%83%E3%83%84%20%E9%AB%98%E5%86%86%E5%AF%BA%22%20%E3%81%98%E3%82%83%E3%82%89%E3%82%93,https://www.jalan.net/yad360888/,2026-08-08T16:28:53+09:00,
171,stage-057-3,ホテルルートイン東京阿佐ヶ谷,東京都,中野,南阿佐ヶ谷,stage-057,57,ザ・ポケット,3,stage,https://www.jalan.net/yad340828/,ホテルルートイン東京阿佐ヶ谷,verified,1.0,True,True,hotel name matches Jalan page; location context consistent,https://search.yahoo.co.jp/search?p=%22%E3%83%9B%E3%83%86%E3%83%AB%E3%83%AB%E3%83%BC%E3%83%88%E3%82%A4%E3%83%B3%E6%9D%B1%E4%BA%AC%E9%98%BF%E4%BD%90%E3%83%B6%E8%B0%B7%22%20%E3%81%98%E3%82%83%E3%82%89%E3%82%93,https://www.jalan.net/yad340828/,2026-08-08T16:29:01+09:00,
172,stage-058-1,ビジネスホテル クレセント,東京都,中野,中野,stage-058,58,劇場MOMO,1,stage,https://www.jalan.net/yad326133/,ビジネスホテル クレセント,verified,1.0,True,True,hotel name matches Jalan page; location context consistent,https://search.yahoo.co.jp/search?p=%22%E3%83%93%E3%82%B8%E3%83%8D%E3%82%B9%E3%83%9B%E3%83%86%E3%83%AB%20%E3%82%AF%E3%83%AC%E3%82%BB%E3%83%B3%E3%83%88%22%20%E3%81%98%E3%82%83%E3%82%89%E3%82%93,https://www.jalan.net/yad326133/,2026-08-08T16:28:57+09:00,
173,stage-058-2,JR東日本ホテルメッツ 高円寺,東京都,中野,高円寺,stage-058,58,劇場MOMO,2,stage,https://www.jalan.net/yad360888/,JR東日本ホテルメッツ 高円寺,verified,1.0,True,True,hotel name matches Jalan page; location context consistent,https://search.yahoo.co.jp/search?p=%22JR%E6%9D%B1%E6%97%A5%E6%9C%AC%E3%83%9B%E3%83%86%E3%83%AB%E3%83%A1%E3%83%83%E3%83%84%20%E9%AB%98%E5%86%86%E5%AF%BA%22%20%E3%81%98%E3%82%83%E3%82%89%E3%82%93,https://www.jalan.net/yad360888/,2026-08-08T16:28:53+09:00,
174,stage-058-3,ホテルルートイン東京阿佐ヶ谷,東京都,中野,南阿佐ヶ谷,stage-058,58,劇場MOMO,3,stage,https://www.jalan.net/yad340828/,ホテルルートイン東京阿佐ヶ谷,verified,1.0,True,True,hotel name matches Jalan page; location context consistent,https://search.yahoo.co.jp/search?p=%22%E3%83%9B%E3%83%86%E3%83%AB%E3%83%AB%E3%83%BC%E3%83%88%E3%82%A4%E3%83%B3%E6%9D%B1%E4%BA%AC%E9%98%BF%E4%BD%90%E3%83%B6%E8%B0%B7%22%20%E3%81%98%E3%82%83%E3%82%89%E3%82%93,https://www.jalan.net/yad340828/,2026-08-08T16:29:01+09:00,
175,stage-059-1,ビジネスホテル クレセント,東京都,中野,中野,stage-059,59,テアトルBONBON,1,stage,https://www.jalan.net/yad326133/,ビジネスホテル クレセント,verified,1.0,True,True,hotel name matches Jalan page; location context consistent,https://search.yahoo.co.jp/search?p=%22%E3%83%93%E3%82%B8%E3%83%8D%E3%82%B9%E3%83%9B%E3%83%86%E3%83%AB%20%E3%82%AF%E3%83%AC%E3%82%BB%E3%83%B3%E3%83%88%22%20%E3%81%98%E3%82%83%E3%82%89%E3%82%93,https://www.jalan.net/yad326133/,2026-08-08T16:28:57+09:00,
176,stage-059-2,JR東日本ホテルメッツ 高円寺,東京都,中野,高円寺,stage-059,59,テアトルBONBON,2,stage,https://www.jalan.net/yad360888/,JR東日本ホテルメッツ 高円寺,verified,1.0,True,True,hotel name matches Jalan page; location context consistent,https://search.yahoo.co.jp/search?p=%22JR%E6%9D%B1%E6%97%A5%E6%9C%AC%E3%83%9B%E3%83%86%E3%83%AB%E3%83%A1%E3%83%83%E3%83%84%20%E9%AB%98%E5%86%86%E5%AF%BA%22%20%E3%81%98%E3%82%83%E3%82%89%E3%82%93,https://www.jalan.net/yad360888/,2026-08-08T16:28:53+09:00,
177,stage-059-3,ホテルルートイン東京阿佐ヶ谷,東京都,中野,南阿佐ヶ谷,stage-059,59,テアトルBONBON,3,stage,https://www.jalan.net/yad340828/,ホテルルートイン東京阿佐ヶ谷,verified,1.0,True,True,hotel name matches Jalan page; location context consistent,https://search.yahoo.co.jp/search?p=%22%E3%83%9B%E3%83%86%E3%83%AB%E3%83%AB%E3%83%BC%E3%83%88%E3%82%A4%E3%83%B3%E6%9D%B1%E4%BA%AC%E9%98%BF%E4%BD%90%E3%83%B6%E8%B0%B7%22%20%E3%81%98%E3%82%83%E3%82%89%E3%82%93,https://www.jalan.net/yad340828/,2026-08-08T16:29:01+09:00,
178,stage-060-1,ビジネスホテル クレセント,東京都,中野,中野,stage-060,60,なかのZERO 大ホール,1,stage,https://www.jalan.net/yad326133/,ビジネスホテル クレセント,verified,1.0,True,True,hotel name matches Jalan page; location context consistent,https://search.yahoo.co.jp/search?p=%22%E3%83%93%E3%82%B8%E3%83%8D%E3%82%B9%E3%83%9B%E3%83%86%E3%83%AB%20%E3%82%AF%E3%83%AC%E3%82%BB%E3%83%B3%E3%83%88%22%20%E3%81%98%E3%82%83%E3%82%89%E3%82%93,https://www.jalan.net/yad326133/,2026-08-08T16:28:57+09:00,
179,stage-060-2,JR東日本ホテルメッツ 高円寺,東京都,中野,高円寺,stage-060,60,なかのZERO 大ホール,2,stage,https://www.jalan.net/yad360888/,JR東日本ホテルメッツ 高円寺,verified,1.0,True,True,hotel name matches Jalan page; location context consistent,https://search.yahoo.co.jp/search?p=%22JR%E6%9D%B1%E6%97%A5%E6%9C%AC%E3%83%9B%E3%83%86%E3%83%AB%E3%83%A1%E3%83%83%E3%83%84%20%E9%AB%98%E5%86%86%E5%AF%BA%22%20%E3%81%98%E3%82%83%E3%82%89%E3%82%93,https://www.jalan.net/yad360888/,2026-08-08T16:28:53+09:00,
180,stage-060-3,ホテルルートイン東京阿佐ヶ谷,東京都,中野,南阿佐ヶ谷,stage-060,60,なかのZERO 大ホール,3,stage,https://www.jalan.net/yad340828/,ホテルルートイン東京阿佐ヶ谷,verified,1.0,True,True,hotel name matches Jalan page; location context consistent,https://search.yahoo.co.jp/search?p=%22%E3%83%9B%E3%83%86%E3%83%AB%E3%83%AB%E3%83%BC%E3%83%88%E3%82%A4%E3%83%B3%E6%9D%B1%E4%BA%AC%E9%98%BF%E4%BD%90%E3%83%B6%E8%B0%B7%22%20%E3%81%98%E3%82%83%E3%82%89%E3%82%93,https://www.jalan.net/yad340828/,2026-08-08T16:29:01+09:00,
181,stage-061-1,ビジネスホテル クレセント,東京都,中野,中野,stage-061,61,なかのZERO 小ホール,1,stage,https://www.jalan.net/yad326133/,ビジネスホテル クレセント,verified,1.0,True,True,hotel name matches Jalan page; location context consistent,https://search.yahoo.co.jp/search?p=%22%E3%83%93%E3%82%B8%E3%83%8D%E3%82%B9%E3%83%9B%E3%83%86%E3%83%AB%20%E3%82%AF%E3%83%AC%E3%82%BB%E3%83%B3%E3%83%88%22%20%E3%81%98%E3%82%83%E3%82%89%E3%82%93,https://www.jalan.net/yad326133/,2026-08-08T16:28:57+09:00,
182,stage-061-2,JR東日本ホテルメッツ 高円寺,東京都,中野,高円寺,stage-061,61,なかのZERO 小ホール,2,stage,https://www.jalan.net/yad360888/,JR東日本ホテルメッツ 高円寺,verified,1.0,True,True,hotel name matches Jalan page; location context consistent,https://search.yahoo.co.jp/search?p=%22JR%E6%9D%B1%E6%97%A5%E6%9C%AC%E3%83%9B%E3%83%86%E3%83%AB%E3%83%A1%E3%83%83%E3%83%84%20%E9%AB%98%E5%86%86%E5%AF%BA%22%20%E3%81%98%E3%82%83%E3%82%89%E3%82%93,https://www.jalan.net/yad360888/,2026-08-08T16:28:53+09:00,
183,stage-061-3,ホテルルートイン東京阿佐ヶ谷,東京都,中野,南阿佐ヶ谷,stage-061,61,なかのZERO 小ホール,3,stage,https://www.jalan.net/yad340828/,ホテルルートイン東京阿佐ヶ谷,verified,1.0,True,True,hotel name matches Jalan page; location context consistent,https://search.yahoo.co.jp/search?p=%22%E3%83%9B%E3%83%86%E3%83%AB%E3%83%AB%E3%83%BC%E3%83%88%E3%82%A4%E3%83%B3%E6%9D%B1%E4%BA%AC%E9%98%BF%E4%BD%90%E3%83%B6%E8%B0%B7%22%20%E3%81%98%E3%82%83%E3%82%89%E3%82%93,https://www.jalan.net/yad340828/,2026-08-08T16:29:01+09:00,
184,stage-062-1,ホテルグランドシティ,東京都,東池袋,池袋東口,stage-062,62,あうるすぽっと,1,stage,https://www.jalan.net/yad317472/,ホテルグランドシティ,verified,1.0,True,False,hotel name matches Jalan page; location context consistent,https://search.yahoo.co.jp/search?p=%22%E3%83%9B%E3%83%86%E3%83%AB%E3%82%B0%E3%83%A9%E3%83%B3%E3%83%89%E3%82%B7%E3%83%86%E3%82%A3%22%20%E3%81%98%E3%82%83%E3%82%89%E3%82%93,https://www.jalan.net/yad317472/,2026-08-08T16:29:04+09:00,
185,stage-062-2,ホテルリソル池袋,東京都,東池袋,東池袋・池袋,stage-062,62,あうるすぽっと,2,stage,https://www.jalan.net/yad386545/,ホテルリソル池袋,verified,1.0,True,True,hotel name matches Jalan page; location context consistent,https://search.yahoo.co.jp/search?p=%22%E3%83%9B%E3%83%86%E3%83%AB%E3%83%AA%E3%82%BD%E3%83%AB%E6%B1%A0%E8%A2%8B%22%20%E3%81%98%E3%82%83%E3%82%89%E3%82%93,https://www.jalan.net/yad386545/,2026-08-08T16:29:08+09:00,
186,stage-062-3,京王プレッソイン池袋,東京都,東池袋,東池袋・池袋,stage-062,62,あうるすぽっと,3,stage,https://www.jalan.net/yad333355/,京王プレッソイン池袋,verified,1.0,True,True,hotel name matches Jalan page; location context consistent,https://search.yahoo.co.jp/search?p=%22%E4%BA%AC%E7%8E%8B%E3%83%97%E3%83%AC%E3%83%83%E3%82%BD%E3%82%A4%E3%83%B3%E6%B1%A0%E8%A2%8B%22%20%E3%81%98%E3%82%83%E3%82%89%E3%82%93,https://www.jalan.net/yad333355/,2026-08-08T16:29:12+09:00,
187,stage-063-1,TOKIO's HOTEL,東京都,王子,王子,stage-063,63,北とぴあ さくらホール,1,stage,,,not_found,,,,no verified Jalan facility page found,https://search.yahoo.co.jp/search?p=%22TOKIO%27s%20HOTEL%22%20%E3%81%98%E3%82%83%E3%82%89%E3%82%93,,2026-08-08T16:29:19+09:00,
188,stage-063-2,東横INN京浜東北線王子駅北口,東京都,王子,王子,stage-063,63,北とぴあ さくらホール,2,stage,https://www.jalan.net/yad378762/,東横ＩＮＮ京浜東北線王子駅北口,verified,1.0,True,True,hotel name matches Jalan page; location context consistent,https://search.yahoo.co.jp/search?p=%22%E6%9D%B1%E6%A8%AAINN%E4%BA%AC%E6%B5%9C%E6%9D%B1%E5%8C%97%E7%B7%9A%E7%8E%8B%E5%AD%90%E9%A7%85%E5%8C%97%E5%8F%A3%22%20%E3%81%98%E3%82%83%E3%82%89%E3%82%93,https://www.jalan.net/yad378762/,2026-08-08T16:29:23+09:00,
189,stage-063-3,JR東日本ホテルメッツ 赤羽,東京都,王子,赤羽,stage-063,63,北とぴあ さくらホール,3,stage,https://www.jalan.net/yad312583/,JR東日本ホテルメッツ 赤羽,verified,1.0,True,True,hotel name matches Jalan page; location context consistent,https://search.yahoo.co.jp/search?p=%22JR%E6%9D%B1%E6%97%A5%E6%9C%AC%E3%83%9B%E3%83%86%E3%83%AB%E3%83%A1%E3%83%83%E3%83%84%20%E8%B5%A4%E7%BE%BD%22%20%E3%81%98%E3%82%83%E3%82%89%E3%82%93,https://www.jalan.net/yad312583/,2026-08-08T16:29:27+09:00,
190,stage-064-1,ホテルカデンツァ東京,東京都,光が丘,光が丘,stage-064,64,IMAホール,1,stage,https://www.jalan.net/yad318646/,ホテルカデンツァ東京,verified,1.0,True,True,hotel name matches Jalan page; location context consistent,https://search.yahoo.co.jp/search?p=%22%E3%83%9B%E3%83%86%E3%83%AB%E3%82%AB%E3%83%87%E3%83%B3%E3%83%84%E3%82%A1%E6%9D%B1%E4%BA%AC%22%20%E3%81%98%E3%82%83%E3%82%89%E3%82%93,https://www.jalan.net/yad318646/,2026-08-08T16:29:31+09:00,
191,stage-064-2,和光市東武ホテル,東京都,光が丘,和光市,stage-064,64,IMAホール,2,stage,https://www.jalan.net/yad370584/,和光市東武ホテル,verified,1.0,False,True,hotel name matches Jalan page; location context consistent,https://search.yahoo.co.jp/search?p=%22%E5%92%8C%E5%85%89%E5%B8%82%E6%9D%B1%E6%AD%A6%E3%83%9B%E3%83%86%E3%83%AB%22%20%E3%81%98%E3%82%83%E3%82%89%E3%82%93,https://www.jalan.net/yad370584/,2026-08-08T16:27:30+09:00,
192,stage-064-3,東横INN和光市駅前,東京都,光が丘,和光市,stage-064,64,IMAホール,3,stage,https://www.jalan.net/yad329704/,東横ＩＮＮ和光市駅前,verified,1.0,False,True,hotel name matches Jalan page; location context consistent,https://search.yahoo.co.jp/search?p=%22%E6%9D%B1%E6%A8%AAINN%E5%92%8C%E5%85%89%E5%B8%82%E9%A7%85%E5%89%8D%22%20%E3%81%98%E3%82%83%E3%82%89%E3%82%93,https://www.jalan.net/yad329704/,2026-08-08T16:27:33+09:00,
193,stage-065-1,東急ステイ目黒・祐天寺,東京都,都立大学,祐天寺,stage-065,65,めぐろパーシモンホール 大ホール,1,stage,https://www.jalan.net/yad322009/,東急ステイ目黒・祐天寺,verified,1.0,True,True,hotel name matches Jalan page; location context consistent,https://search.yahoo.co.jp/search?p=%22%E6%9D%B1%E6%80%A5%E3%82%B9%E3%83%86%E3%82%A4%E7%9B%AE%E9%BB%92%E3%83%BB%E7%A5%90%E5%A4%A9%E5%AF%BA%22%20%E3%81%98%E3%82%83%E3%82%89%E3%82%93,https://www.jalan.net/yad322009/,2026-08-08T16:27:36+09:00,
194,stage-065-2,ホテルミッドイン目黒駅前,東京都,都立大学,目黒,stage-065,65,めぐろパーシモンホール 大ホール,2,stage,,ネストホテルオルト目黒駅前,needs_review,0.56,True,True,candidate exists but name/location match is not strong enough,https://search.yahoo.co.jp/search?p=%22%E3%83%9B%E3%83%86%E3%83%AB%E3%83%9F%E3%83%83%E3%83%89%E3%82%A4%E3%83%B3%E7%9B%AE%E9%BB%92%E9%A7%85%E5%89%8D%22%20%E3%81%98%E3%82%83%E3%82%89%E3%82%93,https://www.jalan.net/yad351481/,2026-08-08T16:27:39+09:00,
195,stage-065-3,ホテルアベスト目黒,東京都,都立大学,目黒,stage-065,65,めぐろパーシモンホール 大ホール,3,stage,https://www.jalan.net/yad375748/,ホテルアベスト目黒,verified,1.0,True,True,hotel name matches Jalan page; location context consistent,https://search.yahoo.co.jp/search?p=%22%E3%83%9B%E3%83%86%E3%83%AB%E3%82%A2%E3%83%99%E3%82%B9%E3%83%88%E7%9B%AE%E9%BB%92%22%20%E3%81%98%E3%82%83%E3%82%89%E3%82%93,https://www.jalan.net/yad375748/,2026-08-08T16:27:43+09:00,
196,stage-066-1,ホテルマイステイズ蒲田,東京都,蒲田,蒲田,stage-066,66,大田区民ホール・アプリコ 大ホール,1,stage,https://www.jalan.net/yad328010/,ホテルマイステイズ蒲田,verified,1.0,True,True,hotel name matches Jalan page; location context consistent,https://search.yahoo.co.jp/search?p=%22%E3%83%9B%E3%83%86%E3%83%AB%E3%83%9E%E3%82%A4%E3%82%B9%E3%83%86%E3%82%A4%E3%82%BA%E8%92%B2%E7%94%B0%22%20%E3%81%98%E3%82%83%E3%82%89%E3%82%93,https://www.jalan.net/yad328010/,2026-08-08T16:27:46+09:00,
197,stage-066-2,ビジネスイン和,東京都,蒲田,蒲田,stage-066,66,大田区民ホール・アプリコ 大ホール,2,stage,https://www.jalan.net/yad380776/,ビジネスイン和,verified,1.0,True,True,hotel name matches Jalan page; location context consistent,https://search.yahoo.co.jp/search?p=%22%E3%83%93%E3%82%B8%E3%83%8D%E3%82%B9%E3%82%A4%E3%83%B3%E5%92%8C%22%20%E3%81%98%E3%82%83%E3%82%89%E3%82%93,https://www.jalan.net/yad380776/,2026-08-08T16:27:50+09:00,
198,stage-066-3,グランパークホテル パネックス東京,東京都,蒲田,蒲田,stage-066,66,大田区民ホール・アプリコ 大ホール,3,stage,https://www.jalan.net/yad332385/,グランパークホテル パネックス東京,verified,1.0,True,True,hotel name matches Jalan page; location context consistent,https://search.yahoo.co.jp/search?p=%22%E3%82%B0%E3%83%A9%E3%83%B3%E3%83%91%E3%83%BC%E3%82%AF%E3%83%9B%E3%83%86%E3%83%AB%20%E3%83%91%E3%83%8D%E3%83%83%E3%82%AF%E3%82%B9%E6%9D%B1%E4%BA%AC%22%20%E3%81%98%E3%82%83%E3%82%89%E3%82%93,https://www.jalan.net/yad332385/,2026-08-08T16:27:53+09:00,
199,stage-067-1,ホテル トレンド 浅草,東京都,浅草,浅草,stage-067,67,浅草公会堂,1,stage,https://www.jalan.net/yad337634/,ホテルトレンド浅草,verified,1.0,True,True,hotel name matches Jalan page; location context consistent,https://search.yahoo.co.jp/search?p=%22%E3%83%9B%E3%83%86%E3%83%AB%20%E3%83%88%E3%83%AC%E3%83%B3%E3%83%89%20%E6%B5%85%E8%8D%89%22%20%E3%81%98%E3%82%83%E3%82%89%E3%82%93,https://www.jalan.net/yad337634/,2026-08-08T16:27:56+09:00,
200,stage-067-2,アパホテル〈浅草 田原町駅前〉,東京都,浅草,田原町・浅草,stage-067,67,浅草公会堂,2,stage,https://www.jalan.net/yad347008/,アパホテル〈浅草 田原町駅前〉,verified,1.0,True,True,hotel name matches Jalan page; location context consistent,https://search.yahoo.co.jp/search?p=%22%E3%82%A2%E3%83%91%E3%83%9B%E3%83%86%E3%83%AB%E3%80%88%E6%B5%85%E8%8D%89%20%E7%94%B0%E5%8E%9F%E7%94%BA%E9%A7%85%E5%89%8D%E3%80%89%22%20%E3%81%98%E3%82%83%E3%82%89%E3%82%93,https://www.jalan.net/yad347008/,2026-08-08T16:28:00+09:00,
201,stage-067-3,ホテルウィングインターナショナルセレクト浅草駒形,東京都,浅草,浅草・蔵前,stage-067,67,浅草公会堂,3,stage,,KOKO HOTEL 浅草駒形,needs_review,0.2162,True,True,candidate exists but name/location match is not strong enough,https://search.yahoo.co.jp/search?p=%22%E3%83%9B%E3%83%86%E3%83%AB%E3%82%A6%E3%82%A3%E3%83%B3%E3%82%B0%E3%82%A4%E3%83%B3%E3%82%BF%E3%83%BC%E3%83%8A%E3%82%B7%E3%83%A7%E3%83%8A%E3%83%AB%E3%82%BB%E3%83%AC%E3%82%AF%E3%83%88%E6%B5%85%E8%8D%89%E9%A7%92%E5%BD%A2%22%20%E3%81%98%E3%82%83%E3%82%89%E3%82%93,https://www.jalan.net/yad357688/,2026-08-08T16:28:03+09:00,
202,stage-068-1,ホテル トレンド 浅草,東京都,浅草,浅草,stage-068,68,浅草花劇場,1,stage,https://www.jalan.net/yad337634/,ホテルトレンド浅草,verified,1.0,True,True,hotel name matches Jalan page; location context consistent,https://search.yahoo.co.jp/search?p=%22%E3%83%9B%E3%83%86%E3%83%AB%20%E3%83%88%E3%83%AC%E3%83%B3%E3%83%89%20%E6%B5%85%E8%8D%89%22%20%E3%81%98%E3%82%83%E3%82%89%E3%82%93,https://www.jalan.net/yad337634/,2026-08-08T16:27:56+09:00,
203,stage-068-2,アパホテル〈浅草 田原町駅前〉,東京都,浅草,田原町・浅草,stage-068,68,浅草花劇場,2,stage,https://www.jalan.net/yad347008/,アパホテル〈浅草 田原町駅前〉,verified,1.0,True,True,hotel name matches Jalan page; location context consistent,https://search.yahoo.co.jp/search?p=%22%E3%82%A2%E3%83%91%E3%83%9B%E3%83%86%E3%83%AB%E3%80%88%E6%B5%85%E8%8D%89%20%E7%94%B0%E5%8E%9F%E7%94%BA%E9%A7%85%E5%89%8D%E3%80%89%22%20%E3%81%98%E3%82%83%E3%82%89%E3%82%93,https://www.jalan.net/yad347008/,2026-08-08T16:28:00+09:00,
204,stage-068-3,ホテルウィングインターナショナルセレクト浅草駒形,東京都,浅草,浅草・蔵前,stage-068,68,浅草花劇場,3,stage,,KOKO HOTEL 浅草駒形,needs_review,0.2162,True,True,candidate exists but name/location match is not strong enough,https://search.yahoo.co.jp/search?p=%22%E3%83%9B%E3%83%86%E3%83%AB%E3%82%A6%E3%82%A3%E3%83%B3%E3%82%B0%E3%82%A4%E3%83%B3%E3%82%BF%E3%83%BC%E3%83%8A%E3%82%B7%E3%83%A7%E3%83%8A%E3%83%AB%E3%82%BB%E3%83%AC%E3%82%AF%E3%83%88%E6%B5%85%E8%8D%89%E9%A7%92%E5%BD%A2%22%20%E3%81%98%E3%82%83%E3%82%89%E3%82%93,https://www.jalan.net/yad357688/,2026-08-08T16:28:03+09:00,
205,stage-069-1,スーパーホテル品川・新馬場,東京都,新馬場・北品川,新馬場,stage-069,69,六行会ホール,1,stage,https://www.jalan.net/yad304182/,スーパーホテル品川・新馬場 高濃度炭酸泉 七福神の湯,verified,0.97,True,True,hotel name matches Jalan page; location context consistent,https://search.yahoo.co.jp/search?p=%22%E3%82%B9%E3%83%BC%E3%83%91%E3%83%BC%E3%83%9B%E3%83%86%E3%83%AB%E5%93%81%E5%B7%9D%E3%83%BB%E6%96%B0%E9%A6%AC%E5%A0%B4%22%20%E3%81%98%E3%82%83%E3%82%89%E3%82%93,https://www.jalan.net/yad304182/,2026-08-08T16:28:10+09:00,
206,stage-069-2,東横INN品川港南口天王洲アイル,東京都,新馬場・北品川,天王洲アイル,stage-069,69,六行会ホール,2,stage,https://www.jalan.net/yad390736/,東横ＩＮＮ品川港南口天王洲アイル,verified,1.0,True,True,hotel name matches Jalan page; location context consistent,https://search.yahoo.co.jp/search?p=%22%E6%9D%B1%E6%A8%AAINN%E5%93%81%E5%B7%9D%E6%B8%AF%E5%8D%97%E5%8F%A3%E5%A4%A9%E7%8E%8B%E6%B4%B2%E3%82%A2%E3%82%A4%E3%83%AB%22%20%E3%81%98%E3%82%83%E3%82%89%E3%82%93,https://www.jalan.net/yad390736/,2026-08-08T16:28:13+09:00,
207,stage-069-3,アパホテル〈品川 泉岳寺駅前〉,東京都,新馬場・北品川,泉岳寺,stage-069,69,六行会ホール,3,stage,https://www.jalan.net/yad354769/,アパホテル〈品川 泉岳寺駅前〉,verified,1.0,True,True,hotel name matches Jalan page; location context consistent,https://search.yahoo.co.jp/search?p=%22%E3%82%A2%E3%83%91%E3%83%9B%E3%83%86%E3%83%AB%E3%80%88%E5%93%81%E5%B7%9D%20%E6%B3%89%E5%B2%B3%E5%AF%BA%E9%A7%85%E5%89%8D%E3%80%89%22%20%E3%81%98%E3%82%83%E3%82%89%E3%82%93,https://www.jalan.net/yad354769/,2026-08-08T16:28:17+09:00,
208,stage-070-1,ホテルグランドシティ,東京都,池袋東口,池袋東口,stage-070,70,Theater Mixa,1,stage,https://www.jalan.net/yad317472/,ホテルグランドシティ,verified,1.0,True,False,hotel name matches Jalan page; location context consistent,https://search.yahoo.co.jp/search?p=%22%E3%83%9B%E3%83%86%E3%83%AB%E3%82%B0%E3%83%A9%E3%83%B3%E3%83%89%E3%82%B7%E3%83%86%E3%82%A3%22%20%E3%81%98%E3%82%83%E3%82%89%E3%82%93,https://www.jalan.net/yad317472/,2026-08-08T16:28:21+09:00,
209,stage-070-2,ホテルリソル池袋,東京都,池袋東口,東池袋・池袋,stage-070,70,Theater Mixa,2,stage,https://www.jalan.net/yad386545/,ホテルリソル池袋,verified,1.0,True,True,hotel name matches Jalan page; location context consistent,https://search.yahoo.co.jp/search?p=%22%E3%83%9B%E3%83%86%E3%83%AB%E3%83%AA%E3%82%BD%E3%83%AB%E6%B1%A0%E8%A2%8B%22%20%E3%81%98%E3%82%83%E3%82%89%E3%82%93,https://www.jalan.net/yad386545/,2026-08-08T16:28:24+09:00,
210,stage-070-3,京王プレッソイン池袋,東京都,池袋東口,東池袋・池袋,stage-070,70,Theater Mixa,3,stage,https://www.jalan.net/yad333355/,京王プレッソイン池袋,verified,1.0,True,True,hotel name matches Jalan page; location context consistent,https://search.yahoo.co.jp/search?p=%22%E4%BA%AC%E7%8E%8B%E3%83%97%E3%83%AC%E3%83%83%E3%82%BD%E3%82%A4%E3%83%B3%E6%B1%A0%E8%A2%8B%22%20%E3%81%98%E3%82%83%E3%82%89%E3%82%93,https://www.jalan.net/yad333355/,2026-08-08T16:28:27+09:00,
211,stage-071-1,アパホテル〈上野駅前〉,東京都,上野・稲荷町,上野,stage-071,71,飛行船シアター,1,stage,https://www.jalan.net/yad309641/,アパホテル〈上野駅前〉,verified,1.0,True,True,hotel name matches Jalan page; location context consistent,https://search.yahoo.co.jp/search?p=%22%E3%82%A2%E3%83%91%E3%83%9B%E3%83%86%E3%83%AB%E3%80%88%E4%B8%8A%E9%87%8E%E9%A7%85%E5%89%8D%E3%80%89%22%20%E3%81%98%E3%82%83%E3%82%89%E3%82%93,https://www.jalan.net/yad309641/,2026-08-08T16:28:31+09:00,
212,stage-071-2,上野ホテル,東京都,上野・稲荷町,上野・入谷,stage-071,71,飛行船シアター,2,stage,https://www.jalan.net/yad349496/,Uhome上野ホテル,verified,0.97,True,True,hotel name matches Jalan page; location context consistent,https://search.yahoo.co.jp/search?p=%22%E4%B8%8A%E9%87%8E%E3%83%9B%E3%83%86%E3%83%AB%22%20%E3%81%98%E3%82%83%E3%82%89%E3%82%93,https://www.jalan.net/yad349496/,2026-08-08T16:28:39+09:00,
213,stage-071-3,ベッセルイン上野入谷駅前,東京都,上野・稲荷町,入谷,stage-071,71,飛行船シアター,3,stage,https://www.jalan.net/yad316610/,ベッセルイン上野入谷駅前,verified,1.0,True,True,hotel name matches Jalan page; location context consistent,https://search.yahoo.co.jp/search?p=%22%E3%83%99%E3%83%83%E3%82%BB%E3%83%AB%E3%82%A4%E3%83%B3%E4%B8%8A%E9%87%8E%E5%85%A5%E8%B0%B7%E9%A7%85%E5%89%8D%22%20%E3%81%98%E3%82%83%E3%82%89%E3%82%93,https://www.jalan.net/yad316610/,2026-08-08T16:28:42+09:00,
214,stage-072-1,ホテルエミシア東京立川,東京都,立川,立川,stage-072,72,TACHIKAWA STAGE GARDEN,1,stage,https://www.jalan.net/yad322793/,ホテルエミシア東京立川,verified,1.0,True,True,hotel name matches Jalan page; location context consistent,https://search.yahoo.co.jp/search?p=%22%E3%83%9B%E3%83%86%E3%83%AB%E3%82%A8%E3%83%9F%E3%82%B7%E3%82%A2%E6%9D%B1%E4%BA%AC%E7%AB%8B%E5%B7%9D%22%20%E3%81%98%E3%82%83%E3%82%89%E3%82%93,https://www.jalan.net/yad322793/,2026-08-08T16:28:46+09:00,
215,stage-072-2,立川リージェントホテル,東京都,立川,立川,stage-072,72,TACHIKAWA STAGE GARDEN,2,stage,https://www.jalan.net/yad378921/,立川リージェントホテル,verified,1.0,True,True,hotel name matches Jalan page; location context consistent,https://search.yahoo.co.jp/search?p=%22%E7%AB%8B%E5%B7%9D%E3%83%AA%E3%83%BC%E3%82%B8%E3%82%A7%E3%83%B3%E3%83%88%E3%83%9B%E3%83%86%E3%83%AB%22%20%E3%81%98%E3%82%83%E3%82%89%E3%82%93,https://www.jalan.net/yad378921/,2026-08-08T16:28:49+09:00,
216,stage-072-3,ホテルマイステイズ立川,東京都,立川,立川,stage-072,72,TACHIKAWA STAGE GARDEN,3,stage,https://www.jalan.net/yad314924/,ホテルマイステイズ立川,verified,1.0,True,True,hotel name matches Jalan page; location context consistent,https://search.yahoo.co.jp/search?p=%22%E3%83%9B%E3%83%86%E3%83%AB%E3%83%9E%E3%82%A4%E3%82%B9%E3%83%86%E3%82%A4%E3%82%BA%E7%AB%8B%E5%B7%9D%22%20%E3%81%98%E3%82%83%E3%82%89%E3%82%93,https://www.jalan.net/yad314924/,2026-08-08T16:28:53+09:00,
217,stage-073-1,京急EXイン 羽田イノベーションシティ,東京都,天空橋,天空橋,stage-073,73,Zepp Haneda (TOKYO),1,stage,https://www.jalan.net/yad317988/,京急ＥＸイン 羽田イノベーションシティ,verified,1.0,True,True,hotel name matches Jalan page; location context consistent,https://search.yahoo.co.jp/search?p=%22%E4%BA%AC%E6%80%A5EX%E3%82%A4%E3%83%B3%20%E7%BE%BD%E7%94%B0%E3%82%A4%E3%83%8E%E3%83%99%E3%83%BC%E3%82%B7%E3%83%A7%E3%83%B3%E3%82%B7%E3%83%86%E3%82%A3%22%20%E3%81%98%E3%82%83%E3%82%89%E3%82%93,https://www.jalan.net/yad317988/,2026-08-08T16:28:56+09:00,
218,stage-073-2,ホテルメトロポリタン 羽田,東京都,天空橋,天空橋,stage-073,73,Zepp Haneda (TOKYO),2,stage,https://www.jalan.net/yad308818/,ホテルメトロポリタン羽田,verified,1.0,True,True,hotel name matches Jalan page; location context consistent,https://search.yahoo.co.jp/search?p=%22%E3%83%9B%E3%83%86%E3%83%AB%E3%83%A1%E3%83%88%E3%83%AD%E3%83%9D%E3%83%AA%E3%82%BF%E3%83%B3%20%E7%BE%BD%E7%94%B0%22%20%E3%81%98%E3%82%83%E3%82%89%E3%82%93,https://www.jalan.net/yad308818/,2026-08-08T16:29:00+09:00,
219,stage-073-3,京急EXイン 羽田,東京都,天空橋,天空橋・穴守稲荷,stage-073,73,Zepp Haneda (TOKYO),3,stage,,京急ＥＸイン羽田[天空橋駅前Ａ２出口徒歩３分],needs_review,0.97,True,True,multiple Jalan candidates have similar scores,https://search.yahoo.co.jp/search?p=%22%E4%BA%AC%E6%80%A5EX%E3%82%A4%E3%83%B3%20%E7%BE%BD%E7%94%B0%22%20%E3%81%98%E3%82%83%E3%82%89%E3%82%93,https://www.jalan.net/yad354515/,2026-08-08T16:29:06+09:00,
220,stage-074-1,東横INN鶯谷駅前,東京都,鶯谷,鶯谷,stage-074,74,東京キネマ倶楽部,1,stage,https://www.jalan.net/yad356514/,東横ＩＮＮ鶯谷駅前,verified,1.0,True,True,hotel name matches Jalan page; location context consistent,https://search.yahoo.co.jp/search?p=%22%E6%9D%B1%E6%A8%AAINN%E9%B6%AF%E8%B0%B7%E9%A7%85%E5%89%8D%22%20%E3%81%98%E3%82%83%E3%82%89%E3%82%93,https://www.jalan.net/yad356514/,2026-08-08T16:29:09+09:00,
221,stage-074-2,ホテルセレッソ,東京都,鶯谷,鶯谷・日暮里,stage-074,74,東京キネマ倶楽部,2,stage,https://www.jalan.net/yad304178/,ホテル セレッソ,verified,1.0,True,True,hotel name matches Jalan page; location context consistent,https://search.yahoo.co.jp/search?p=%22%E3%83%9B%E3%83%86%E3%83%AB%E3%82%BB%E3%83%AC%E3%83%83%E3%82%BD%22%20%E3%81%98%E3%82%83%E3%82%89%E3%82%93,https://www.jalan.net/yad304178/,2026-08-08T16:29:12+09:00,
222,stage-074-3,ベッセルイン上野入谷駅前,東京都,鶯谷,入谷,stage-074,74,東京キネマ倶楽部,3,stage,https://www.jalan.net/yad316610/,ベッセルイン上野入谷駅前,verified,1.0,True,True,hotel name matches Jalan page; location context consistent,https://search.yahoo.co.jp/search?p=%22%E3%83%99%E3%83%83%E3%82%BB%E3%83%AB%E3%82%A4%E3%83%B3%E4%B8%8A%E9%87%8E%E5%85%A5%E8%B0%B7%E9%A7%85%E5%89%8D%22%20%E3%81%98%E3%82%83%E3%82%89%E3%82%93,https://www.jalan.net/yad316610/,2026-08-08T16:28:42+09:00,
223,stage-075-1,ホテルJALシティ関内 横浜,神奈川県,日本大通り・山下町,日本大通り,stage-075,75,KAAT 神奈川芸術劇場 ホール,1,stage,https://www.jalan.net/yad362892/,ホテルＪＡＬシティ関内横浜,verified,1.0,True,True,hotel name matches Jalan page; location context consistent,https://search.yahoo.co.jp/search?p=%22%E3%83%9B%E3%83%86%E3%83%ABJAL%E3%82%B7%E3%83%86%E3%82%A3%E9%96%A2%E5%86%85%20%E6%A8%AA%E6%B5%9C%22%20%E3%81%98%E3%82%83%E3%82%89%E3%82%93,https://www.jalan.net/yad362892/,2026-08-08T16:29:16+09:00,
224,stage-075-2,コンフォートホテル横浜関内,神奈川県,日本大通り・山下町,関内,stage-075,75,KAAT 神奈川芸術劇場 ホール,2,stage,https://www.jalan.net/yad332780/,コンフォートホテル横浜関内,verified,1.0,True,True,hotel name matches Jalan page; location context consistent,https://search.yahoo.co.jp/search?p=%22%E3%82%B3%E3%83%B3%E3%83%95%E3%82%A9%E3%83%BC%E3%83%88%E3%83%9B%E3%83%86%E3%83%AB%E6%A8%AA%E6%B5%9C%E9%96%A2%E5%86%85%22%20%E3%81%98%E3%82%83%E3%82%89%E3%82%93,https://www.jalan.net/yad332780/,2026-08-08T16:29:19+09:00,
225,stage-075-3,ダイワロイネットホテル横浜公園,神奈川県,日本大通り・山下町,日本大通り・関内,stage-075,75,KAAT 神奈川芸術劇場 ホール,3,stage,https://www.jalan.net/yad385556/,ダイワロイネットホテル横浜公園,verified,1.0,True,True,hotel name matches Jalan page; location context consistent,https://search.yahoo.co.jp/search?p=%22%E3%83%80%E3%82%A4%E3%83%AF%E3%83%AD%E3%82%A4%E3%83%8D%E3%83%83%E3%83%88%E3%83%9B%E3%83%86%E3%83%AB%E6%A8%AA%E6%B5%9C%E5%85%AC%E5%9C%92%22%20%E3%81%98%E3%82%83%E3%82%89%E3%82%93,https://www.jalan.net/yad385556/,2026-08-08T16:29:22+09:00,
226,stage-076-1,ホテルJALシティ関内 横浜,神奈川県,日本大通り・山下町,日本大通り,stage-076,76,KAAT 神奈川芸術劇場 大スタジオ,1,stage,https://www.jalan.net/yad362892/,ホテルＪＡＬシティ関内横浜,verified,1.0,True,True,hotel name matches Jalan page; location context consistent,https://search.yahoo.co.jp/search?p=%22%E3%83%9B%E3%83%86%E3%83%ABJAL%E3%82%B7%E3%83%86%E3%82%A3%E9%96%A2%E5%86%85%20%E6%A8%AA%E6%B5%9C%22%20%E3%81%98%E3%82%83%E3%82%89%E3%82%93,https://www.jalan.net/yad362892/,2026-08-08T16:29:16+09:00,
227,stage-076-2,コンフォートホテル横浜関内,神奈川県,日本大通り・山下町,関内,stage-076,76,KAAT 神奈川芸術劇場 大スタジオ,2,stage,https://www.jalan.net/yad332780/,コンフォートホテル横浜関内,verified,1.0,True,True,hotel name matches Jalan page; location context consistent,https://search.yahoo.co.jp/search?p=%22%E3%82%B3%E3%83%B3%E3%83%95%E3%82%A9%E3%83%BC%E3%83%88%E3%83%9B%E3%83%86%E3%83%AB%E6%A8%AA%E6%B5%9C%E9%96%A2%E5%86%85%22%20%E3%81%98%E3%82%83%E3%82%89%E3%82%93,https://www.jalan.net/yad332780/,2026-08-08T16:29:19+09:00,
228,stage-076-3,ダイワロイネットホテル横浜公園,神奈川県,日本大通り・山下町,日本大通り・関内,stage-076,76,KAAT 神奈川芸術劇場 大スタジオ,3,stage,https://www.jalan.net/yad385556/,ダイワロイネットホテル横浜公園,verified,1.0,True,True,hotel name matches Jalan page; location context consistent,https://search.yahoo.co.jp/search?p=%22%E3%83%80%E3%82%A4%E3%83%AF%E3%83%AD%E3%82%A4%E3%83%8D%E3%83%83%E3%83%88%E3%83%9B%E3%83%86%E3%83%AB%E6%A8%AA%E6%B5%9C%E5%85%AC%E5%9C%92%22%20%E3%81%98%E3%82%83%E3%82%89%E3%82%93,https://www.jalan.net/yad385556/,2026-08-08T16:29:22+09:00,
229,stage-077-1,横浜桜木町ワシントンホテル,神奈川県,みなとみらい・桜木町,桜木町,stage-077,77,ぴあアリーナMM,1,stage,https://www.jalan.net/yad322644/,横浜桜木町ワシントンホテル,verified,1.0,True,True,hotel name matches Jalan page; location context consistent,https://search.yahoo.co.jp/search?p=%22%E6%A8%AA%E6%B5%9C%E6%A1%9C%E6%9C%A8%E7%94%BA%E3%83%AF%E3%82%B7%E3%83%B3%E3%83%88%E3%83%B3%E3%83%9B%E3%83%86%E3%83%AB%22%20%E3%81%98%E3%82%83%E3%82%89%E3%82%93,https://www.jalan.net/yad322644/,2026-08-08T16:27:30+09:00,
230,stage-077-2,ニューオータニイン横浜プレミアム,神奈川県,みなとみらい・桜木町,桜木町,stage-077,77,ぴあアリーナMM,2,stage,https://www.jalan.net/yad362198/,ニューオータニイン横浜プレミアム,verified,1.0,True,True,hotel name matches Jalan page; location context consistent,https://search.yahoo.co.jp/search?p=%22%E3%83%8B%E3%83%A5%E3%83%BC%E3%82%AA%E3%83%BC%E3%82%BF%E3%83%8B%E3%82%A4%E3%83%B3%E6%A8%AA%E6%B5%9C%E3%83%97%E3%83%AC%E3%83%9F%E3%82%A2%E3%83%A0%22%20%E3%81%98%E3%82%83%E3%82%89%E3%82%93,https://www.jalan.net/yad362198/,2026-08-08T16:27:34+09:00,
231,stage-077-3,相鉄フレッサイン 横浜桜木町,神奈川県,みなとみらい・桜木町,馬車道,stage-077,77,ぴあアリーナMM,3,stage,https://www.jalan.net/yad369618/,相鉄フレッサイン横浜桜木町,verified,1.0,True,True,hotel name matches Jalan page; location context consistent,https://search.yahoo.co.jp/search?p=%22%E7%9B%B8%E9%89%84%E3%83%95%E3%83%AC%E3%83%83%E3%82%B5%E3%82%A4%E3%83%B3%20%E6%A8%AA%E6%B5%9C%E6%A1%9C%E6%9C%A8%E7%94%BA%22%20%E3%81%98%E3%82%83%E3%82%89%E3%82%93,https://www.jalan.net/yad369618/,2026-08-08T16:27:37+09:00,
232,stage-078-1,横浜桜木町ワシントンホテル,神奈川県,みなとみらい,桜木町,stage-078,78,パシフィコ横浜 国立大ホール,1,stage,https://www.jalan.net/yad322644/,横浜桜木町ワシントンホテル,verified,1.0,True,True,hotel name matches Jalan page; location context consistent,https://search.yahoo.co.jp/search?p=%22%E6%A8%AA%E6%B5%9C%E6%A1%9C%E6%9C%A8%E7%94%BA%E3%83%AF%E3%82%B7%E3%83%B3%E3%83%88%E3%83%B3%E3%83%9B%E3%83%86%E3%83%AB%22%20%E3%81%98%E3%82%83%E3%82%89%E3%82%93,https://www.jalan.net/yad322644/,2026-08-08T16:27:30+09:00,
233,stage-078-2,ニューオータニイン横浜プレミアム,神奈川県,みなとみらい,桜木町,stage-078,78,パシフィコ横浜 国立大ホール,2,stage,https://www.jalan.net/yad362198/,ニューオータニイン横浜プレミアム,verified,1.0,True,True,hotel name matches Jalan page; location context consistent,https://search.yahoo.co.jp/search?p=%22%E3%83%8B%E3%83%A5%E3%83%BC%E3%82%AA%E3%83%BC%E3%82%BF%E3%83%8B%E3%82%A4%E3%83%B3%E6%A8%AA%E6%B5%9C%E3%83%97%E3%83%AC%E3%83%9F%E3%82%A2%E3%83%A0%22%20%E3%81%98%E3%82%83%E3%82%89%E3%82%93,https://www.jalan.net/yad362198/,2026-08-08T16:27:34+09:00,
234,stage-078-3,相鉄フレッサイン 横浜桜木町,神奈川県,みなとみらい,馬車道,stage-078,78,パシフィコ横浜 国立大ホール,3,stage,https://www.jalan.net/yad369618/,相鉄フレッサイン横浜桜木町,verified,1.0,True,True,hotel name matches Jalan page; location context consistent,https://search.yahoo.co.jp/search?p=%22%E7%9B%B8%E9%89%84%E3%83%95%E3%83%AC%E3%83%83%E3%82%B5%E3%82%A4%E3%83%B3%20%E6%A8%AA%E6%B5%9C%E6%A1%9C%E6%9C%A8%E7%94%BA%22%20%E3%81%98%E3%82%83%E3%82%89%E3%82%93,https://www.jalan.net/yad369618/,2026-08-08T16:27:37+09:00,
235,stage-079-1,横浜桜木町ワシントンホテル,神奈川県,新高島・横浜駅東口,桜木町,stage-079,79,KT Zepp Yokohama,1,stage,https://www.jalan.net/yad322644/,横浜桜木町ワシントンホテル,verified,1.0,True,True,hotel name matches Jalan page; location context consistent,https://search.yahoo.co.jp/search?p=%22%E6%A8%AA%E6%B5%9C%E6%A1%9C%E6%9C%A8%E7%94%BA%E3%83%AF%E3%82%B7%E3%83%B3%E3%83%88%E3%83%B3%E3%83%9B%E3%83%86%E3%83%AB%22%20%E3%81%98%E3%82%83%E3%82%89%E3%82%93,https://www.jalan.net/yad322644/,2026-08-08T16:27:30+09:00,
236,stage-079-2,ニューオータニイン横浜プレミアム,神奈川県,新高島・横浜駅東口,桜木町,stage-079,79,KT Zepp Yokohama,2,stage,https://www.jalan.net/yad362198/,ニューオータニイン横浜プレミアム,verified,1.0,True,True,hotel name matches Jalan page; location context consistent,https://search.yahoo.co.jp/search?p=%22%E3%83%8B%E3%83%A5%E3%83%BC%E3%82%AA%E3%83%BC%E3%82%BF%E3%83%8B%E3%82%A4%E3%83%B3%E6%A8%AA%E6%B5%9C%E3%83%97%E3%83%AC%E3%83%9F%E3%82%A2%E3%83%A0%22%20%E3%81%98%E3%82%83%E3%82%89%E3%82%93,https://www.jalan.net/yad362198/,2026-08-08T16:27:34+09:00,
237,stage-079-3,相鉄フレッサイン 横浜桜木町,神奈川県,新高島・横浜駅東口,馬車道,stage-079,79,KT Zepp Yokohama,3,stage,https://www.jalan.net/yad369618/,相鉄フレッサイン横浜桜木町,verified,1.0,True,True,hotel name matches Jalan page; location context consistent,https://search.yahoo.co.jp/search?p=%22%E7%9B%B8%E9%89%84%E3%83%95%E3%83%AC%E3%83%83%E3%82%B5%E3%82%A4%E3%83%B3%20%E6%A8%AA%E6%B5%9C%E6%A1%9C%E6%9C%A8%E7%94%BA%22%20%E3%81%98%E3%82%83%E3%82%89%E3%82%93,https://www.jalan.net/yad369618/,2026-08-08T16:27:37+09:00,
238,stage-080-1,ホテルJALシティ関内 横浜,神奈川県,関内・伊勢佐木長者町,日本大通り,stage-080,80,横浜BUNTAI,1,stage,https://www.jalan.net/yad362892/,ホテルＪＡＬシティ関内横浜,verified,1.0,True,True,hotel name matches Jalan page; location context consistent,https://search.yahoo.co.jp/search?p=%22%E3%83%9B%E3%83%86%E3%83%ABJAL%E3%82%B7%E3%83%86%E3%82%A3%E9%96%A2%E5%86%85%20%E6%A8%AA%E6%B5%9C%22%20%E3%81%98%E3%82%83%E3%82%89%E3%82%93,https://www.jalan.net/yad362892/,2026-08-08T16:27:40+09:00,
239,stage-080-2,コンフォートホテル横浜関内,神奈川県,関内・伊勢佐木長者町,関内,stage-080,80,横浜BUNTAI,2,stage,https://www.jalan.net/yad332780/,コンフォートホテル横浜関内,verified,1.0,True,True,hotel name matches Jalan page; location context consistent,https://search.yahoo.co.jp/search?p=%22%E3%82%B3%E3%83%B3%E3%83%95%E3%82%A9%E3%83%BC%E3%83%88%E3%83%9B%E3%83%86%E3%83%AB%E6%A8%AA%E6%B5%9C%E9%96%A2%E5%86%85%22%20%E3%81%98%E3%82%83%E3%82%89%E3%82%93,https://www.jalan.net/yad332780/,2026-08-08T16:27:43+09:00,
240,stage-080-3,ダイワロイネットホテル横浜公園,神奈川県,関内・伊勢佐木長者町,日本大通り・関内,stage-080,80,横浜BUNTAI,3,stage,https://www.jalan.net/yad385556/,ダイワロイネットホテル横浜公園,verified,1.0,True,True,hotel name matches Jalan page; location context consistent,https://search.yahoo.co.jp/search?p=%22%E3%83%80%E3%82%A4%E3%83%AF%E3%83%AD%E3%82%A4%E3%83%8D%E3%83%83%E3%83%88%E3%83%9B%E3%83%86%E3%83%AB%E6%A8%AA%E6%B5%9C%E5%85%AC%E5%9C%92%22%20%E3%81%98%E3%82%83%E3%82%89%E3%82%93,https://www.jalan.net/yad385556/,2026-08-08T16:27:46+09:00,
241,stage-081-1,ホテルJALシティ関内 横浜,神奈川県,関内・馬車道,日本大通り,stage-081,81,関内ホール 大ホール,1,stage,https://www.jalan.net/yad362892/,ホテルＪＡＬシティ関内横浜,verified,1.0,True,True,hotel name matches Jalan page; location context consistent,https://search.yahoo.co.jp/search?p=%22%E3%83%9B%E3%83%86%E3%83%ABJAL%E3%82%B7%E3%83%86%E3%82%A3%E9%96%A2%E5%86%85%20%E6%A8%AA%E6%B5%9C%22%20%E3%81%98%E3%82%83%E3%82%89%E3%82%93,https://www.jalan.net/yad362892/,2026-08-08T16:27:40+09:00,
242,stage-081-2,コンフォートホテル横浜関内,神奈川県,関内・馬車道,関内,stage-081,81,関内ホール 大ホール,2,stage,https://www.jalan.net/yad332780/,コンフォートホテル横浜関内,verified,1.0,True,True,hotel name matches Jalan page; location context consistent,https://search.yahoo.co.jp/search?p=%22%E3%82%B3%E3%83%B3%E3%83%95%E3%82%A9%E3%83%BC%E3%83%88%E3%83%9B%E3%83%86%E3%83%AB%E6%A8%AA%E6%B5%9C%E9%96%A2%E5%86%85%22%20%E3%81%98%E3%82%83%E3%82%89%E3%82%93,https://www.jalan.net/yad332780/,2026-08-08T16:27:43+09:00,
243,stage-081-3,ダイワロイネットホテル横浜公園,神奈川県,関内・馬車道,日本大通り・関内,stage-081,81,関内ホール 大ホール,3,stage,https://www.jalan.net/yad385556/,ダイワロイネットホテル横浜公園,verified,1.0,True,True,hotel name matches Jalan page; location context consistent,https://search.yahoo.co.jp/search?p=%22%E3%83%80%E3%82%A4%E3%83%AF%E3%83%AD%E3%82%A4%E3%83%8D%E3%83%83%E3%83%88%E3%83%9B%E3%83%86%E3%83%AB%E6%A8%AA%E6%B5%9C%E5%85%AC%E5%9C%92%22%20%E3%81%98%E3%82%83%E3%82%89%E3%82%93,https://www.jalan.net/yad385556/,2026-08-08T16:27:46+09:00,
244,stage-082-1,ホテルJALシティ関内 横浜,神奈川県,関内・馬車道,日本大通り,stage-082,82,関内ホール 小ホール,1,stage,https://www.jalan.net/yad362892/,ホテルＪＡＬシティ関内横浜,verified,1.0,True,True,hotel name matches Jalan page; location context consistent,https://search.yahoo.co.jp/search?p=%22%E3%83%9B%E3%83%86%E3%83%ABJAL%E3%82%B7%E3%83%86%E3%82%A3%E9%96%A2%E5%86%85%20%E6%A8%AA%E6%B5%9C%22%20%E3%81%98%E3%82%83%E3%82%89%E3%82%93,https://www.jalan.net/yad362892/,2026-08-08T16:27:40+09:00,
245,stage-082-2,コンフォートホテル横浜関内,神奈川県,関内・馬車道,関内,stage-082,82,関内ホール 小ホール,2,stage,https://www.jalan.net/yad332780/,コンフォートホテル横浜関内,verified,1.0,True,True,hotel name matches Jalan page; location context consistent,https://search.yahoo.co.jp/search?p=%22%E3%82%B3%E3%83%B3%E3%83%95%E3%82%A9%E3%83%BC%E3%83%88%E3%83%9B%E3%83%86%E3%83%AB%E6%A8%AA%E6%B5%9C%E9%96%A2%E5%86%85%22%20%E3%81%98%E3%82%83%E3%82%89%E3%82%93,https://www.jalan.net/yad332780/,2026-08-08T16:27:43+09:00,
246,stage-082-3,ダイワロイネットホテル横浜公園,神奈川県,関内・馬車道,日本大通り・関内,stage-082,82,関内ホール 小ホール,3,stage,https://www.jalan.net/yad385556/,ダイワロイネットホテル横浜公園,verified,1.0,True,True,hotel name matches Jalan page; location context consistent,https://search.yahoo.co.jp/search?p=%22%E3%83%80%E3%82%A4%E3%83%AF%E3%83%AD%E3%82%A4%E3%83%8D%E3%83%83%E3%83%88%E3%83%9B%E3%83%86%E3%83%AB%E6%A8%AA%E6%B5%9C%E5%85%AC%E5%9C%92%22%20%E3%81%98%E3%82%83%E3%82%89%E3%82%93,https://www.jalan.net/yad385556/,2026-08-08T16:27:46+09:00,
247,stage-083-1,横浜桜木町ワシントンホテル,神奈川県,馬車道・みなとみらい,桜木町,stage-083,83,横浜赤レンガ倉庫1号館 3Fホール,1,stage,https://www.jalan.net/yad322644/,横浜桜木町ワシントンホテル,verified,1.0,True,True,hotel name matches Jalan page; location context consistent,https://search.yahoo.co.jp/search?p=%22%E6%A8%AA%E6%B5%9C%E6%A1%9C%E6%9C%A8%E7%94%BA%E3%83%AF%E3%82%B7%E3%83%B3%E3%83%88%E3%83%B3%E3%83%9B%E3%83%86%E3%83%AB%22%20%E3%81%98%E3%82%83%E3%82%89%E3%82%93,https://www.jalan.net/yad322644/,2026-08-08T16:27:30+09:00,
248,stage-083-2,ニューオータニイン横浜プレミアム,神奈川県,馬車道・みなとみらい,桜木町,stage-083,83,横浜赤レンガ倉庫1号館 3Fホール,2,stage,https://www.jalan.net/yad362198/,ニューオータニイン横浜プレミアム,verified,1.0,True,True,hotel name matches Jalan page; location context consistent,https://search.yahoo.co.jp/search?p=%22%E3%83%8B%E3%83%A5%E3%83%BC%E3%82%AA%E3%83%BC%E3%82%BF%E3%83%8B%E3%82%A4%E3%83%B3%E6%A8%AA%E6%B5%9C%E3%83%97%E3%83%AC%E3%83%9F%E3%82%A2%E3%83%A0%22%20%E3%81%98%E3%82%83%E3%82%89%E3%82%93,https://www.jalan.net/yad362198/,2026-08-08T16:27:34+09:00,
249,stage-083-3,相鉄フレッサイン 横浜桜木町,神奈川県,馬車道・みなとみらい,馬車道,stage-083,83,横浜赤レンガ倉庫1号館 3Fホール,3,stage,https://www.jalan.net/yad369618/,相鉄フレッサイン横浜桜木町,verified,1.0,True,True,hotel name matches Jalan page; location context consistent,https://search.yahoo.co.jp/search?p=%22%E7%9B%B8%E9%89%84%E3%83%95%E3%83%AC%E3%83%83%E3%82%B5%E3%82%A4%E3%83%B3%20%E6%A8%AA%E6%B5%9C%E6%A1%9C%E6%9C%A8%E7%94%BA%22%20%E3%81%98%E3%82%83%E3%82%89%E3%82%93,https://www.jalan.net/yad369618/,2026-08-08T16:27:37+09:00,
250,stage-084-1,横浜桜木町ワシントンホテル,神奈川県,桜木町・みなとみらい,桜木町,stage-084,84,横浜ランドマークホール,1,stage,https://www.jalan.net/yad322644/,横浜桜木町ワシントンホテル,verified,1.0,True,True,hotel name matches Jalan page; location context consistent,https://search.yahoo.co.jp/search?p=%22%E6%A8%AA%E6%B5%9C%E6%A1%9C%E6%9C%A8%E7%94%BA%E3%83%AF%E3%82%B7%E3%83%B3%E3%83%88%E3%83%B3%E3%83%9B%E3%83%86%E3%83%AB%22%20%E3%81%98%E3%82%83%E3%82%89%E3%82%93,https://www.jalan.net/yad322644/,2026-08-08T16:27:30+09:00,
251,stage-084-2,ニューオータニイン横浜プレミアム,神奈川県,桜木町・みなとみらい,桜木町,stage-084,84,横浜ランドマークホール,2,stage,https://www.jalan.net/yad362198/,ニューオータニイン横浜プレミアム,verified,1.0,True,True,hotel name matches Jalan page; location context consistent,https://search.yahoo.co.jp/search?p=%22%E3%83%8B%E3%83%A5%E3%83%BC%E3%82%AA%E3%83%BC%E3%82%BF%E3%83%8B%E3%82%A4%E3%83%B3%E6%A8%AA%E6%B5%9C%E3%83%97%E3%83%AC%E3%83%9F%E3%82%A2%E3%83%A0%22%20%E3%81%98%E3%82%83%E3%82%89%E3%82%93,https://www.jalan.net/yad362198/,2026-08-08T16:27:34+09:00,
252,stage-084-3,相鉄フレッサイン 横浜桜木町,神奈川県,桜木町・みなとみらい,馬車道,stage-084,84,横浜ランドマークホール,3,stage,https://www.jalan.net/yad369618/,相鉄フレッサイン横浜桜木町,verified,1.0,True,True,hotel name matches Jalan page; location context consistent,https://search.yahoo.co.jp/search?p=%22%E7%9B%B8%E9%89%84%E3%83%95%E3%83%AC%E3%83%83%E3%82%B5%E3%82%A4%E3%83%B3%20%E6%A8%AA%E6%B5%9C%E6%A1%9C%E6%9C%A8%E7%94%BA%22%20%E3%81%98%E3%82%83%E3%82%89%E3%82%93,https://www.jalan.net/yad369618/,2026-08-08T16:27:37+09:00,
253,stage-085-1,メルキュール横須賀,神奈川県,汐入・横須賀中央,汐入,stage-085,85,横須賀芸術劇場,1,stage,https://www.jalan.net/yad364572/,メルキュールホテル横須賀,verified_fuzzy,0.8571,True,True,hotel name is a fuzzy/renamed match; location context consistent,https://search.yahoo.co.jp/search?p=%22%E3%83%A1%E3%83%AB%E3%82%AD%E3%83%A5%E3%83%BC%E3%83%AB%E6%A8%AA%E9%A0%88%E8%B3%80%22%20%E3%81%98%E3%82%83%E3%82%89%E3%82%93,https://www.jalan.net/yad364572/,2026-08-08T16:27:49+09:00,
254,stage-085-2,ホテルニューヨコスカ,神奈川県,汐入・横須賀中央,横須賀中央,stage-085,85,横須賀芸術劇場,2,stage,https://www.jalan.net/yad325291/,横須賀を体感。アメリカンムード漂う ホテルニューヨコスカ,verified,0.97,True,True,hotel name matches Jalan page; location context consistent,https://search.yahoo.co.jp/search?p=%22%E3%83%9B%E3%83%86%E3%83%AB%E3%83%8B%E3%83%A5%E3%83%BC%E3%83%A8%E3%82%B3%E3%82%B9%E3%82%AB%22%20%E3%81%98%E3%82%83%E3%82%89%E3%82%93,https://www.jalan.net/yad325291/,2026-08-08T16:27:53+09:00,
255,stage-085-3,セントラルホテル横須賀,神奈川県,汐入・横須賀中央,横須賀中央,stage-085,85,横須賀芸術劇場,3,stage,https://www.jalan.net/yad308664/,セントラルホテル 横須賀,verified,1.0,True,True,hotel name matches Jalan page; location context consistent,https://search.yahoo.co.jp/search?p=%22%E3%82%BB%E3%83%B3%E3%83%88%E3%83%A9%E3%83%AB%E3%83%9B%E3%83%86%E3%83%AB%E6%A8%AA%E9%A0%88%E8%B3%80%22%20%E3%81%98%E3%82%83%E3%82%89%E3%82%93,https://www.jalan.net/yad308664/,2026-08-08T16:27:56+09:00,
256,stage-086-1,メルキュール横須賀,神奈川県,汐入・横須賀中央,汐入,stage-086,86,ヨコスカ・ベイサイド・ポケット,1,stage,https://www.jalan.net/yad364572/,メルキュールホテル横須賀,verified_fuzzy,0.8571,True,True,hotel name is a fuzzy/renamed match; location context consistent,https://search.yahoo.co.jp/search?p=%22%E3%83%A1%E3%83%AB%E3%82%AD%E3%83%A5%E3%83%BC%E3%83%AB%E6%A8%AA%E9%A0%88%E8%B3%80%22%20%E3%81%98%E3%82%83%E3%82%89%E3%82%93,https://www.jalan.net/yad364572/,2026-08-08T16:27:49+09:00,
257,stage-086-2,ホテルニューヨコスカ,神奈川県,汐入・横須賀中央,横須賀中央,stage-086,86,ヨコスカ・ベイサイド・ポケット,2,stage,https://www.jalan.net/yad325291/,横須賀を体感。アメリカンムード漂う ホテルニューヨコスカ,verified,0.97,True,True,hotel name matches Jalan page; location context consistent,https://search.yahoo.co.jp/search?p=%22%E3%83%9B%E3%83%86%E3%83%AB%E3%83%8B%E3%83%A5%E3%83%BC%E3%83%A8%E3%82%B3%E3%82%B9%E3%82%AB%22%20%E3%81%98%E3%82%83%E3%82%89%E3%82%93,https://www.jalan.net/yad325291/,2026-08-08T16:27:53+09:00,
258,stage-086-3,セントラルホテル横須賀,神奈川県,汐入・横須賀中央,横須賀中央,stage-086,86,ヨコスカ・ベイサイド・ポケット,3,stage,https://www.jalan.net/yad308664/,セントラルホテル 横須賀,verified,1.0,True,True,hotel name matches Jalan page; location context consistent,https://search.yahoo.co.jp/search?p=%22%E3%82%BB%E3%83%B3%E3%83%88%E3%83%A9%E3%83%AB%E3%83%9B%E3%83%86%E3%83%AB%E6%A8%AA%E9%A0%88%E8%B3%80%22%20%E3%81%98%E3%82%83%E3%82%89%E3%82%93,https://www.jalan.net/yad308664/,2026-08-08T16:27:56+09:00,
259,stage-087-1,川崎日航ホテル,神奈川県,川崎,川崎,stage-087,87,カルッツかわさき ホール,1,stage,https://www.jalan.net/yad322153/,川崎日航ホテル,verified,1.0,True,True,hotel name matches Jalan page; location context consistent,https://search.yahoo.co.jp/search?p=%22%E5%B7%9D%E5%B4%8E%E6%97%A5%E8%88%AA%E3%83%9B%E3%83%86%E3%83%AB%22%20%E3%81%98%E3%82%83%E3%82%89%E3%82%93,https://www.jalan.net/yad322153/,2026-08-08T16:27:59+09:00,
260,stage-087-2,JR東日本ホテルメッツ 川崎,神奈川県,川崎,川崎,stage-087,87,カルッツかわさき ホール,2,stage,https://www.jalan.net/yad319398/,JR東日本ホテルメッツ 川崎,verified,1.0,True,True,hotel name matches Jalan page; location context consistent,https://search.yahoo.co.jp/search?p=%22JR%E6%9D%B1%E6%97%A5%E6%9C%AC%E3%83%9B%E3%83%86%E3%83%AB%E3%83%A1%E3%83%83%E3%83%84%20%E5%B7%9D%E5%B4%8E%22%20%E3%81%98%E3%82%83%E3%82%89%E3%82%93,https://www.jalan.net/yad319398/,2026-08-08T16:28:02+09:00,
261,stage-087-3,相鉄フレッサイン 川崎駅東口,神奈川県,川崎,川崎,stage-087,87,カルッツかわさき ホール,3,stage,https://www.jalan.net/yad364516/,相鉄フレッサイン 川崎駅東口,verified,1.0,True,True,hotel name matches Jalan page; location context consistent,https://search.yahoo.co.jp/search?p=%22%E7%9B%B8%E9%89%84%E3%83%95%E3%83%AC%E3%83%83%E3%82%B5%E3%82%A4%E3%83%B3%20%E5%B7%9D%E5%B4%8E%E9%A7%85%E6%9D%B1%E5%8F%A3%22%20%E3%81%98%E3%82%83%E3%82%89%E3%82%93,https://www.jalan.net/yad364516/,2026-08-08T16:28:04+09:00,
262,stage-088-1,川崎日航ホテル,神奈川県,川崎,川崎,stage-088,88,CLUB CITTA',1,stage,https://www.jalan.net/yad322153/,川崎日航ホテル,verified,1.0,True,True,hotel name matches Jalan page; location context consistent,https://search.yahoo.co.jp/search?p=%22%E5%B7%9D%E5%B4%8E%E6%97%A5%E8%88%AA%E3%83%9B%E3%83%86%E3%83%AB%22%20%E3%81%98%E3%82%83%E3%82%89%E3%82%93,https://www.jalan.net/yad322153/,2026-08-08T16:27:59+09:00,
263,stage-088-2,JR東日本ホテルメッツ 川崎,神奈川県,川崎,川崎,stage-088,88,CLUB CITTA',2,stage,https://www.jalan.net/yad319398/,JR東日本ホテルメッツ 川崎,verified,1.0,True,True,hotel name matches Jalan page; location context consistent,https://search.yahoo.co.jp/search?p=%22JR%E6%9D%B1%E6%97%A5%E6%9C%AC%E3%83%9B%E3%83%86%E3%83%AB%E3%83%A1%E3%83%83%E3%83%84%20%E5%B7%9D%E5%B4%8E%22%20%E3%81%98%E3%82%83%E3%82%89%E3%82%93,https://www.jalan.net/yad319398/,2026-08-08T16:28:02+09:00,
264,stage-088-3,相鉄フレッサイン 川崎駅東口,神奈川県,川崎,川崎,stage-088,88,CLUB CITTA',3,stage,https://www.jalan.net/yad364516/,相鉄フレッサイン 川崎駅東口,verified,1.0,True,True,hotel name matches Jalan page; location context consistent,https://search.yahoo.co.jp/search?p=%22%E7%9B%B8%E9%89%84%E3%83%95%E3%83%AC%E3%83%83%E3%82%B5%E3%82%A4%E3%83%B3%20%E5%B7%9D%E5%B4%8E%E9%A7%85%E6%9D%B1%E5%8F%A3%22%20%E3%81%98%E3%82%83%E3%82%89%E3%82%93,https://www.jalan.net/yad364516/,2026-08-08T16:28:04+09:00,
265,stage-089-1,ホテルモリノ新百合丘,神奈川県,新百合ヶ丘,新百合ヶ丘,stage-089,89,川崎市アートセンター アルテリオ小劇場,1,stage,https://www.jalan.net/yad319930/,ホテルモリノ新百合丘,verified,1.0,True,True,hotel name matches Jalan page; location context consistent,https://search.yahoo.co.jp/search?p=%22%E3%83%9B%E3%83%86%E3%83%AB%E3%83%A2%E3%83%AA%E3%83%8E%E6%96%B0%E7%99%BE%E5%90%88%E4%B8%98%22%20%E3%81%98%E3%82%83%E3%82%89%E3%82%93,https://www.jalan.net/yad319930/,2026-08-08T16:28:07+09:00,
266,stage-089-2,ホテルリソル町田,神奈川県,新百合ヶ丘,町田,stage-089,89,川崎市アートセンター アルテリオ小劇場,2,stage,https://www.jalan.net/yad306138/,ホテルリソル町田,verified,1.0,False,True,hotel name matches Jalan page; location context consistent,https://search.yahoo.co.jp/search?p=%22%E3%83%9B%E3%83%86%E3%83%AB%E3%83%AA%E3%82%BD%E3%83%AB%E7%94%BA%E7%94%B0%22%20%E3%81%98%E3%82%83%E3%82%89%E3%82%93,https://www.jalan.net/yad306138/,2026-08-08T16:28:10+09:00,
267,stage-089-3,レンブラントホテル東京町田,神奈川県,新百合ヶ丘,町田,stage-089,89,川崎市アートセンター アルテリオ小劇場,3,stage,https://www.jalan.net/yad344307/,レンブラントホテル東京町田,verified,1.0,False,True,hotel name matches Jalan page; location context consistent,https://search.yahoo.co.jp/search?p=%22%E3%83%AC%E3%83%B3%E3%83%96%E3%83%A9%E3%83%B3%E3%83%88%E3%83%9B%E3%83%86%E3%83%AB%E6%9D%B1%E4%BA%AC%E7%94%BA%E7%94%B0%22%20%E3%81%98%E3%82%83%E3%82%89%E3%82%93,https://www.jalan.net/yad344307/,2026-08-08T16:28:57+09:00,
268,stage-090-1,小田急ホテルセンチュリー相模大野,神奈川県,相模大野,相模大野,stage-090,90,相模女子大学グリーンホール 大ホール,1,stage,https://www.jalan.net/yad327534/,小田急ホテルセンチュリー相模大野,verified,1.0,True,True,hotel name matches Jalan page; location context consistent,https://search.yahoo.co.jp/search?p=%22%E5%B0%8F%E7%94%B0%E6%80%A5%E3%83%9B%E3%83%86%E3%83%AB%E3%82%BB%E3%83%B3%E3%83%81%E3%83%A5%E3%83%AA%E3%83%BC%E7%9B%B8%E6%A8%A1%E5%A4%A7%E9%87%8E%22%20%E3%81%98%E3%82%83%E3%82%89%E3%82%93,https://www.jalan.net/yad327534/,2026-08-08T16:29:00+09:00,
269,stage-090-2,ホテルクラウンヒルズ相模原,神奈川県,相模大野,相模原,stage-090,90,相模女子大学グリーンホール 大ホール,2,stage,https://www.jalan.net/yad321546/,ホテルクラウンヒルズ相模原駅前（ＢＢＨホテルグループ）,verified,0.97,True,True,hotel name matches Jalan page; location context consistent,https://search.yahoo.co.jp/search?p=%22%E3%83%9B%E3%83%86%E3%83%AB%E3%82%AF%E3%83%A9%E3%82%A6%E3%83%B3%E3%83%92%E3%83%AB%E3%82%BA%E7%9B%B8%E6%A8%A1%E5%8E%9F%22%20%E3%81%98%E3%82%83%E3%82%89%E3%82%93,https://www.jalan.net/yad321546/,2026-08-08T16:29:04+09:00,
270,stage-090-3,ホテルウィングインターナショナル相模原,神奈川県,相模大野,上溝,stage-090,90,相模女子大学グリーンホール 大ホール,3,stage,,KOKO STAY 相模原,needs_review,0.2,True,True,candidate exists but name/location match is not strong enough,https://search.yahoo.co.jp/search?p=%22%E3%83%9B%E3%83%86%E3%83%AB%E3%82%A6%E3%82%A3%E3%83%B3%E3%82%B0%E3%82%A4%E3%83%B3%E3%82%BF%E3%83%BC%E3%83%8A%E3%82%B7%E3%83%A7%E3%83%8A%E3%83%AB%E7%9B%B8%E6%A8%A1%E5%8E%9F%22%20%E3%81%98%E3%82%83%E3%82%89%E3%82%93,https://www.jalan.net/yad334192/,2026-08-08T16:29:08+09:00,
271,stage-091-1,アパホテル〈相模原 橋本駅前〉,神奈川県,橋本,橋本,stage-091,91,杜のホールはしもと ホール,1,stage,https://www.jalan.net/yad309326/,アパホテル〈相模原 橋本駅前〉,verified,1.0,True,True,hotel name matches Jalan page; location context consistent,https://search.yahoo.co.jp/search?p=%22%E3%82%A2%E3%83%91%E3%83%9B%E3%83%86%E3%83%AB%E3%80%88%E7%9B%B8%E6%A8%A1%E5%8E%9F%20%E6%A9%8B%E6%9C%AC%E9%A7%85%E5%89%8D%E3%80%89%22%20%E3%81%98%E3%82%83%E3%82%89%E3%82%93,https://www.jalan.net/yad309326/,2026-08-08T16:29:11+09:00,
272,stage-091-2,アイホテル橋本,神奈川県,橋本,橋本,stage-091,91,杜のホールはしもと ホール,2,stage,,アパホテル〈相模原橋本駅東〉,needs_review,0.6316,True,True,candidate exists but name/location match is not strong enough,https://search.yahoo.co.jp/search?p=%22%E3%82%A2%E3%82%A4%E3%83%9B%E3%83%86%E3%83%AB%E6%A9%8B%E6%9C%AC%22%20%E3%81%98%E3%82%83%E3%82%89%E3%82%93,https://www.jalan.net/yad367436/,2026-08-08T16:29:16+09:00,
273,stage-091-3,橋本パークホテル,神奈川県,橋本,橋本,stage-091,91,杜のホールはしもと ホール,3,stage,https://www.jalan.net/yad310732/,橋本パークホテル,verified,1.0,True,True,hotel name matches Jalan page; location context consistent,https://search.yahoo.co.jp/search?p=%22%E6%A9%8B%E6%9C%AC%E3%83%91%E3%83%BC%E3%82%AF%E3%83%9B%E3%83%86%E3%83%AB%22%20%E3%81%98%E3%82%83%E3%82%89%E3%82%93,https://www.jalan.net/yad310732/,2026-08-08T16:29:20+09:00,
274,stage-092-1,相鉄フレッサイン 鎌倉大船駅笠間口,神奈川県,大船,大船,stage-092,92,鎌倉芸術館 大ホール,1,stage,https://www.jalan.net/yad333858/,相鉄フレッサイン鎌倉大船駅笠間口,verified,1.0,True,True,hotel name matches Jalan page; location context consistent,https://search.yahoo.co.jp/search?p=%22%E7%9B%B8%E9%89%84%E3%83%95%E3%83%AC%E3%83%83%E3%82%B5%E3%82%A4%E3%83%B3%20%E9%8E%8C%E5%80%89%E5%A4%A7%E8%88%B9%E9%A7%85%E7%AC%A0%E9%96%93%E5%8F%A3%22%20%E3%81%98%E3%82%83%E3%82%89%E3%82%93,https://www.jalan.net/yad333858/,2026-08-08T16:29:23+09:00,
275,stage-092-2,相鉄フレッサイン 鎌倉大船駅東口,神奈川県,大船,大船,stage-092,92,鎌倉芸術館 大ホール,2,stage,https://www.jalan.net/yad387314/,相鉄フレッサイン 鎌倉大船駅東口,verified,1.0,True,True,hotel name matches Jalan page; location context consistent,https://search.yahoo.co.jp/search?p=%22%E7%9B%B8%E9%89%84%E3%83%95%E3%83%AC%E3%83%83%E3%82%B5%E3%82%A4%E3%83%B3%20%E9%8E%8C%E5%80%89%E5%A4%A7%E8%88%B9%E9%A7%85%E6%9D%B1%E5%8F%A3%22%20%E3%81%98%E3%82%83%E3%82%89%E3%82%93,https://www.jalan.net/yad387314/,2026-08-08T16:29:27+09:00,
276,stage-092-3,JR東日本ホテルメッツ かまくら大船,神奈川県,大船,大船,stage-092,92,鎌倉芸術館 大ホール,3,stage,https://www.jalan.net/yad316007/,JR東日本ホテルメッツ かまくら大船,verified,1.0,True,True,hotel name matches Jalan page; location context consistent,https://search.yahoo.co.jp/search?p=%22JR%E6%9D%B1%E6%97%A5%E6%9C%AC%E3%83%9B%E3%83%86%E3%83%AB%E3%83%A1%E3%83%83%E3%83%84%20%E3%81%8B%E3%81%BE%E3%81%8F%E3%82%89%E5%A4%A7%E8%88%B9%22%20%E3%81%98%E3%82%83%E3%82%89%E3%82%93,https://www.jalan.net/yad316007/,2026-08-08T16:29:31+09:00,
277,stage-093-1,東横INN小田原駅東口,神奈川県,小田原,小田原,stage-093,93,小田原三の丸ホール 大ホール,1,stage,https://www.jalan.net/yad383120/,東横ＩＮＮ小田原駅東口,verified,1.0,True,True,hotel name matches Jalan page; location context consistent,https://search.yahoo.co.jp/search?p=%22%E6%9D%B1%E6%A8%AAINN%E5%B0%8F%E7%94%B0%E5%8E%9F%E9%A7%85%E6%9D%B1%E5%8F%A3%22%20%E3%81%98%E3%82%83%E3%82%89%E3%82%93,https://www.jalan.net/yad383120/,2026-08-08T16:29:34+09:00,
278,stage-093-2,天成園 小田原駅 別館,神奈川県,小田原,小田原,stage-093,93,小田原三の丸ホール 大ホール,2,stage,https://www.jalan.net/yad384718/,天成園 小田原駅 別館,verified,1.0,True,True,hotel name matches Jalan page; location context consistent,https://search.yahoo.co.jp/search?p=%22%E5%A4%A9%E6%88%90%E5%9C%92%20%E5%B0%8F%E7%94%B0%E5%8E%9F%E9%A7%85%20%E5%88%A5%E9%A4%A8%22%20%E3%81%98%E3%82%83%E3%82%89%E3%82%93,https://www.jalan.net/yad384718/,2026-08-08T16:29:38+09:00,
279,stage-093-3,小田原ターミナルホテル,神奈川県,小田原,小田原,stage-093,93,小田原三の丸ホール 大ホール,3,stage,https://www.jalan.net/yad337701/,小田原ターミナルホテル,verified,1.0,True,True,hotel name matches Jalan page; location context consistent,https://search.yahoo.co.jp/search?p=%22%E5%B0%8F%E7%94%B0%E5%8E%9F%E3%82%BF%E3%83%BC%E3%83%9F%E3%83%8A%E3%83%AB%E3%83%9B%E3%83%86%E3%83%AB%22%20%E3%81%98%E3%82%83%E3%82%89%E3%82%93,https://www.jalan.net/yad337701/,2026-08-08T16:29:42+09:00,
280,stage-094-1,東横INN湘南平塚駅北口1,神奈川県,平塚,平塚,stage-094,94,ひらしん平塚文化芸術ホール 大ホール,1,stage,https://www.jalan.net/yad376827/,東横ＩＮＮ湘南平塚駅北口１,verified,1.0,True,True,hotel name matches Jalan page; location context consistent,https://search.yahoo.co.jp/search?p=%22%E6%9D%B1%E6%A8%AAINN%E6%B9%98%E5%8D%97%E5%B9%B3%E5%A1%9A%E9%A7%85%E5%8C%97%E5%8F%A31%22%20%E3%81%98%E3%82%83%E3%82%89%E3%82%93,https://www.jalan.net/yad376827/,2026-08-08T16:29:45+09:00,
281,stage-094-2,東横INN湘南平塚駅北口2,神奈川県,平塚,平塚,stage-094,94,ひらしん平塚文化芸術ホール 大ホール,2,stage,https://www.jalan.net/yad396704/,東横ＩＮＮ湘南平塚駅北口２,verified,1.0,True,True,hotel name matches Jalan page; location context consistent,https://search.yahoo.co.jp/search?p=%22%E6%9D%B1%E6%A8%AAINN%E6%B9%98%E5%8D%97%E5%B9%B3%E5%A1%9A%E9%A7%85%E5%8C%97%E5%8F%A32%22%20%E3%81%98%E3%82%83%E3%82%89%E3%82%93,https://www.jalan.net/yad396704/,2026-08-08T16:29:48+09:00,
282,stage-094-3,3S HOTEL HIRATSUKA,神奈川県,平塚,平塚,stage-094,94,ひらしん平塚文化芸術ホール 大ホール,3,stage,https://www.jalan.net/yad319414/,３Ｓ ＨＯＴＥＬ ＨＩＲＡＴＳＵＫＡ,verified,1.0,True,True,hotel name matches Jalan page; location context consistent,https://search.yahoo.co.jp/search?p=%223S%20HOTEL%20HIRATSUKA%22%20%E3%81%98%E3%82%83%E3%82%89%E3%82%93,https://www.jalan.net/yad319414/,2026-08-08T16:29:51+09:00,
283,stage-095-1,日和ホテル舞浜,千葉県,舞浜・新浦安,舞浜・新浦安,stage-095,95,舞浜アンフィシアター,1,stage,https://www.jalan.net/yad339506/,日和(ひより)ホテル舞浜,verified_fuzzy,0.8235,True,True,hotel name is a fuzzy/renamed match; location context consistent,https://search.yahoo.co.jp/search?p=%22%E6%97%A5%E5%92%8C%E3%83%9B%E3%83%86%E3%83%AB%E8%88%9E%E6%B5%9C%22%20%E3%81%98%E3%82%83%E3%82%89%E3%82%93,https://www.jalan.net/yad339506/,2026-08-08T16:29:55+09:00,
284,stage-095-2,ホテルマイステイズ舞浜,千葉県,舞浜・新浦安,舞浜,stage-095,95,舞浜アンフィシアター,2,stage,https://www.jalan.net/yad314138/,ホテルマイステイズ舞浜,verified,1.0,True,True,hotel name matches Jalan page; location context consistent,https://search.yahoo.co.jp/search?p=%22%E3%83%9B%E3%83%86%E3%83%AB%E3%83%9E%E3%82%A4%E3%82%B9%E3%83%86%E3%82%A4%E3%82%BA%E8%88%9E%E6%B5%9C%22%20%E3%81%98%E3%82%83%E3%82%89%E3%82%93,https://www.jalan.net/yad314138/,2026-08-08T16:29:59+09:00,
285,stage-095-3,変なホテル舞浜 東京ベイ,千葉県,舞浜・新浦安,舞浜,stage-095,95,舞浜アンフィシアター,3,stage,https://www.jalan.net/yad374965/,変なホテル舞浜東京ベイ,verified,1.0,True,True,hotel name matches Jalan page; location context consistent,https://search.yahoo.co.jp/search?p=%22%E5%A4%89%E3%81%AA%E3%83%9B%E3%83%86%E3%83%AB%E8%88%9E%E6%B5%9C%20%E6%9D%B1%E4%BA%AC%E3%83%99%E3%82%A4%22%20%E3%81%98%E3%82%83%E3%82%89%E3%82%93,https://www.jalan.net/yad374965/,2026-08-08T16:30:03+09:00,
286,stage-096-1,アパホテル&リゾート〈東京ベイ幕張〉,千葉県,海浜幕張,海浜幕張,stage-096,96,幕張メッセ 幕張イベントホール,1,stage,https://www.jalan.net/yad350664/,アパホテル＆リゾート〈東京ベイ幕張〉,verified,1.0,True,True,hotel name matches Jalan page; location context consistent,https://search.yahoo.co.jp/search?p=%22%E3%82%A2%E3%83%91%E3%83%9B%E3%83%86%E3%83%AB%26%E3%83%AA%E3%82%BE%E3%83%BC%E3%83%88%E3%80%88%E6%9D%B1%E4%BA%AC%E3%83%99%E3%82%A4%E5%B9%95%E5%BC%B5%E3%80%89%22%20%E3%81%98%E3%82%83%E3%82%89%E3%82%93,https://www.jalan.net/yad350664/,2026-08-08T16:30:07+09:00,
287,stage-096-2,ホテルスプリングス幕張プレミア,千葉県,海浜幕張,海浜幕張,stage-096,96,幕張メッセ 幕張イベントホール,2,stage,https://www.jalan.net/yad369189/,ホテルスプリングス幕張プレミア,verified,1.0,True,True,hotel name matches Jalan page; location context consistent,https://search.yahoo.co.jp/search?p=%22%E3%83%9B%E3%83%86%E3%83%AB%E3%82%B9%E3%83%97%E3%83%AA%E3%83%B3%E3%82%B0%E3%82%B9%E5%B9%95%E5%BC%B5%E3%83%97%E3%83%AC%E3%83%9F%E3%82%A2%22%20%E3%81%98%E3%82%83%E3%82%89%E3%82%93,https://www.jalan.net/yad369189/,2026-08-08T16:30:11+09:00,
288,stage-096-3,ホテルフランクス,千葉県,海浜幕張,海浜幕張,stage-096,96,幕張メッセ 幕張イベントホール,3,stage,https://www.jalan.net/yad321749/,ホテルフランクス,verified,1.0,True,True,hotel name matches Jalan page; location context consistent,https://search.yahoo.co.jp/search?p=%22%E3%83%9B%E3%83%86%E3%83%AB%E3%83%95%E3%83%A9%E3%83%B3%E3%82%AF%E3%82%B9%22%20%E3%81%98%E3%82%83%E3%82%89%E3%82%93,https://www.jalan.net/yad321749/,2026-08-08T16:30:14+09:00,
289,stage-097-1,市川グランドホテル,千葉県,本八幡・市川,市川,stage-097,97,市川市文化会館 大ホール,1,stage,https://www.jalan.net/yad320441/,市川グランドホテル（ＢＢＨホテルグループ）,verified,0.97,True,True,hotel name matches Jalan page; location context consistent,https://search.yahoo.co.jp/search?p=%22%E5%B8%82%E5%B7%9D%E3%82%B0%E3%83%A9%E3%83%B3%E3%83%89%E3%83%9B%E3%83%86%E3%83%AB%22%20%E3%81%98%E3%82%83%E3%82%89%E3%82%93,https://www.jalan.net/yad320441/,2026-08-08T16:30:18+09:00,
290,stage-097-2,スーパーホテル東西線・市川・妙典駅前,千葉県,本八幡・市川,妙典,stage-097,97,市川市文化会館 大ホール,2,stage,https://www.jalan.net/yad320571/,スーパーホテル東西線・市川・妙典駅前,verified,1.0,True,True,hotel name matches Jalan page; location context consistent,https://search.yahoo.co.jp/search?p=%22%E3%82%B9%E3%83%BC%E3%83%91%E3%83%BC%E3%83%9B%E3%83%86%E3%83%AB%E6%9D%B1%E8%A5%BF%E7%B7%9A%E3%83%BB%E5%B8%82%E5%B7%9D%E3%83%BB%E5%A6%99%E5%85%B8%E9%A7%85%E5%89%8D%22%20%E3%81%98%E3%82%83%E3%82%89%E3%82%93,https://www.jalan.net/yad320571/,2026-08-08T16:30:22+09:00,
291,stage-097-3,東横INN西船橋原木インター,千葉県,本八幡・市川,原木中山,stage-097,97,市川市文化会館 大ホール,3,stage,https://www.jalan.net/yad383235/,東横ＩＮＮ西船橋原木インター,verified,1.0,True,True,hotel name matches Jalan page; location context consistent,https://search.yahoo.co.jp/search?p=%22%E6%9D%B1%E6%A8%AAINN%E8%A5%BF%E8%88%B9%E6%A9%8B%E5%8E%9F%E6%9C%A8%E3%82%A4%E3%83%B3%E3%82%BF%E3%83%BC%22%20%E3%81%98%E3%82%83%E3%82%89%E3%82%93,https://www.jalan.net/yad383235/,2026-08-08T16:30:25+09:00,
292,stage-098-1,東横INN松戸駅東口,千葉県,新八柱・八柱,松戸,stage-098,98,森のホール21 大ホール,1,stage,https://www.jalan.net/yad364124/,東横ＩＮＮ松戸駅東口,verified,1.0,True,True,hotel name matches Jalan page; location context consistent,https://search.yahoo.co.jp/search?p=%22%E6%9D%B1%E6%A8%AAINN%E6%9D%BE%E6%88%B8%E9%A7%85%E6%9D%B1%E5%8F%A3%22%20%E3%81%98%E3%82%83%E3%82%89%E3%82%93,https://www.jalan.net/yad364124/,2026-08-08T16:30:28+09:00,
293,stage-098-2,ホテルルートイン北松戸駅前,千葉県,新八柱・八柱,北松戸,stage-098,98,森のホール21 大ホール,2,stage,https://www.jalan.net/yad319715/,ホテルルートイン北松戸駅前（25年10月17日リニューアルOPEN）,verified,0.97,True,True,hotel name matches Jalan page; location context consistent,https://search.yahoo.co.jp/search?p=%22%E3%83%9B%E3%83%86%E3%83%AB%E3%83%AB%E3%83%BC%E3%83%88%E3%82%A4%E3%83%B3%E5%8C%97%E6%9D%BE%E6%88%B8%E9%A7%85%E5%89%8D%22%20%E3%81%98%E3%82%83%E3%82%89%E3%82%93,https://www.jalan.net/yad319715/,2026-08-08T16:30:32+09:00,
294,stage-098-3,新松戸ステーションホテル,千葉県,新八柱・八柱,新松戸,stage-098,98,森のホール21 大ホール,3,stage,,アーバンホテル東京 新松戸,needs_review,0.4167,True,True,candidate exists but name/location match is not strong enough,https://search.yahoo.co.jp/search?p=%22%E6%96%B0%E6%9D%BE%E6%88%B8%E3%82%B9%E3%83%86%E3%83%BC%E3%82%B7%E3%83%A7%E3%83%B3%E3%83%9B%E3%83%86%E3%83%AB%22%20%E3%81%98%E3%82%83%E3%82%89%E3%82%93,https://www.jalan.net/yad323070/,2026-08-08T16:30:35+09:00,
295,stage-099-1,ダイワロイネットホテル千葉中央,千葉県,本千葉・県庁前,千葉中央,stage-099,99,千葉県文化会館 大ホール,1,stage,https://www.jalan.net/yad326515/,ダイワロイネットホテル千葉中央,verified,1.0,True,True,hotel name matches Jalan page; location context consistent,https://search.yahoo.co.jp/search?p=%22%E3%83%80%E3%82%A4%E3%83%AF%E3%83%AD%E3%82%A4%E3%83%8D%E3%83%83%E3%83%88%E3%83%9B%E3%83%86%E3%83%AB%E5%8D%83%E8%91%89%E4%B8%AD%E5%A4%AE%22%20%E3%81%98%E3%82%83%E3%82%89%E3%82%93,https://www.jalan.net/yad326515/,2026-08-08T16:30:39+09:00,
296,stage-099-2,京成ホテルミラマーレ,千葉県,本千葉・県庁前,千葉中央,stage-099,99,千葉県文化会館 大ホール,2,stage,https://www.jalan.net/yad316278/,京成ホテルミラマーレ,verified,1.0,True,True,hotel name matches Jalan page; location context consistent,https://search.yahoo.co.jp/search?p=%22%E4%BA%AC%E6%88%90%E3%83%9B%E3%83%86%E3%83%AB%E3%83%9F%E3%83%A9%E3%83%9E%E3%83%BC%E3%83%AC%22%20%E3%81%98%E3%82%83%E3%82%89%E3%82%93,https://www.jalan.net/yad316278/,2026-08-08T16:30:42+09:00,
297,stage-099-3,アパホテル〈千葉中央駅前〉,千葉県,本千葉・県庁前,千葉中央,stage-099,99,千葉県文化会館 大ホール,3,stage,https://www.jalan.net/yad309713/,アパホテル〈千葉中央駅前〉,verified,1.0,True,True,hotel name matches Jalan page; location context consistent,https://search.yahoo.co.jp/search?p=%22%E3%82%A2%E3%83%91%E3%83%9B%E3%83%86%E3%83%AB%E3%80%88%E5%8D%83%E8%91%89%E4%B8%AD%E5%A4%AE%E9%A7%85%E5%89%8D%E3%80%89%22%20%E3%81%98%E3%82%83%E3%82%89%E3%82%93,https://www.jalan.net/yad309713/,2026-08-08T16:30:46+09:00,
298,stage-100-1,ダイワロイネットホテル千葉中央,千葉県,千葉・東千葉,千葉中央,stage-100,100,千葉市民会館 大ホール,1,stage,https://www.jalan.net/yad326515/,ダイワロイネットホテル千葉中央,verified,1.0,True,True,hotel name matches Jalan page; location context consistent,https://search.yahoo.co.jp/search?p=%22%E3%83%80%E3%82%A4%E3%83%AF%E3%83%AD%E3%82%A4%E3%83%8D%E3%83%83%E3%83%88%E3%83%9B%E3%83%86%E3%83%AB%E5%8D%83%E8%91%89%E4%B8%AD%E5%A4%AE%22%20%E3%81%98%E3%82%83%E3%82%89%E3%82%93,https://www.jalan.net/yad326515/,2026-08-08T16:30:39+09:00,
299,stage-100-2,京成ホテルミラマーレ,千葉県,千葉・東千葉,千葉中央,stage-100,100,千葉市民会館 大ホール,2,stage,https://www.jalan.net/yad316278/,京成ホテルミラマーレ,verified,1.0,True,True,hotel name matches Jalan page; location context consistent,https://search.yahoo.co.jp/search?p=%22%E4%BA%AC%E6%88%90%E3%83%9B%E3%83%86%E3%83%AB%E3%83%9F%E3%83%A9%E3%83%9E%E3%83%BC%E3%83%AC%22%20%E3%81%98%E3%82%83%E3%82%89%E3%82%93,https://www.jalan.net/yad316278/,2026-08-08T16:30:42+09:00,
300,stage-100-3,アパホテル〈千葉中央駅前〉,千葉県,千葉・東千葉,千葉中央,stage-100,100,千葉市民会館 大ホール,3,stage,https://www.jalan.net/yad309713/,アパホテル〈千葉中央駅前〉,verified,1.0,True,True,hotel name matches Jalan page; location context consistent,https://search.yahoo.co.jp/search?p=%22%E3%82%A2%E3%83%91%E3%83%9B%E3%83%86%E3%83%AB%E3%80%88%E5%8D%83%E8%91%89%E4%B8%AD%E5%A4%AE%E9%A7%85%E5%89%8D%E3%80%89%22%20%E3%81%98%E3%82%83%E3%82%89%E3%82%93,https://www.jalan.net/yad309713/,2026-08-08T16:30:46+09:00,
301,stage-101-1,ダイワロイネットホテル千葉中央,千葉県,千葉寺・本千葉,千葉中央,stage-101,101,青葉の森公園芸術文化ホール,1,stage,https://www.jalan.net/yad326515/,ダイワロイネットホテル千葉中央,verified,1.0,True,True,hotel name matches Jalan page; location context consistent,https://search.yahoo.co.jp/search?p=%22%E3%83%80%E3%82%A4%E3%83%AF%E3%83%AD%E3%82%A4%E3%83%8D%E3%83%83%E3%83%88%E3%83%9B%E3%83%86%E3%83%AB%E5%8D%83%E8%91%89%E4%B8%AD%E5%A4%AE%22%20%E3%81%98%E3%82%83%E3%82%89%E3%82%93,https://www.jalan.net/yad326515/,2026-08-08T16:30:39+09:00,
302,stage-101-2,京成ホテルミラマーレ,千葉県,千葉寺・本千葉,千葉中央,stage-101,101,青葉の森公園芸術文化ホール,2,stage,https://www.jalan.net/yad316278/,京成ホテルミラマーレ,verified,1.0,True,True,hotel name matches Jalan page; location context consistent,https://search.yahoo.co.jp/search?p=%22%E4%BA%AC%E6%88%90%E3%83%9B%E3%83%86%E3%83%AB%E3%83%9F%E3%83%A9%E3%83%9E%E3%83%BC%E3%83%AC%22%20%E3%81%98%E3%82%83%E3%82%89%E3%82%93,https://www.jalan.net/yad316278/,2026-08-08T16:30:42+09:00,
303,stage-101-3,アパホテル〈千葉中央駅前〉,千葉県,千葉寺・本千葉,千葉中央,stage-101,101,青葉の森公園芸術文化ホール,3,stage,https://www.jalan.net/yad309713/,アパホテル〈千葉中央駅前〉,verified,1.0,True,True,hotel name matches Jalan page; location context consistent,https://search.yahoo.co.jp/search?p=%22%E3%82%A2%E3%83%91%E3%83%9B%E3%83%86%E3%83%AB%E3%80%88%E5%8D%83%E8%91%89%E4%B8%AD%E5%A4%AE%E9%A7%85%E5%89%8D%E3%80%89%22%20%E3%81%98%E3%82%83%E3%82%89%E3%82%93,https://www.jalan.net/yad309713/,2026-08-08T16:30:46+09:00,
304,stage-102-1,浦安サンホテル,千葉県,浦安・新浦安,浦安,stage-102,102,浦安市文化会館 大ホール,1,stage,https://www.jalan.net/yad360504/,浦安サンホテル,verified,1.0,True,True,hotel name matches Jalan page; location context consistent,https://search.yahoo.co.jp/search?p=%22%E6%B5%A6%E5%AE%89%E3%82%B5%E3%83%B3%E3%83%9B%E3%83%86%E3%83%AB%22%20%E3%81%98%E3%82%83%E3%82%89%E3%82%93,https://www.jalan.net/yad360504/,2026-08-08T16:30:50+09:00,
305,stage-102-2,BAY HOTEL 浦安駅前,千葉県,浦安・新浦安,浦安,stage-102,102,浦安市文化会館 大ホール,2,stage,https://www.jalan.net/yad332498/,BAY HOTEL浦安駅前,verified,1.0,True,True,hotel name matches Jalan page; location context consistent,https://search.yahoo.co.jp/search?p=%22BAY%20HOTEL%20%E6%B5%A6%E5%AE%89%E9%A7%85%E5%89%8D%22%20%E3%81%98%E3%82%83%E3%82%89%E3%82%93,https://www.jalan.net/yad332498/,2026-08-08T16:27:31+09:00,
306,stage-102-3,マイステイズ新浦安コンファレンスセンター,千葉県,浦安・新浦安,新浦安,stage-102,102,浦安市文化会館 大ホール,3,stage,https://www.jalan.net/yad380068/,マイステイズ新浦安,verified,0.97,True,True,hotel name matches Jalan page; location context consistent,https://search.yahoo.co.jp/search?p=%22%E3%83%9E%E3%82%A4%E3%82%B9%E3%83%86%E3%82%A4%E3%82%BA%E6%96%B0%E6%B5%A6%E5%AE%89%E3%82%B3%E3%83%B3%E3%83%95%E3%82%A1%E3%83%AC%E3%83%B3%E3%82%B9%E3%82%BB%E3%83%B3%E3%82%BF%E3%83%BC%22%20%E3%81%98%E3%82%83%E3%82%89%E3%82%93,https://www.jalan.net/yad380068/,2026-08-08T16:27:34+09:00,
307,stage-103-1,相鉄フレッサイン 千葉柏,千葉県,柏,柏,stage-103,103,柏市民文化会館 大ホール,1,stage,https://www.jalan.net/yad379284/,相鉄フレッサイン千葉柏,verified,1.0,True,False,hotel name matches Jalan page; location context consistent,https://search.yahoo.co.jp/search?p=%22%E7%9B%B8%E9%89%84%E3%83%95%E3%83%AC%E3%83%83%E3%82%B5%E3%82%A4%E3%83%B3%20%E5%8D%83%E8%91%89%E6%9F%8F%22%20%E3%81%98%E3%82%83%E3%82%89%E3%82%93,https://www.jalan.net/yad379284/,2026-08-08T16:27:37+09:00,
308,stage-103-2,ザ・クレストホテル柏,千葉県,柏,柏,stage-103,103,柏市民文化会館 大ホール,2,stage,https://www.jalan.net/yad320077/,ザ・クレストホテル柏(帝国ホテルグループ）,verified,0.97,True,False,hotel name matches Jalan page; location context consistent,https://search.yahoo.co.jp/search?p=%22%E3%82%B6%E3%83%BB%E3%82%AF%E3%83%AC%E3%82%B9%E3%83%88%E3%83%9B%E3%83%86%E3%83%AB%E6%9F%8F%22%20%E3%81%98%E3%82%83%E3%82%89%E3%82%93,https://www.jalan.net/yad320077/,2026-08-08T16:27:40+09:00,
309,stage-103-3,東横INN柏駅西口,千葉県,柏,柏,stage-103,103,柏市民文化会館 大ホール,3,stage,https://www.jalan.net/yad325315/,東横ＩＮＮ柏駅西口,verified,1.0,True,False,hotel name matches Jalan page; location context consistent,https://search.yahoo.co.jp/search?p=%22%E6%9D%B1%E6%A8%AAINN%E6%9F%8F%E9%A7%85%E8%A5%BF%E5%8F%A3%22%20%E3%81%98%E3%82%83%E3%82%89%E3%82%93,https://www.jalan.net/yad325315/,2026-08-08T16:27:43+09:00,
310,stage-104-1,JR東日本ホテルメッツ 船橋,千葉県,船橋,船橋,stage-104,104,船橋市民文化ホール,1,stage,https://www.jalan.net/yad319502/,JR東日本ホテルメッツ 船橋,verified,1.0,True,True,hotel name matches Jalan page; location context consistent,https://search.yahoo.co.jp/search?p=%22JR%E6%9D%B1%E6%97%A5%E6%9C%AC%E3%83%9B%E3%83%86%E3%83%AB%E3%83%A1%E3%83%83%E3%83%84%20%E8%88%B9%E6%A9%8B%22%20%E3%81%98%E3%82%83%E3%82%89%E3%82%93,https://www.jalan.net/yad319502/,2026-08-08T16:27:47+09:00,
311,stage-104-2,ホテルフローラ船橋,千葉県,船橋,船橋,stage-104,104,船橋市民文化ホール,2,stage,https://www.jalan.net/yad334045/,ホテルフローラ船橋,verified,1.0,True,True,hotel name matches Jalan page; location context consistent,https://search.yahoo.co.jp/search?p=%22%E3%83%9B%E3%83%86%E3%83%AB%E3%83%95%E3%83%AD%E3%83%BC%E3%83%A9%E8%88%B9%E6%A9%8B%22%20%E3%81%98%E3%82%83%E3%82%89%E3%82%93,https://www.jalan.net/yad334045/,2026-08-08T16:27:50+09:00,
312,stage-104-3,X wave 船橋,千葉県,船橋,船橋,stage-104,104,船橋市民文化ホール,3,stage,,クロス・ウェーブ船橋,needs_review,0.25,True,True,candidate exists but name/location match is not strong enough,https://search.yahoo.co.jp/search?p=%22X%20wave%20%E8%88%B9%E6%A9%8B%22%20%E3%81%98%E3%82%83%E3%82%89%E3%82%93,https://www.jalan.net/yad348715/,2026-08-08T16:27:53+09:00,
313,stage-105-1,パレスホテル大宮,埼玉県,大宮,大宮,stage-105,105,大宮ソニックシティ 大ホール,1,stage,https://www.jalan.net/yad319907/,パレスホテル大宮,verified,1.0,True,True,hotel name matches Jalan page; location context consistent,https://search.yahoo.co.jp/search?p=%22%E3%83%91%E3%83%AC%E3%82%B9%E3%83%9B%E3%83%86%E3%83%AB%E5%A4%A7%E5%AE%AE%22%20%E3%81%98%E3%82%83%E3%82%89%E3%82%93,https://www.jalan.net/yad319907/,2026-08-08T16:27:56+09:00,
314,stage-105-2,ダイワロイネットホテル大宮西口,埼玉県,大宮,大宮,stage-105,105,大宮ソニックシティ 大ホール,2,stage,https://www.jalan.net/yad340083/,ダイワロイネットホテル大宮西口,verified,1.0,True,True,hotel name matches Jalan page; location context consistent,https://search.yahoo.co.jp/search?p=%22%E3%83%80%E3%82%A4%E3%83%AF%E3%83%AD%E3%82%A4%E3%83%8D%E3%83%83%E3%83%88%E3%83%9B%E3%83%86%E3%83%AB%E5%A4%A7%E5%AE%AE%E8%A5%BF%E5%8F%A3%22%20%E3%81%98%E3%82%83%E3%82%89%E3%82%93,https://www.jalan.net/yad340083/,2026-08-08T16:27:58+09:00,
315,stage-105-3,カンデオホテルズ大宮,埼玉県,大宮,大宮,stage-105,105,大宮ソニックシティ 大ホール,3,stage,https://www.jalan.net/yad361737/,CANDEO HOTELS（カンデオホテルズ）大宮,verified,0.97,True,True,hotel name matches Jalan page; location context consistent,https://search.yahoo.co.jp/search?p=%22%E3%82%AB%E3%83%B3%E3%83%87%E3%82%AA%E3%83%9B%E3%83%86%E3%83%AB%E3%82%BA%E5%A4%A7%E5%AE%AE%22%20%E3%81%98%E3%82%83%E3%82%89%E3%82%93,https://www.jalan.net/yad361737/,2026-08-08T16:28:01+09:00,
316,stage-106-1,パレスホテル大宮,埼玉県,大宮,大宮,stage-106,106,RaiBoC Hall(さいたま市民会館おおみや)大ホール,1,stage,https://www.jalan.net/yad319907/,パレスホテル大宮,verified,1.0,True,True,hotel name matches Jalan page; location context consistent,https://search.yahoo.co.jp/search?p=%22%E3%83%91%E3%83%AC%E3%82%B9%E3%83%9B%E3%83%86%E3%83%AB%E5%A4%A7%E5%AE%AE%22%20%E3%81%98%E3%82%83%E3%82%89%E3%82%93,https://www.jalan.net/yad319907/,2026-08-08T16:27:56+09:00,
317,stage-106-2,ダイワロイネットホテル大宮西口,埼玉県,大宮,大宮,stage-106,106,RaiBoC Hall(さいたま市民会館おおみや)大ホール,2,stage,https://www.jalan.net/yad340083/,ダイワロイネットホテル大宮西口,verified,1.0,True,True,hotel name matches Jalan page; location context consistent,https://search.yahoo.co.jp/search?p=%22%E3%83%80%E3%82%A4%E3%83%AF%E3%83%AD%E3%82%A4%E3%83%8D%E3%83%83%E3%83%88%E3%83%9B%E3%83%86%E3%83%AB%E5%A4%A7%E5%AE%AE%E8%A5%BF%E5%8F%A3%22%20%E3%81%98%E3%82%83%E3%82%89%E3%82%93,https://www.jalan.net/yad340083/,2026-08-08T16:27:58+09:00,
318,stage-106-3,カンデオホテルズ大宮,埼玉県,大宮,大宮,stage-106,106,RaiBoC Hall(さいたま市民会館おおみや)大ホール,3,stage,https://www.jalan.net/yad361737/,CANDEO HOTELS（カンデオホテルズ）大宮,verified,0.97,True,True,hotel name matches Jalan page; location context consistent,https://search.yahoo.co.jp/search?p=%22%E3%82%AB%E3%83%B3%E3%83%87%E3%82%AA%E3%83%9B%E3%83%86%E3%83%AB%E3%82%BA%E5%A4%A7%E5%AE%AE%22%20%E3%81%98%E3%82%83%E3%82%89%E3%82%93,https://www.jalan.net/yad361737/,2026-08-08T16:28:01+09:00,
319,stage-107-1,ホテルニュー埼玉,埼玉県,南浦和,南浦和,stage-107,107,さいたま市文化センター 大ホール,1,stage,https://www.jalan.net/yad357309/,ホテルニュー埼玉,verified,1.0,True,True,hotel name matches Jalan page; location context consistent,https://search.yahoo.co.jp/search?p=%22%E3%83%9B%E3%83%86%E3%83%AB%E3%83%8B%E3%83%A5%E3%83%BC%E5%9F%BC%E7%8E%89%22%20%E3%81%98%E3%82%83%E3%82%89%E3%82%93,https://www.jalan.net/yad357309/,2026-08-08T16:28:04+09:00,
320,stage-107-2,JR東日本ホテルメッツ 浦和,埼玉県,南浦和,浦和,stage-107,107,さいたま市文化センター 大ホール,2,stage,https://www.jalan.net/yad385408/,JR東日本ホテルメッツ 浦和,verified,1.0,True,True,hotel name matches Jalan page; location context consistent,https://search.yahoo.co.jp/search?p=%22JR%E6%9D%B1%E6%97%A5%E6%9C%AC%E3%83%9B%E3%83%86%E3%83%AB%E3%83%A1%E3%83%83%E3%83%84%20%E6%B5%A6%E5%92%8C%22%20%E3%81%98%E3%82%83%E3%82%89%E3%82%93,https://www.jalan.net/yad385408/,2026-08-08T16:28:07+09:00,
321,stage-107-3,浦和ワシントンホテル,埼玉県,南浦和,浦和,stage-107,107,さいたま市文化センター 大ホール,3,stage,,,not_found,,,,no verified Jalan facility page found,https://search.yahoo.co.jp/search?p=%22%E6%B5%A6%E5%92%8C%E3%83%AF%E3%82%B7%E3%83%B3%E3%83%88%E3%83%B3%E3%83%9B%E3%83%86%E3%83%AB%22%20%E3%81%98%E3%82%83%E3%82%89%E3%82%93,,2026-08-08T16:28:12+09:00,
322,stage-108-1,東横INNさいたま新都心,埼玉県,与野本町,さいたま新都心,stage-108,108,彩の国さいたま芸術劇場 大ホール,1,stage,https://www.jalan.net/yad301522/,東横ＩＮＮさいたま新都心,verified,1.0,True,True,hotel name matches Jalan page; location context consistent,https://search.yahoo.co.jp/search?p=%22%E6%9D%B1%E6%A8%AAINN%E3%81%95%E3%81%84%E3%81%9F%E3%81%BE%E6%96%B0%E9%83%BD%E5%BF%83%22%20%E3%81%98%E3%82%83%E3%82%89%E3%82%93,https://www.jalan.net/yad301522/,2026-08-08T16:28:15+09:00,
323,stage-108-2,ホテルメトロポリタンさいたま新都心,埼玉県,与野本町,さいたま新都心,stage-108,108,彩の国さいたま芸術劇場 大ホール,2,stage,https://www.jalan.net/yad389464/,ホテルメトロポリタンさいたま新都心,verified,1.0,True,True,hotel name matches Jalan page; location context consistent,https://search.yahoo.co.jp/search?p=%22%E3%83%9B%E3%83%86%E3%83%AB%E3%83%A1%E3%83%88%E3%83%AD%E3%83%9D%E3%83%AA%E3%82%BF%E3%83%B3%E3%81%95%E3%81%84%E3%81%9F%E3%81%BE%E6%96%B0%E9%83%BD%E5%BF%83%22%20%E3%81%98%E3%82%83%E3%82%89%E3%82%93,https://www.jalan.net/yad389464/,2026-08-08T16:28:18+09:00,
324,stage-108-3,アパホテル〈さいたま新都心駅北〉,埼玉県,与野本町,さいたま新都心,stage-108,108,彩の国さいたま芸術劇場 大ホール,3,stage,https://www.jalan.net/yad315417/,アパホテル〈さいたま新都心駅北〉,verified,1.0,True,True,hotel name matches Jalan page; location context consistent,https://search.yahoo.co.jp/search?p=%22%E3%82%A2%E3%83%91%E3%83%9B%E3%83%86%E3%83%AB%E3%80%88%E3%81%95%E3%81%84%E3%81%9F%E3%81%BE%E6%96%B0%E9%83%BD%E5%BF%83%E9%A7%85%E5%8C%97%E3%80%89%22%20%E3%81%98%E3%82%83%E3%82%89%E3%82%93,https://www.jalan.net/yad315417/,2026-08-08T16:28:20+09:00,
325,stage-109-1,東横INNさいたま新都心,埼玉県,与野本町,さいたま新都心,stage-109,109,彩の国さいたま芸術劇場 小ホール,1,stage,https://www.jalan.net/yad301522/,東横ＩＮＮさいたま新都心,verified,1.0,True,True,hotel name matches Jalan page; location context consistent,https://search.yahoo.co.jp/search?p=%22%E6%9D%B1%E6%A8%AAINN%E3%81%95%E3%81%84%E3%81%9F%E3%81%BE%E6%96%B0%E9%83%BD%E5%BF%83%22%20%E3%81%98%E3%82%83%E3%82%89%E3%82%93,https://www.jalan.net/yad301522/,2026-08-08T16:28:15+09:00,
326,stage-109-2,ホテルメトロポリタンさいたま新都心,埼玉県,与野本町,さいたま新都心,stage-109,109,彩の国さいたま芸術劇場 小ホール,2,stage,https://www.jalan.net/yad389464/,ホテルメトロポリタンさいたま新都心,verified,1.0,True,True,hotel name matches Jalan page; location context consistent,https://search.yahoo.co.jp/search?p=%22%E3%83%9B%E3%83%86%E3%83%AB%E3%83%A1%E3%83%88%E3%83%AD%E3%83%9D%E3%83%AA%E3%82%BF%E3%83%B3%E3%81%95%E3%81%84%E3%81%9F%E3%81%BE%E6%96%B0%E9%83%BD%E5%BF%83%22%20%E3%81%98%E3%82%83%E3%82%89%E3%82%93,https://www.jalan.net/yad389464/,2026-08-08T16:28:18+09:00,
327,stage-109-3,アパホテル〈さいたま新都心駅北〉,埼玉県,与野本町,さいたま新都心,stage-109,109,彩の国さいたま芸術劇場 小ホール,3,stage,https://www.jalan.net/yad315417/,アパホテル〈さいたま新都心駅北〉,verified,1.0,True,True,hotel name matches Jalan page; location context consistent,https://search.yahoo.co.jp/search?p=%22%E3%82%A2%E3%83%91%E3%83%9B%E3%83%86%E3%83%AB%E3%80%88%E3%81%95%E3%81%84%E3%81%9F%E3%81%BE%E6%96%B0%E9%83%BD%E5%BF%83%E9%A7%85%E5%8C%97%E3%80%89%22%20%E3%81%98%E3%82%83%E3%82%89%E3%82%93,https://www.jalan.net/yad315417/,2026-08-08T16:28:20+09:00,
328,stage-110-1,JR東日本ホテルメッツ 浦和,埼玉県,浦和,浦和,stage-110,110,埼玉会館 大ホール,1,stage,https://www.jalan.net/yad385408/,JR東日本ホテルメッツ 浦和,verified,1.0,True,True,hotel name matches Jalan page; location context consistent,https://search.yahoo.co.jp/search?p=%22JR%E6%9D%B1%E6%97%A5%E6%9C%AC%E3%83%9B%E3%83%86%E3%83%AB%E3%83%A1%E3%83%83%E3%83%84%20%E6%B5%A6%E5%92%8C%22%20%E3%81%98%E3%82%83%E3%82%89%E3%82%93,https://www.jalan.net/yad385408/,2026-08-08T16:28:07+09:00,
329,stage-110-2,浦和ワシントンホテル,埼玉県,浦和,浦和,stage-110,110,埼玉会館 大ホール,2,stage,,,not_found,,,,no verified Jalan facility page found,https://search.yahoo.co.jp/search?p=%22%E6%B5%A6%E5%92%8C%E3%83%AF%E3%82%B7%E3%83%B3%E3%83%88%E3%83%B3%E3%83%9B%E3%83%86%E3%83%AB%22%20%E3%81%98%E3%82%83%E3%82%89%E3%82%93,,2026-08-08T16:28:12+09:00,
330,stage-110-3,ロイヤルパインズホテル浦和,埼玉県,浦和,浦和,stage-110,110,埼玉会館 大ホール,3,stage,https://www.jalan.net/yad330988/,ロイヤルパインズホテル浦和,verified,1.0,True,True,hotel name matches Jalan page; location context consistent,https://search.yahoo.co.jp/search?p=%22%E3%83%AD%E3%82%A4%E3%83%A4%E3%83%AB%E3%83%91%E3%82%A4%E3%83%B3%E3%82%BA%E3%83%9B%E3%83%86%E3%83%AB%E6%B5%A6%E5%92%8C%22%20%E3%81%98%E3%82%83%E3%82%89%E3%82%93,https://www.jalan.net/yad330988/,2026-08-08T16:28:24+09:00,
331,stage-111-1,東横INN北戸田駅東口,埼玉県,戸田,北戸田,stage-111,111,戸田市文化会館,1,stage,https://www.jalan.net/yad368499/,東横ＩＮＮ北戸田駅東口,verified,1.0,True,True,hotel name matches Jalan page; location context consistent,https://search.yahoo.co.jp/search?p=%22%E6%9D%B1%E6%A8%AAINN%E5%8C%97%E6%88%B8%E7%94%B0%E9%A7%85%E6%9D%B1%E5%8F%A3%22%20%E3%81%98%E3%82%83%E3%82%89%E3%82%93,https://www.jalan.net/yad368499/,2026-08-08T16:28:26+09:00,
332,stage-111-2,東横INN西川口駅,埼玉県,戸田,西川口,stage-111,111,戸田市文化会館,2,stage,https://www.jalan.net/yad308785/,東横ＩＮＮ西川口駅,verified,1.0,True,True,hotel name matches Jalan page; location context consistent,https://search.yahoo.co.jp/search?p=%22%E6%9D%B1%E6%A8%AAINN%E8%A5%BF%E5%B7%9D%E5%8F%A3%E9%A7%85%22%20%E3%81%98%E3%82%83%E3%82%89%E3%82%93,https://www.jalan.net/yad308785/,2026-08-08T16:28:29+09:00,
333,stage-111-3,西川口ステーションホテル ステイラウンジ,埼玉県,戸田,西川口,stage-111,111,戸田市文化会館,3,stage,https://www.jalan.net/yad348776/,西川口ステーションホテル ステイラウンジ,verified,1.0,True,True,hotel name matches Jalan page; location context consistent,https://search.yahoo.co.jp/search?p=%22%E8%A5%BF%E5%B7%9D%E5%8F%A3%E3%82%B9%E3%83%86%E3%83%BC%E3%82%B7%E3%83%A7%E3%83%B3%E3%83%9B%E3%83%86%E3%83%AB%20%E3%82%B9%E3%83%86%E3%82%A4%E3%83%A9%E3%82%A6%E3%83%B3%E3%82%B8%22%20%E3%81%98%E3%82%83%E3%82%89%E3%82%93,https://www.jalan.net/yad348776/,2026-08-08T16:28:32+09:00,
334,stage-112-1,和光市東武ホテル,埼玉県,和光市,和光市,stage-112,112,和光市民文化センター サンアゼリア 大ホール,1,stage,https://www.jalan.net/yad370584/,和光市東武ホテル,verified,1.0,True,True,hotel name matches Jalan page; location context consistent,https://search.yahoo.co.jp/search?p=%22%E5%92%8C%E5%85%89%E5%B8%82%E6%9D%B1%E6%AD%A6%E3%83%9B%E3%83%86%E3%83%AB%22%20%E3%81%98%E3%82%83%E3%82%89%E3%82%93,https://www.jalan.net/yad370584/,2026-08-08T16:28:35+09:00,
335,stage-112-2,東横INN北朝霞駅西口,埼玉県,和光市,北朝霞,stage-112,112,和光市民文化センター サンアゼリア 大ホール,2,stage,https://www.jalan.net/yad314581/,東横ＩＮＮ北朝霞駅西口,verified,1.0,True,True,hotel name matches Jalan page; location context consistent,https://search.yahoo.co.jp/search?p=%22%E6%9D%B1%E6%A8%AAINN%E5%8C%97%E6%9C%9D%E9%9C%9E%E9%A7%85%E8%A5%BF%E5%8F%A3%22%20%E3%81%98%E3%82%83%E3%82%89%E3%82%93,https://www.jalan.net/yad314581/,2026-08-08T16:28:37+09:00,
336,stage-112-3,スマイルホテル北朝霞,埼玉県,和光市,北朝霞,stage-112,112,和光市民文化センター サンアゼリア 大ホール,3,stage,https://www.jalan.net/yad314505/,スマイルホテル北朝霞,verified,1.0,True,True,hotel name matches Jalan page; location context consistent,https://search.yahoo.co.jp/search?p=%22%E3%82%B9%E3%83%9E%E3%82%A4%E3%83%AB%E3%83%9B%E3%83%86%E3%83%AB%E5%8C%97%E6%9C%9D%E9%9C%9E%22%20%E3%81%98%E3%82%83%E3%82%89%E3%82%93,https://www.jalan.net/yad314505/,2026-08-08T16:28:40+09:00,
337,stage-113-1,川越東武ホテル,埼玉県,川越,川越,stage-113,113,ウェスタ川越 大ホール,1,stage,https://www.jalan.net/yad374288/,川越東武ホテル,verified,1.0,True,True,hotel name matches Jalan page; location context consistent,https://search.yahoo.co.jp/search?p=%22%E5%B7%9D%E8%B6%8A%E6%9D%B1%E6%AD%A6%E3%83%9B%E3%83%86%E3%83%AB%22%20%E3%81%98%E3%82%83%E3%82%89%E3%82%93,https://www.jalan.net/yad374288/,2026-08-08T16:28:43+09:00,
338,stage-113-2,川越プリンスホテル,埼玉県,川越,本川越,stage-113,113,ウェスタ川越 大ホール,2,stage,https://www.jalan.net/yad305876/,川越プリンスホテル,verified,1.0,True,True,hotel name matches Jalan page; location context consistent,https://search.yahoo.co.jp/search?p=%22%E5%B7%9D%E8%B6%8A%E3%83%97%E3%83%AA%E3%83%B3%E3%82%B9%E3%83%9B%E3%83%86%E3%83%AB%22%20%E3%81%98%E3%82%83%E3%82%89%E3%82%93,https://www.jalan.net/yad305876/,2026-08-08T16:28:45+09:00,
339,stage-113-3,スーパーホテル埼玉・川越,埼玉県,川越,本川越,stage-113,113,ウェスタ川越 大ホール,3,stage,https://www.jalan.net/yad397364/,スーパーホテル埼玉・川越 天然温泉【赤城の湯】,verified,0.97,True,True,hotel name matches Jalan page; location context consistent,https://search.yahoo.co.jp/search?p=%22%E3%82%B9%E3%83%BC%E3%83%91%E3%83%BC%E3%83%9B%E3%83%86%E3%83%AB%E5%9F%BC%E7%8E%89%E3%83%BB%E5%B7%9D%E8%B6%8A%22%20%E3%81%98%E3%82%83%E3%82%89%E3%82%93,https://www.jalan.net/yad397364/,2026-08-08T16:28:49+09:00,
340,stage-114-1,東横INN三郷中央駅前,埼玉県,三郷,三郷中央,stage-114,114,三郷市文化会館 大ホール,1,stage,https://www.jalan.net/yad369932/,東横ＩＮＮ三郷中央駅前,verified,1.0,True,True,hotel name matches Jalan page; location context consistent,https://search.yahoo.co.jp/search?p=%22%E6%9D%B1%E6%A8%AAINN%E4%B8%89%E9%83%B7%E4%B8%AD%E5%A4%AE%E9%A7%85%E5%89%8D%22%20%E3%81%98%E3%82%83%E3%82%89%E3%82%93,https://www.jalan.net/yad369932/,2026-08-08T16:28:51+09:00,
341,stage-114-2,ホテルサンクローバー三郷,埼玉県,三郷,三郷,stage-114,114,三郷市文化会館 大ホール,2,stage,https://www.jalan.net/yad382711/,ホテルサンクローバー三郷,verified,1.0,True,True,hotel name matches Jalan page; location context consistent,https://search.yahoo.co.jp/search?p=%22%E3%83%9B%E3%83%86%E3%83%AB%E3%82%B5%E3%83%B3%E3%82%AF%E3%83%AD%E3%83%BC%E3%83%90%E3%83%BC%E4%B8%89%E9%83%B7%22%20%E3%81%98%E3%82%83%E3%82%89%E3%82%93,https://www.jalan.net/yad382711/,2026-08-08T16:28:55+09:00,
342,stage-114-3,東横INN八潮駅前,埼玉県,三郷,八潮,stage-114,114,三郷市文化会館 大ホール,3,stage,https://www.jalan.net/yad381970/,東横ＩＮＮ八潮駅前,verified,1.0,True,True,hotel name matches Jalan page; location context consistent,https://search.yahoo.co.jp/search?p=%22%E6%9D%B1%E6%A8%AAINN%E5%85%AB%E6%BD%AE%E9%A7%85%E5%89%8D%22%20%E3%81%98%E3%82%83%E3%82%89%E3%82%93,https://www.jalan.net/yad381970/,2026-08-08T16:28:57+09:00,
343,stage-115-1,所沢パークホテル,埼玉県,航空公園・所沢,所沢,stage-115,115,所沢市民文化センター ミューズ マーキーホール,1,stage,https://www.jalan.net/yad326366/,所沢パークホテル,verified,1.0,True,True,hotel name matches Jalan page; location context consistent,https://search.yahoo.co.jp/search?p=%22%E6%89%80%E6%B2%A2%E3%83%91%E3%83%BC%E3%82%AF%E3%83%9B%E3%83%86%E3%83%AB%22%20%E3%81%98%E3%82%83%E3%82%89%E3%82%93,https://www.jalan.net/yad326366/,2026-08-08T16:27:36+09:00,
344,stage-115-2,久米川ウィングホテル,埼玉県,航空公園・所沢,久米川,stage-115,115,所沢市民文化センター ミューズ マーキーホール,2,stage,https://www.jalan.net/yad326418/,久米川ウイングホテル,verified_fuzzy,0.9,False,True,hotel name is a fuzzy/renamed match; location context consistent,https://search.yahoo.co.jp/search?p=%22%E4%B9%85%E7%B1%B3%E5%B7%9D%E3%82%A6%E3%82%A3%E3%83%B3%E3%82%B0%E3%83%9B%E3%83%86%E3%83%AB%22%20%E3%81%98%E3%82%83%E3%82%89%E3%82%93,https://www.jalan.net/yad326418/,2026-08-08T16:27:41+09:00,
345,stage-115-3,ビジネスホテル マーキュリー,埼玉県,航空公園・所沢,久米川,stage-115,115,所沢市民文化センター ミューズ マーキーホール,3,stage,https://www.jalan.net/yad356334/,ビジネスホテル マーキュリー（ロイヤルイングループ）,verified,0.97,False,True,hotel name matches Jalan page; location context consistent,https://search.yahoo.co.jp/search?p=%22%E3%83%93%E3%82%B8%E3%83%8D%E3%82%B9%E3%83%9B%E3%83%86%E3%83%AB%20%E3%83%9E%E3%83%BC%E3%82%AD%E3%83%A5%E3%83%AA%E3%83%BC%22%20%E3%81%98%E3%82%83%E3%82%89%E3%82%93,https://www.jalan.net/yad356334/,2026-08-08T16:27:44+09:00,
346,stage-116-1,所沢パークホテル,埼玉県,東所沢,所沢,stage-116,116,ところざわサクラタウン ジャパンパビリオン ホールA,1,stage,https://www.jalan.net/yad326366/,所沢パークホテル,verified,1.0,True,True,hotel name matches Jalan page; location context consistent,https://search.yahoo.co.jp/search?p=%22%E6%89%80%E6%B2%A2%E3%83%91%E3%83%BC%E3%82%AF%E3%83%9B%E3%83%86%E3%83%AB%22%20%E3%81%98%E3%82%83%E3%82%89%E3%82%93,https://www.jalan.net/yad326366/,2026-08-08T16:27:36+09:00,
347,stage-116-2,久米川ウィングホテル,埼玉県,東所沢,久米川,stage-116,116,ところざわサクラタウン ジャパンパビリオン ホールA,2,stage,https://www.jalan.net/yad326418/,久米川ウイングホテル,verified_fuzzy,0.9,False,True,hotel name is a fuzzy/renamed match; location context consistent,https://search.yahoo.co.jp/search?p=%22%E4%B9%85%E7%B1%B3%E5%B7%9D%E3%82%A6%E3%82%A3%E3%83%B3%E3%82%B0%E3%83%9B%E3%83%86%E3%83%AB%22%20%E3%81%98%E3%82%83%E3%82%89%E3%82%93,https://www.jalan.net/yad326418/,2026-08-08T16:27:41+09:00,
348,stage-116-3,ビジネスホテル マーキュリー,埼玉県,東所沢,久米川,stage-116,116,ところざわサクラタウン ジャパンパビリオン ホールA,3,stage,https://www.jalan.net/yad356334/,ビジネスホテル マーキュリー（ロイヤルイングループ）,verified,0.97,False,True,hotel name matches Jalan page; location context consistent,https://search.yahoo.co.jp/search?p=%22%E3%83%93%E3%82%B8%E3%83%8D%E3%82%B9%E3%83%9B%E3%83%86%E3%83%AB%20%E3%83%9E%E3%83%BC%E3%82%AD%E3%83%A5%E3%83%AA%E3%83%BC%22%20%E3%81%98%E3%82%83%E3%82%89%E3%82%93,https://www.jalan.net/yad356334/,2026-08-08T16:27:44+09:00,
349,stage-117-1,ダイワロイネットホテル水戸,茨城県,水戸,水戸,stage-117,117,水戸市民会館 グロービスホール,1,stage,https://www.jalan.net/yad314882/,ダイワロイネットホテル水戸,verified,1.0,True,True,hotel name matches Jalan page; location context consistent,https://search.yahoo.co.jp/search?p=%22%E3%83%80%E3%82%A4%E3%83%AF%E3%83%AD%E3%82%A4%E3%83%8D%E3%83%83%E3%83%88%E3%83%9B%E3%83%86%E3%83%AB%E6%B0%B4%E6%88%B8%22%20%E3%81%98%E3%82%83%E3%82%89%E3%82%93,https://www.jalan.net/yad314882/,2026-08-08T16:27:47+09:00,
350,stage-117-2,JR東日本ホテルメッツ 水戸,茨城県,水戸,水戸,stage-117,117,水戸市民会館 グロービスホール,2,stage,https://www.jalan.net/yad318263/,JR東日本ホテルメッツ 水戸,verified,1.0,True,True,hotel name matches Jalan page; location context consistent,https://search.yahoo.co.jp/search?p=%22JR%E6%9D%B1%E6%97%A5%E6%9C%AC%E3%83%9B%E3%83%86%E3%83%AB%E3%83%A1%E3%83%83%E3%83%84%20%E6%B0%B4%E6%88%B8%22%20%E3%81%98%E3%82%83%E3%82%89%E3%82%93,https://www.jalan.net/yad318263/,2026-08-08T16:27:52+09:00,
351,stage-117-3,水戸京成ホテル,茨城県,水戸,水戸,stage-117,117,水戸市民会館 グロービスホール,3,stage,https://www.jalan.net/yad304132/,水戸京成ホテル,verified,1.0,True,True,hotel name matches Jalan page; location context consistent,https://search.yahoo.co.jp/search?p=%22%E6%B0%B4%E6%88%B8%E4%BA%AC%E6%88%90%E3%83%9B%E3%83%86%E3%83%AB%22%20%E3%81%98%E3%82%83%E3%82%89%E3%82%93,https://www.jalan.net/yad304132/,2026-08-08T16:27:56+09:00,
352,stage-118-1,ダイワロイネットホテル水戸,茨城県,水戸,水戸,stage-118,118,ザ・ヒロサワ・シティ会館 大ホール,1,stage,https://www.jalan.net/yad314882/,ダイワロイネットホテル水戸,verified,1.0,True,True,hotel name matches Jalan page; location context consistent,https://search.yahoo.co.jp/search?p=%22%E3%83%80%E3%82%A4%E3%83%AF%E3%83%AD%E3%82%A4%E3%83%8D%E3%83%83%E3%83%88%E3%83%9B%E3%83%86%E3%83%AB%E6%B0%B4%E6%88%B8%22%20%E3%81%98%E3%82%83%E3%82%89%E3%82%93,https://www.jalan.net/yad314882/,2026-08-08T16:27:47+09:00,
353,stage-118-2,JR東日本ホテルメッツ 水戸,茨城県,水戸,水戸,stage-118,118,ザ・ヒロサワ・シティ会館 大ホール,2,stage,https://www.jalan.net/yad318263/,JR東日本ホテルメッツ 水戸,verified,1.0,True,True,hotel name matches Jalan page; location context consistent,https://search.yahoo.co.jp/search?p=%22JR%E6%9D%B1%E6%97%A5%E6%9C%AC%E3%83%9B%E3%83%86%E3%83%AB%E3%83%A1%E3%83%83%E3%83%84%20%E6%B0%B4%E6%88%B8%22%20%E3%81%98%E3%82%83%E3%82%89%E3%82%93,https://www.jalan.net/yad318263/,2026-08-08T16:27:52+09:00,
354,stage-118-3,水戸京成ホテル,茨城県,水戸,水戸,stage-118,118,ザ・ヒロサワ・シティ会館 大ホール,3,stage,https://www.jalan.net/yad304132/,水戸京成ホテル,verified,1.0,True,True,hotel name matches Jalan page; location context consistent,https://search.yahoo.co.jp/search?p=%22%E6%B0%B4%E6%88%B8%E4%BA%AC%E6%88%90%E3%83%9B%E3%83%86%E3%83%AB%22%20%E3%81%98%E3%82%83%E3%82%89%E3%82%93,https://www.jalan.net/yad304132/,2026-08-08T16:27:56+09:00,
355,stage-119-1,ダイワロイネットホテルつくば,茨城県,つくば,つくば,stage-119,119,ノバホール,1,stage,https://www.jalan.net/yad386528/,ダイワロイネットホテルつくば,verified,1.0,True,True,hotel name matches Jalan page; location context consistent,https://search.yahoo.co.jp/search?p=%22%E3%83%80%E3%82%A4%E3%83%AF%E3%83%AD%E3%82%A4%E3%83%8D%E3%83%83%E3%83%88%E3%83%9B%E3%83%86%E3%83%AB%E3%81%A4%E3%81%8F%E3%81%B0%22%20%E3%81%98%E3%82%83%E3%82%89%E3%82%93,https://www.jalan.net/yad386528/,2026-08-08T16:28:00+09:00,
356,stage-119-2,ホテル日航つくば,茨城県,つくば,つくば,stage-119,119,ノバホール,2,stage,https://www.jalan.net/yad324335/,ホテル日航つくば,verified,1.0,True,True,hotel name matches Jalan page; location context consistent,https://search.yahoo.co.jp/search?p=%22%E3%83%9B%E3%83%86%E3%83%AB%E6%97%A5%E8%88%AA%E3%81%A4%E3%81%8F%E3%81%B0%22%20%E3%81%98%E3%82%83%E3%82%89%E3%82%93,https://www.jalan.net/yad324335/,2026-08-08T16:28:04+09:00,
357,stage-119-3,ホテルJALシティつくば,茨城県,つくば,つくば,stage-119,119,ノバホール,3,stage,https://www.jalan.net/yad317932/,ホテルＪＡＬシティつくば,verified,1.0,True,True,hotel name matches Jalan page; location context consistent,https://search.yahoo.co.jp/search?p=%22%E3%83%9B%E3%83%86%E3%83%ABJAL%E3%82%B7%E3%83%86%E3%82%A3%E3%81%A4%E3%81%8F%E3%81%B0%22%20%E3%81%98%E3%82%83%E3%82%89%E3%82%93,https://www.jalan.net/yad317932/,2026-08-08T16:28:08+09:00,
358,stage-120-1,JR東日本ホテルメッツ 宇都宮,栃木県,宇都宮,宇都宮,stage-120,120,宇都宮市文化会館 大ホール,1,stage,https://www.jalan.net/yad355222/,JR東日本ホテルメッツ 宇都宮,verified,1.0,True,True,hotel name matches Jalan page; location context consistent,https://search.yahoo.co.jp/search?p=%22JR%E6%9D%B1%E6%97%A5%E6%9C%AC%E3%83%9B%E3%83%86%E3%83%AB%E3%83%A1%E3%83%83%E3%83%84%20%E5%AE%87%E9%83%BD%E5%AE%AE%22%20%E3%81%98%E3%82%83%E3%82%89%E3%82%93,https://www.jalan.net/yad355222/,2026-08-08T16:28:12+09:00,
359,stage-120-2,ダイワロイネットホテル宇都宮,栃木県,宇都宮,宇都宮,stage-120,120,宇都宮市文化会館 大ホール,2,stage,https://www.jalan.net/yad326434/,ダイワロイネットホテル宇都宮,verified,1.0,True,True,hotel name matches Jalan page; location context consistent,https://search.yahoo.co.jp/search?p=%22%E3%83%80%E3%82%A4%E3%83%AF%E3%83%AD%E3%82%A4%E3%83%8D%E3%83%83%E3%83%88%E3%83%9B%E3%83%86%E3%83%AB%E5%AE%87%E9%83%BD%E5%AE%AE%22%20%E3%81%98%E3%82%83%E3%82%89%E3%82%93,https://www.jalan.net/yad326434/,2026-08-08T16:28:16+09:00,
360,stage-120-3,リッチモンドホテル宇都宮駅前,栃木県,宇都宮,宇都宮,stage-120,120,宇都宮市文化会館 大ホール,3,stage,https://www.jalan.net/yad330314/,リッチモンドホテル宇都宮駅前,verified,1.0,True,True,hotel name matches Jalan page; location context consistent,https://search.yahoo.co.jp/search?p=%22%E3%83%AA%E3%83%83%E3%83%81%E3%83%A2%E3%83%B3%E3%83%89%E3%83%9B%E3%83%86%E3%83%AB%E5%AE%87%E9%83%BD%E5%AE%AE%E9%A7%85%E5%89%8D%22%20%E3%81%98%E3%82%83%E3%82%89%E3%82%93,https://www.jalan.net/yad330314/,2026-08-08T16:28:21+09:00,
361,stage-121-1,JR東日本ホテルメッツ 宇都宮,栃木県,宇都宮,宇都宮,stage-121,121,栃木県総合文化センター メインホール,1,stage,https://www.jalan.net/yad355222/,JR東日本ホテルメッツ 宇都宮,verified,1.0,True,True,hotel name matches Jalan page; location context consistent,https://search.yahoo.co.jp/search?p=%22JR%E6%9D%B1%E6%97%A5%E6%9C%AC%E3%83%9B%E3%83%86%E3%83%AB%E3%83%A1%E3%83%83%E3%83%84%20%E5%AE%87%E9%83%BD%E5%AE%AE%22%20%E3%81%98%E3%82%83%E3%82%89%E3%82%93,https://www.jalan.net/yad355222/,2026-08-08T16:28:12+09:00,
362,stage-121-2,ダイワロイネットホテル宇都宮,栃木県,宇都宮,宇都宮,stage-121,121,栃木県総合文化センター メインホール,2,stage,https://www.jalan.net/yad326434/,ダイワロイネットホテル宇都宮,verified,1.0,True,True,hotel name matches Jalan page; location context consistent,https://search.yahoo.co.jp/search?p=%22%E3%83%80%E3%82%A4%E3%83%AF%E3%83%AD%E3%82%A4%E3%83%8D%E3%83%83%E3%83%88%E3%83%9B%E3%83%86%E3%83%AB%E5%AE%87%E9%83%BD%E5%AE%AE%22%20%E3%81%98%E3%82%83%E3%82%89%E3%82%93,https://www.jalan.net/yad326434/,2026-08-08T16:28:16+09:00,
363,stage-121-3,リッチモンドホテル宇都宮駅前,栃木県,宇都宮,宇都宮,stage-121,121,栃木県総合文化センター メインホール,3,stage,https://www.jalan.net/yad330314/,リッチモンドホテル宇都宮駅前,verified,1.0,True,True,hotel name matches Jalan page; location context consistent,https://search.yahoo.co.jp/search?p=%22%E3%83%AA%E3%83%83%E3%83%81%E3%83%A2%E3%83%B3%E3%83%89%E3%83%9B%E3%83%86%E3%83%AB%E5%AE%87%E9%83%BD%E5%AE%AE%E9%A7%85%E5%89%8D%22%20%E3%81%98%E3%82%83%E3%82%89%E3%82%93,https://www.jalan.net/yad330314/,2026-08-08T16:28:21+09:00,
364,stage-122-1,ホテルメトロポリタン高崎,群馬県,高崎,高崎,stage-122,122,高崎芸術劇場 大劇場,1,stage,https://www.jalan.net/yad321008/,ホテルメトロポリタン高崎,verified,1.0,True,True,hotel name matches Jalan page; location context consistent,https://search.yahoo.co.jp/search?p=%22%E3%83%9B%E3%83%86%E3%83%AB%E3%83%A1%E3%83%88%E3%83%AD%E3%83%9D%E3%83%AA%E3%82%BF%E3%83%B3%E9%AB%98%E5%B4%8E%22%20%E3%81%98%E3%82%83%E3%82%89%E3%82%93,https://www.jalan.net/yad321008/,2026-08-08T16:28:24+09:00,
365,stage-122-2,ホテルココ・グラン高崎,群馬県,高崎,高崎,stage-122,122,高崎芸術劇場 大劇場,2,stage,https://www.jalan.net/yad353664/,ホテル ココ・グラン高崎,verified,1.0,True,True,hotel name matches Jalan page; location context consistent,https://search.yahoo.co.jp/search?p=%22%E3%83%9B%E3%83%86%E3%83%AB%E3%82%B3%E3%82%B3%E3%83%BB%E3%82%B0%E3%83%A9%E3%83%B3%E9%AB%98%E5%B4%8E%22%20%E3%81%98%E3%82%83%E3%82%89%E3%82%93,https://www.jalan.net/yad353664/,2026-08-08T16:28:28+09:00,
366,stage-122-3,アパホテル〈高崎駅前〉,群馬県,高崎,高崎,stage-122,122,高崎芸術劇場 大劇場,3,stage,https://www.jalan.net/yad308306/,アパホテル〈高崎駅前〉2026年2月リニューアル,verified,0.97,True,True,hotel name matches Jalan page; location context consistent,https://search.yahoo.co.jp/search?p=%22%E3%82%A2%E3%83%91%E3%83%9B%E3%83%86%E3%83%AB%E3%80%88%E9%AB%98%E5%B4%8E%E9%A7%85%E5%89%8D%E3%80%89%22%20%E3%81%98%E3%82%83%E3%82%89%E3%82%93,https://www.jalan.net/yad308306/,2026-08-08T16:28:34+09:00,
367,stage-123-1,天然温泉 妙義の湯 ドーミーイン前橋,群馬県,前橋,前橋,stage-123,123,昌賢学園まえばしホール 大ホール,1,stage,https://www.jalan.net/yad384626/,天然温泉 妙義の湯 ドーミーイン前橋,verified,1.0,True,True,hotel name matches Jalan page; location context consistent,https://search.yahoo.co.jp/search?p=%22%E5%A4%A9%E7%84%B6%E6%B8%A9%E6%B3%89%20%E5%A6%99%E7%BE%A9%E3%81%AE%E6%B9%AF%20%E3%83%89%E3%83%BC%E3%83%9F%E3%83%BC%E3%82%A4%E3%83%B3%E5%89%8D%E6%A9%8B%22%20%E3%81%98%E3%82%83%E3%82%89%E3%82%93,https://www.jalan.net/yad384626/,2026-08-08T16:28:38+09:00,
368,stage-123-2,コンフォートホテル前橋,群馬県,前橋,前橋,stage-123,123,昌賢学園まえばしホール 大ホール,2,stage,https://www.jalan.net/yad336608/,コンフォートホテル前橋,verified,1.0,True,True,hotel name matches Jalan page; location context consistent,https://search.yahoo.co.jp/search?p=%22%E3%82%B3%E3%83%B3%E3%83%95%E3%82%A9%E3%83%BC%E3%83%88%E3%83%9B%E3%83%86%E3%83%AB%E5%89%8D%E6%A9%8B%22%20%E3%81%98%E3%82%83%E3%82%89%E3%82%93,https://www.jalan.net/yad336608/,2026-08-08T16:28:42+09:00,
369,stage-123-3,アパホテル〈前橋駅北〉,群馬県,前橋,前橋,stage-123,123,昌賢学園まえばしホール 大ホール,3,stage,https://www.jalan.net/yad365045/,アパホテル〈前橋駅北〉,verified,1.0,True,True,hotel name matches Jalan page; location context consistent,https://search.yahoo.co.jp/search?p=%22%E3%82%A2%E3%83%91%E3%83%9B%E3%83%86%E3%83%AB%E3%80%88%E5%89%8D%E6%A9%8B%E9%A7%85%E5%8C%97%E3%80%89%22%20%E3%81%98%E3%82%83%E3%82%89%E3%82%93,https://www.jalan.net/yad365045/,2026-08-08T16:28:45+09:00,
370,stage-124-1,東横INN群馬太田駅南口,群馬県,太田,太田,stage-124,124,太田市民会館 ホール,1,stage,https://www.jalan.net/yad371125/,東横ＩＮＮ群馬太田駅南口,verified,1.0,True,True,hotel name matches Jalan page; location context consistent,https://search.yahoo.co.jp/search?p=%22%E6%9D%B1%E6%A8%AAINN%E7%BE%A4%E9%A6%AC%E5%A4%AA%E7%94%B0%E9%A7%85%E5%8D%97%E5%8F%A3%22%20%E3%81%98%E3%82%83%E3%82%89%E3%82%93,https://www.jalan.net/yad371125/,2026-08-08T16:28:49+09:00,
371,stage-124-2,ホテルルートインGrand太田駅前,群馬県,太田,太田,stage-124,124,太田市民会館 ホール,2,stage,https://www.jalan.net/yad375883/,ホテルルートインＧｒａｎｄ太田駅前,verified,1.0,True,True,hotel name matches Jalan page; location context consistent,https://search.yahoo.co.jp/search?p=%22%E3%83%9B%E3%83%86%E3%83%AB%E3%83%AB%E3%83%BC%E3%83%88%E3%82%A4%E3%83%B3Grand%E5%A4%AA%E7%94%B0%E9%A7%85%E5%89%8D%22%20%E3%81%98%E3%82%83%E3%82%89%E3%82%93,https://www.jalan.net/yad375883/,2026-08-08T16:28:53+09:00,
372,stage-124-3,太田グランドホテル,群馬県,太田,太田,stage-124,124,太田市民会館 ホール,3,stage,https://www.jalan.net/yad380626/,太田グランドホテル Ohta Grand Hotel,verified,0.97,True,True,hotel name matches Jalan page; location context consistent,https://search.yahoo.co.jp/search?p=%22%E5%A4%AA%E7%94%B0%E3%82%B0%E3%83%A9%E3%83%B3%E3%83%89%E3%83%9B%E3%83%86%E3%83%AB%22%20%E3%81%98%E3%82%83%E3%82%89%E3%82%93,https://www.jalan.net/yad380626/,2026-08-08T16:28:59+09:00,
373,stage-125-1,東横INN桐生駅南口,群馬県,桐生,桐生,stage-125,125,美喜仁桐生文化会館 シルクホール,1,stage,https://www.jalan.net/yad332423/,東横ＩＮＮ桐生駅南口,verified,1.0,True,True,hotel name matches Jalan page; location context consistent,https://search.yahoo.co.jp/search?p=%22%E6%9D%B1%E6%A8%AAINN%E6%A1%90%E7%94%9F%E9%A7%85%E5%8D%97%E5%8F%A3%22%20%E3%81%98%E3%82%83%E3%82%89%E3%82%93,https://www.jalan.net/yad332423/,2026-08-08T16:29:03+09:00,
374,stage-125-2,エースホテル,群馬県,桐生,桐生,stage-125,125,美喜仁桐生文化会館 シルクホール,2,stage,https://www.jalan.net/yad334335/,庭の、桐生エースホテル,verified,0.97,True,True,hotel name matches Jalan page; location context consistent,https://search.yahoo.co.jp/search?p=%22%E3%82%A8%E3%83%BC%E3%82%B9%E3%83%9B%E3%83%86%E3%83%AB%22%20%E3%81%98%E3%82%83%E3%82%89%E3%82%93,https://www.jalan.net/yad334335/,2026-08-08T16:29:09+09:00,
375,stage-125-3,パークイン桐生,群馬県,桐生,桐生,stage-125,125,美喜仁桐生文化会館 シルクホール,3,stage,https://www.jalan.net/yad327116/,パークイン桐生,verified,1.0,True,True,hotel name matches Jalan page; location context consistent,https://search.yahoo.co.jp/search?p=%22%E3%83%91%E3%83%BC%E3%82%AF%E3%82%A4%E3%83%B3%E6%A1%90%E7%94%9F%22%20%E3%81%98%E3%82%83%E3%82%89%E3%82%93,https://www.jalan.net/yad327116/,2026-08-08T16:29:12+09:00,
376,stage-126-1,JRイン札幌北2条,北海道,札幌・大通,札幌・大通,stage-126,126,札幌文化芸術劇場 hitaru,1,stage,https://www.jalan.net/yad367273/,ＪＲイン札幌北２条,verified,1.0,True,True,hotel name matches Jalan page; location context consistent,https://search.yahoo.co.jp/search?p=%22JR%E3%82%A4%E3%83%B3%E6%9C%AD%E5%B9%8C%E5%8C%972%E6%9D%A1%22%20%E3%81%98%E3%82%83%E3%82%89%E3%82%93,https://www.jalan.net/yad367273/,2026-08-08T16:29:16+09:00,
377,stage-126-2,ザ ノット 札幌,北海道,札幌・大通,大通・すすきの,stage-126,126,札幌文化芸術劇場 hitaru,2,stage,https://www.jalan.net/yad349825/,THE KNOT SAPPORO （ザ ノット 札幌）,verified,0.97,True,True,hotel name matches Jalan page; location context consistent,https://search.yahoo.co.jp/search?p=%22%E3%82%B6%20%E3%83%8E%E3%83%83%E3%83%88%20%E6%9C%AD%E5%B9%8C%22%20%E3%81%98%E3%82%83%E3%82%89%E3%82%93,https://www.jalan.net/yad349825/,2026-08-08T16:29:20+09:00,
378,stage-126-3,札幌ビューホテル大通公園,北海道,札幌・大通,大通,stage-126,126,札幌文化芸術劇場 hitaru,3,stage,https://www.jalan.net/yad324274/,札幌ビューホテル大通公園,verified,1.0,True,True,hotel name matches Jalan page; location context consistent,https://search.yahoo.co.jp/search?p=%22%E6%9C%AD%E5%B9%8C%E3%83%93%E3%83%A5%E3%83%BC%E3%83%9B%E3%83%86%E3%83%AB%E5%A4%A7%E9%80%9A%E5%85%AC%E5%9C%92%22%20%E3%81%98%E3%82%83%E3%82%89%E3%82%93,https://www.jalan.net/yad324274/,2026-08-08T16:29:25+09:00,
379,stage-127-1,JRイン札幌北2条,北海道,札幌・大通,札幌・大通,stage-127,127,カナモトホール(札幌市民ホール),1,stage,https://www.jalan.net/yad367273/,ＪＲイン札幌北２条,verified,1.0,True,True,hotel name matches Jalan page; location context consistent,https://search.yahoo.co.jp/search?p=%22JR%E3%82%A4%E3%83%B3%E6%9C%AD%E5%B9%8C%E5%8C%972%E6%9D%A1%22%20%E3%81%98%E3%82%83%E3%82%89%E3%82%93,https://www.jalan.net/yad367273/,2026-08-08T16:29:16+09:00,
380,stage-127-2,ザ ノット 札幌,北海道,札幌・大通,大通・すすきの,stage-127,127,カナモトホール(札幌市民ホール),2,stage,https://www.jalan.net/yad349825/,THE KNOT SAPPORO （ザ ノット 札幌）,verified,0.97,True,True,hotel name matches Jalan page; location context consistent,https://search.yahoo.co.jp/search?p=%22%E3%82%B6%20%E3%83%8E%E3%83%83%E3%83%88%20%E6%9C%AD%E5%B9%8C%22%20%E3%81%98%E3%82%83%E3%82%89%E3%82%93,https://www.jalan.net/yad349825/,2026-08-08T16:29:20+09:00,
381,stage-127-3,札幌ビューホテル大通公園,北海道,札幌・大通,大通,stage-127,127,カナモトホール(札幌市民ホール),3,stage,https://www.jalan.net/yad324274/,札幌ビューホテル大通公園,verified,1.0,True,True,hotel name matches Jalan page; location context consistent,https://search.yahoo.co.jp/search?p=%22%E6%9C%AD%E5%B9%8C%E3%83%93%E3%83%A5%E3%83%BC%E3%83%9B%E3%83%86%E3%83%AB%E5%A4%A7%E9%80%9A%E5%85%AC%E5%9C%92%22%20%E3%81%98%E3%82%83%E3%82%89%E3%82%93,https://www.jalan.net/yad324274/,2026-08-08T16:28:43+09:00,
382,stage-128-1,JRイン札幌北2条,北海道,西11丁目・大通,札幌・大通,stage-128,128,札幌市教育文化会館 大ホール,1,stage,https://www.jalan.net/yad367273/,ＪＲイン札幌北２条,verified,1.0,True,True,hotel name matches Jalan page; location context consistent,https://search.yahoo.co.jp/search?p=%22JR%E3%82%A4%E3%83%B3%E6%9C%AD%E5%B9%8C%E5%8C%972%E6%9D%A1%22%20%E3%81%98%E3%82%83%E3%82%89%E3%82%93,https://www.jalan.net/yad367273/,2026-08-08T16:28:47+09:00,
383,stage-128-2,ザ ノット 札幌,北海道,西11丁目・大通,大通・すすきの,stage-128,128,札幌市教育文化会館 大ホール,2,stage,https://www.jalan.net/yad349825/,THE KNOT SAPPORO （ザ ノット 札幌）,verified,0.97,True,True,hotel name matches Jalan page; location context consistent,https://search.yahoo.co.jp/search?p=%22%E3%82%B6%20%E3%83%8E%E3%83%83%E3%83%88%20%E6%9C%AD%E5%B9%8C%22%20%E3%81%98%E3%82%83%E3%82%89%E3%82%93,https://www.jalan.net/yad349825/,2026-08-08T16:28:51+09:00,
384,stage-128-3,札幌ビューホテル大通公園,北海道,西11丁目・大通,大通,stage-128,128,札幌市教育文化会館 大ホール,3,stage,https://www.jalan.net/yad324274/,札幌ビューホテル大通公園,verified,1.0,True,True,hotel name matches Jalan page; location context consistent,https://search.yahoo.co.jp/search?p=%22%E6%9C%AD%E5%B9%8C%E3%83%93%E3%83%A5%E3%83%BC%E3%83%9B%E3%83%86%E3%83%AB%E5%A4%A7%E9%80%9A%E5%85%AC%E5%9C%92%22%20%E3%81%98%E3%82%83%E3%82%89%E3%82%93,https://www.jalan.net/yad324274/,2026-08-08T16:28:43+09:00,
385,stage-129-1,JRイン札幌北2条,北海道,札幌駅・大通,札幌・大通,stage-129,129,共済ホール,1,stage,https://www.jalan.net/yad367273/,ＪＲイン札幌北２条,verified,1.0,True,True,hotel name matches Jalan page; location context consistent,https://search.yahoo.co.jp/search?p=%22JR%E3%82%A4%E3%83%B3%E6%9C%AD%E5%B9%8C%E5%8C%972%E6%9D%A1%22%20%E3%81%98%E3%82%83%E3%82%89%E3%82%93,https://www.jalan.net/yad367273/,2026-08-08T16:28:47+09:00,
386,stage-129-2,ザ ノット 札幌,北海道,札幌駅・大通,大通・すすきの,stage-129,129,共済ホール,2,stage,https://www.jalan.net/yad349825/,THE KNOT SAPPORO （ザ ノット 札幌）,verified,0.97,True,True,hotel name matches Jalan page; location context consistent,https://search.yahoo.co.jp/search?p=%22%E3%82%B6%20%E3%83%8E%E3%83%83%E3%83%88%20%E6%9C%AD%E5%B9%8C%22%20%E3%81%98%E3%82%83%E3%82%89%E3%82%93,https://www.jalan.net/yad349825/,2026-08-08T16:28:51+09:00,
387,stage-129-3,札幌ビューホテル大通公園,北海道,札幌駅・大通,大通,stage-129,129,共済ホール,3,stage,https://www.jalan.net/yad324274/,札幌ビューホテル大通公園,verified,1.0,True,True,hotel name matches Jalan page; location context consistent,https://search.yahoo.co.jp/search?p=%22%E6%9C%AD%E5%B9%8C%E3%83%93%E3%83%A5%E3%83%BC%E3%83%9B%E3%83%86%E3%83%AB%E5%A4%A7%E9%80%9A%E5%85%AC%E5%9C%92%22%20%E3%81%98%E3%82%83%E3%82%89%E3%82%93,https://www.jalan.net/yad324274/,2026-08-08T16:28:43+09:00,
388,stage-130-1,ベッセルイン札幌中島公園,北海道,中島公園・すすきの,中島公園,stage-130,130,Zepp Sapporo,1,stage,https://www.jalan.net/yad382870/,ベッセルイン札幌中島公園,verified,1.0,True,True,hotel name matches Jalan page; location context consistent,https://search.yahoo.co.jp/search?p=%22%E3%83%99%E3%83%83%E3%82%BB%E3%83%AB%E3%82%A4%E3%83%B3%E6%9C%AD%E5%B9%8C%E4%B8%AD%E5%B3%B6%E5%85%AC%E5%9C%92%22%20%E3%81%98%E3%82%83%E3%82%89%E3%82%93,https://www.jalan.net/yad382870/,2026-08-08T16:28:56+09:00,
389,stage-130-2,イビススタイルズ札幌,北海道,中島公園・すすきの,中島公園,stage-130,130,Zepp Sapporo,2,stage,https://www.jalan.net/yad342812/,イビススタイルズ札幌,verified,1.0,True,True,hotel name matches Jalan page; location context consistent,https://search.yahoo.co.jp/search?p=%22%E3%82%A4%E3%83%93%E3%82%B9%E3%82%B9%E3%82%BF%E3%82%A4%E3%83%AB%E3%82%BA%E6%9C%AD%E5%B9%8C%22%20%E3%81%98%E3%82%83%E3%82%89%E3%82%93,https://www.jalan.net/yad342812/,2026-08-08T16:28:59+09:00,
390,stage-130-3,ホテルマイステイズ札幌中島公園,北海道,中島公園・すすきの,中島公園,stage-130,130,Zepp Sapporo,3,stage,https://www.jalan.net/yad327707/,ホテルマイステイズ札幌中島公園,verified,1.0,True,True,hotel name matches Jalan page; location context consistent,https://search.yahoo.co.jp/search?p=%22%E3%83%9B%E3%83%86%E3%83%AB%E3%83%9E%E3%82%A4%E3%82%B9%E3%83%86%E3%82%A4%E3%82%BA%E6%9C%AD%E5%B9%8C%E4%B8%AD%E5%B3%B6%E5%85%AC%E5%9C%92%22%20%E3%81%98%E3%82%83%E3%82%89%E3%82%93,https://www.jalan.net/yad327707/,2026-08-08T16:29:03+09:00,
391,stage-131-1,JRイン旭川,北海道,旭川,旭川,stage-131,131,旭川市民文化会館 大ホール,1,stage,https://www.jalan.net/yad327682/,ＪＲイン旭川,verified,1.0,True,True,hotel name matches Jalan page; location context consistent,https://search.yahoo.co.jp/search?p=%22JR%E3%82%A4%E3%83%B3%E6%97%AD%E5%B7%9D%22%20%E3%81%98%E3%82%83%E3%82%89%E3%82%93,https://www.jalan.net/yad327682/,2026-08-08T16:29:07+09:00,
392,stage-131-2,ホテルウィングインターナショナル旭川駅前,北海道,旭川,旭川,stage-131,131,旭川市民文化会館 大ホール,2,stage,,KOKO HOTEL 旭川駅前（旧 ホテルウィング旭川駅前）,needs_review,0.4889,True,True,candidate exists but name/location match is not strong enough,https://search.yahoo.co.jp/search?p=%22%E3%83%9B%E3%83%86%E3%83%AB%E3%82%A6%E3%82%A3%E3%83%B3%E3%82%B0%E3%82%A4%E3%83%B3%E3%82%BF%E3%83%BC%E3%83%8A%E3%82%B7%E3%83%A7%E3%83%8A%E3%83%AB%E6%97%AD%E5%B7%9D%E9%A7%85%E5%89%8D%22%20%E3%81%98%E3%82%83%E3%82%89%E3%82%93,https://www.jalan.net/yad326154/,2026-08-08T16:29:11+09:00,
393,stage-131-3,ワイズホテル旭川駅前,北海道,旭川,旭川,stage-131,131,旭川市民文化会館 大ホール,3,stage,https://www.jalan.net/yad367376/,ワイズホテル旭川駅前,verified,1.0,True,True,hotel name matches Jalan page; location context consistent,https://search.yahoo.co.jp/search?p=%22%E3%83%AF%E3%82%A4%E3%82%BA%E3%83%9B%E3%83%86%E3%83%AB%E6%97%AD%E5%B7%9D%E9%A7%85%E5%89%8D%22%20%E3%81%98%E3%82%83%E3%82%89%E3%82%93,https://www.jalan.net/yad367376/,2026-08-08T16:29:14+09:00,
394,stage-132-1,JRイン函館,北海道,函館・湯の川,函館,stage-132,132,函館市民会館 大ホール,1,stage,https://www.jalan.net/yad319815/,ＪＲイン函館,verified,1.0,True,True,hotel name matches Jalan page; location context consistent,https://search.yahoo.co.jp/search?p=%22JR%E3%82%A4%E3%83%B3%E5%87%BD%E9%A4%A8%22%20%E3%81%98%E3%82%83%E3%82%89%E3%82%93,https://www.jalan.net/yad319815/,2026-08-08T16:29:18+09:00,
395,stage-132-2,プレミアホテル-CABIN PRESIDENT-函館,北海道,函館・湯の川,函館,stage-132,132,函館市民会館 大ホール,2,stage,https://www.jalan.net/yad327575/,プレミアホテル−CABIN PRESIDENT−函館,verified,0.9583,True,True,hotel name matches Jalan page; location context consistent,https://search.yahoo.co.jp/search?p=%22%E3%83%97%E3%83%AC%E3%83%9F%E3%82%A2%E3%83%9B%E3%83%86%E3%83%AB-CABIN%20PRESIDENT-%E5%87%BD%E9%A4%A8%22%20%E3%81%98%E3%82%83%E3%82%89%E3%82%93,https://www.jalan.net/yad327575/,2026-08-08T16:29:21+09:00,
396,stage-132-3,東横INN北海道函館駅前朝市,北海道,函館・湯の川,函館,stage-132,132,函館市民会館 大ホール,3,stage,https://www.jalan.net/yad388704/,東横ＩＮＮ函館駅前朝市,verified_fuzzy,0.88,True,True,hotel name is a fuzzy/renamed match; location context consistent,https://search.yahoo.co.jp/search?p=%22%E6%9D%B1%E6%A8%AAINN%E5%8C%97%E6%B5%B7%E9%81%93%E5%87%BD%E9%A4%A8%E9%A7%85%E5%89%8D%E6%9C%9D%E5%B8%82%22%20%E3%81%98%E3%82%83%E3%82%89%E3%82%93,https://www.jalan.net/yad388704/,2026-08-08T16:29:27+09:00,
397,stage-133-1,JRイン帯広,北海道,帯広,帯広,stage-133,133,帯広市民文化ホール 大ホール,1,stage,,,not_found,,,,no verified Jalan facility page found,https://search.yahoo.co.jp/search?p=%22JR%E3%82%A4%E3%83%B3%E5%B8%AF%E5%BA%83%22%20%E3%81%98%E3%82%83%E3%82%89%E3%82%93,,2026-08-08T16:29:33+09:00,
398,stage-133-2,リッチモンドホテル帯広駅前,北海道,帯広,帯広,stage-133,133,帯広市民文化ホール 大ホール,2,stage,https://www.jalan.net/yad352474/,リッチモンドホテル帯広駅前,verified,1.0,True,True,hotel name matches Jalan page; location context consistent,https://search.yahoo.co.jp/search?p=%22%E3%83%AA%E3%83%83%E3%83%81%E3%83%A2%E3%83%B3%E3%83%89%E3%83%9B%E3%83%86%E3%83%AB%E5%B8%AF%E5%BA%83%E9%A7%85%E5%89%8D%22%20%E3%81%98%E3%82%83%E3%82%89%E3%82%93,https://www.jalan.net/yad352474/,2026-08-08T16:29:36+09:00,
399,stage-133-3,ホテルグランテラス帯広,北海道,帯広,帯広,stage-133,133,帯広市民文化ホール 大ホール,3,stage,,薬湯風呂 ホテルグランテラス帯広（BBHホテルグループ）,needs_review,0.97,True,True,multiple Jalan candidates have similar scores,https://search.yahoo.co.jp/search?p=%22%E3%83%9B%E3%83%86%E3%83%AB%E3%82%B0%E3%83%A9%E3%83%B3%E3%83%86%E3%83%A9%E3%82%B9%E5%B8%AF%E5%BA%83%22%20%E3%81%98%E3%82%83%E3%82%89%E3%82%93,https://www.jalan.net/yad310153/,2026-08-08T16:29:42+09:00,
400,stage-134-1,ANAクラウンプラザホテル釧路,北海道,釧路,釧路,stage-134,134,コーチャンフォー釧路文化ホール 大ホール,1,stage,https://www.jalan.net/yad311807/,ANAクラウンプラザホテル釧路 by IHG,verified,1.0,True,True,hotel name matches Jalan page; location context consistent,https://search.yahoo.co.jp/search?p=%22ANA%E3%82%AF%E3%83%A9%E3%82%A6%E3%83%B3%E3%83%97%E3%83%A9%E3%82%B6%E3%83%9B%E3%83%86%E3%83%AB%E9%87%A7%E8%B7%AF%22%20%E3%81%98%E3%82%83%E3%82%89%E3%82%93,https://www.jalan.net/yad311807/,2026-08-08T16:29:45+09:00,
401,stage-134-2,コンフォートホテル釧路,北海道,釧路,釧路,stage-134,134,コーチャンフォー釧路文化ホール 大ホール,2,stage,https://www.jalan.net/yad338020/,コンフォートホテル釧路,verified,1.0,True,True,hotel name matches Jalan page; location context consistent,https://search.yahoo.co.jp/search?p=%22%E3%82%B3%E3%83%B3%E3%83%95%E3%82%A9%E3%83%BC%E3%83%88%E3%83%9B%E3%83%86%E3%83%AB%E9%87%A7%E8%B7%AF%22%20%E3%81%98%E3%82%83%E3%82%89%E3%82%93,https://www.jalan.net/yad338020/,2026-08-08T16:29:48+09:00,
402,stage-134-3,スーパーホテル釧路駅前,北海道,釧路,釧路,stage-134,134,コーチャンフォー釧路文化ホール 大ホール,3,stage,https://www.jalan.net/yad360972/,スーパーホテル釧路駅前 天然温泉 白鳥の湯,verified,0.97,True,True,hotel name matches Jalan page; location context consistent,https://search.yahoo.co.jp/search?p=%22%E3%82%B9%E3%83%BC%E3%83%91%E3%83%BC%E3%83%9B%E3%83%86%E3%83%AB%E9%87%A7%E8%B7%AF%E9%A7%85%E5%89%8D%22%20%E3%81%98%E3%82%83%E3%82%89%E3%82%93,https://www.jalan.net/yad360972/,2026-08-08T16:29:53+09:00,
403,stage-135-1,ホテルJALシティ仙台,宮城県,仙台・榴ケ岡,仙台,stage-135,135,仙台サンプラザホール,1,stage,https://www.jalan.net/yad317271/,ホテルJALシティ仙台,verified,1.0,True,True,hotel name matches Jalan page; location context consistent,https://search.yahoo.co.jp/search?p=%22%E3%83%9B%E3%83%86%E3%83%ABJAL%E3%82%B7%E3%83%86%E3%82%A3%E4%BB%99%E5%8F%B0%22%20%E3%81%98%E3%82%83%E3%82%89%E3%82%93,https://www.jalan.net/yad317271/,2026-08-08T16:29:57+09:00,
404,stage-135-2,ダイワロイネットホテル仙台西口 PREMIER,宮城県,仙台・榴ケ岡,仙台,stage-135,135,仙台サンプラザホール,2,stage,https://www.jalan.net/yad377180/,ダイワロイネットホテル仙台西口 PREMIER,verified,1.0,True,True,hotel name matches Jalan page; location context consistent,https://search.yahoo.co.jp/search?p=%22%E3%83%80%E3%82%A4%E3%83%AF%E3%83%AD%E3%82%A4%E3%83%8D%E3%83%83%E3%83%88%E3%83%9B%E3%83%86%E3%83%AB%E4%BB%99%E5%8F%B0%E8%A5%BF%E5%8F%A3%20PREMIER%22%20%E3%81%98%E3%82%83%E3%82%89%E3%82%93,https://www.jalan.net/yad377180/,2026-08-08T16:30:00+09:00,
405,stage-135-3,コンフォートホテル仙台西口,宮城県,仙台・榴ケ岡,仙台,stage-135,135,仙台サンプラザホール,3,stage,https://www.jalan.net/yad385284/,コンフォートホテル仙台西口,verified,1.0,True,True,hotel name matches Jalan page; location context consistent,https://search.yahoo.co.jp/search?p=%22%E3%82%B3%E3%83%B3%E3%83%95%E3%82%A9%E3%83%BC%E3%83%88%E3%83%9B%E3%83%86%E3%83%AB%E4%BB%99%E5%8F%B0%E8%A5%BF%E5%8F%A3%22%20%E3%81%98%E3%82%83%E3%82%89%E3%82%93,https://www.jalan.net/yad385284/,2026-08-08T16:30:04+09:00,
406,stage-136-1,ホテル定禅寺,宮城県,勾当台公園,勾当台公園,stage-136,136,東京エレクトロンホール宮城,1,stage,https://www.jalan.net/yad382812/,ホテル定禅寺,verified,1.0,True,True,hotel name matches Jalan page; location context consistent,https://search.yahoo.co.jp/search?p=%22%E3%83%9B%E3%83%86%E3%83%AB%E5%AE%9A%E7%A6%85%E5%AF%BA%22%20%E3%81%98%E3%82%83%E3%82%89%E3%82%93,https://www.jalan.net/yad382812/,2026-08-08T16:30:07+09:00,
407,stage-136-2,アパホテル〈仙台勾当台公園〉,宮城県,勾当台公園,勾当台公園,stage-136,136,東京エレクトロンホール宮城,2,stage,https://www.jalan.net/yad362752/,アパホテル〈仙台勾当台公園〉,verified,1.0,True,True,hotel name matches Jalan page; location context consistent,https://search.yahoo.co.jp/search?p=%22%E3%82%A2%E3%83%91%E3%83%9B%E3%83%86%E3%83%AB%E3%80%88%E4%BB%99%E5%8F%B0%E5%8B%BE%E5%BD%93%E5%8F%B0%E5%85%AC%E5%9C%92%E3%80%89%22%20%E3%81%98%E3%82%83%E3%82%89%E3%82%93,https://www.jalan.net/yad362752/,2026-08-08T16:30:10+09:00,
408,stage-136-3,ホテルプレミアムグリーンソブリン,宮城県,勾当台公園,勾当台公園,stage-136,136,東京エレクトロンホール宮城,3,stage,https://www.jalan.net/yad329258/,ホテルプレミアムグリーンソブリン,verified,1.0,True,True,hotel name matches Jalan page; location context consistent,https://search.yahoo.co.jp/search?p=%22%E3%83%9B%E3%83%86%E3%83%AB%E3%83%97%E3%83%AC%E3%83%9F%E3%82%A2%E3%83%A0%E3%82%B0%E3%83%AA%E3%83%BC%E3%83%B3%E3%82%BD%E3%83%96%E3%83%AA%E3%83%B3%22%20%E3%81%98%E3%82%83%E3%82%89%E3%82%93,https://www.jalan.net/yad329258/,2026-08-08T16:30:14+09:00,
409,stage-137-1,仙台ロイヤルパークホテル,宮城県,泉中央,泉中央・泉区,stage-137,137,仙台銀行ホール イズミティ21 大ホール,1,stage,https://www.jalan.net/yad330751/,仙台ロイヤルパークホテル,verified,1.0,True,True,hotel name matches Jalan page; location context consistent,https://search.yahoo.co.jp/search?p=%22%E4%BB%99%E5%8F%B0%E3%83%AD%E3%82%A4%E3%83%A4%E3%83%AB%E3%83%91%E3%83%BC%E3%82%AF%E3%83%9B%E3%83%86%E3%83%AB%22%20%E3%81%98%E3%82%83%E3%82%89%E3%82%93,https://www.jalan.net/yad330751/,2026-08-08T16:30:17+09:00,
410,stage-137-2,ホテルルートイン仙台泉インター,宮城県,泉中央,泉区,stage-137,137,仙台銀行ホール イズミティ21 大ホール,2,stage,https://www.jalan.net/yad304664/,ホテルルートイン仙台泉インター,verified,1.0,True,True,hotel name matches Jalan page; location context consistent,https://search.yahoo.co.jp/search?p=%22%E3%83%9B%E3%83%86%E3%83%AB%E3%83%AB%E3%83%BC%E3%83%88%E3%82%A4%E3%83%B3%E4%BB%99%E5%8F%B0%E6%B3%89%E3%82%A4%E3%83%B3%E3%82%BF%E3%83%BC%22%20%E3%81%98%E3%82%83%E3%82%89%E3%82%93,https://www.jalan.net/yad304664/,2026-08-08T16:30:20+09:00,
411,stage-137-3,スマイルホテル仙台泉インター,宮城県,泉中央,泉区,stage-137,137,仙台銀行ホール イズミティ21 大ホール,3,stage,https://www.jalan.net/yad327712/,スマイルホテル仙台泉インター,verified,1.0,True,True,hotel name matches Jalan page; location context consistent,https://search.yahoo.co.jp/search?p=%22%E3%82%B9%E3%83%9E%E3%82%A4%E3%83%AB%E3%83%9B%E3%83%86%E3%83%AB%E4%BB%99%E5%8F%B0%E6%B3%89%E3%82%A4%E3%83%B3%E3%82%BF%E3%83%BC%22%20%E3%81%98%E3%82%83%E3%82%89%E3%82%93,https://www.jalan.net/yad327712/,2026-08-08T16:30:24+09:00,
412,stage-138-1,ホテル定禅寺,宮城県,広瀬通・勾当台公園,勾当台公園,stage-138,138,電力ホール,1,stage,https://www.jalan.net/yad382812/,ホテル定禅寺,verified,1.0,True,True,hotel name matches Jalan page; location context consistent,https://search.yahoo.co.jp/search?p=%22%E3%83%9B%E3%83%86%E3%83%AB%E5%AE%9A%E7%A6%85%E5%AF%BA%22%20%E3%81%98%E3%82%83%E3%82%89%E3%82%93,https://www.jalan.net/yad382812/,2026-08-08T16:30:07+09:00,
413,stage-138-2,アパホテル〈仙台勾当台公園〉,宮城県,広瀬通・勾当台公園,勾当台公園,stage-138,138,電力ホール,2,stage,https://www.jalan.net/yad362752/,アパホテル〈仙台勾当台公園〉,verified,1.0,True,True,hotel name matches Jalan page; location context consistent,https://search.yahoo.co.jp/search?p=%22%E3%82%A2%E3%83%91%E3%83%9B%E3%83%86%E3%83%AB%E3%80%88%E4%BB%99%E5%8F%B0%E5%8B%BE%E5%BD%93%E5%8F%B0%E5%85%AC%E5%9C%92%E3%80%89%22%20%E3%81%98%E3%82%83%E3%82%89%E3%82%93,https://www.jalan.net/yad362752/,2026-08-08T16:30:10+09:00,
414,stage-138-3,ホテルプレミアムグリーンソブリン,宮城県,広瀬通・勾当台公園,勾当台公園,stage-138,138,電力ホール,3,stage,https://www.jalan.net/yad329258/,ホテルプレミアムグリーンソブリン,verified,1.0,True,True,hotel name matches Jalan page; location context consistent,https://search.yahoo.co.jp/search?p=%22%E3%83%9B%E3%83%86%E3%83%AB%E3%83%97%E3%83%AC%E3%83%9F%E3%82%A2%E3%83%A0%E3%82%B0%E3%83%AA%E3%83%BC%E3%83%B3%E3%82%BD%E3%83%96%E3%83%AA%E3%83%B3%22%20%E3%81%98%E3%82%83%E3%82%89%E3%82%93,https://www.jalan.net/yad329258/,2026-08-08T16:30:14+09:00,
415,stage-139-1,ホテルグリーンシティ,宮城県,旭ヶ丘,北仙台,stage-139,139,日立システムズホール仙台 シアターホール,1,stage,https://www.jalan.net/yad313534/,ホテルグリーンシティ,verified,1.0,True,True,hotel name matches Jalan page; location context consistent,https://search.yahoo.co.jp/search?p=%22%E3%83%9B%E3%83%86%E3%83%AB%E3%82%B0%E3%83%AA%E3%83%BC%E3%83%B3%E3%82%B7%E3%83%86%E3%82%A3%22%20%E3%81%98%E3%82%83%E3%82%89%E3%82%93,https://www.jalan.net/yad313534/,2026-08-08T16:30:26+09:00,
416,stage-139-2,アパホテル〈仙台勾当台公園〉,宮城県,旭ヶ丘,勾当台公園,stage-139,139,日立システムズホール仙台 シアターホール,2,stage,https://www.jalan.net/yad362752/,アパホテル〈仙台勾当台公園〉,verified,1.0,True,True,hotel name matches Jalan page; location context consistent,https://search.yahoo.co.jp/search?p=%22%E3%82%A2%E3%83%91%E3%83%9B%E3%83%86%E3%83%AB%E3%80%88%E4%BB%99%E5%8F%B0%E5%8B%BE%E5%BD%93%E5%8F%B0%E5%85%AC%E5%9C%92%E3%80%89%22%20%E3%81%98%E3%82%83%E3%82%89%E3%82%93,https://www.jalan.net/yad362752/,2026-08-08T16:30:10+09:00,
417,stage-139-3,ホテル定禅寺,宮城県,旭ヶ丘,勾当台公園,stage-139,139,日立システムズホール仙台 シアターホール,3,stage,https://www.jalan.net/yad382812/,ホテル定禅寺,verified,1.0,True,True,hotel name matches Jalan page; location context consistent,https://search.yahoo.co.jp/search?p=%22%E3%83%9B%E3%83%86%E3%83%AB%E5%AE%9A%E7%A6%85%E5%AF%BA%22%20%E3%81%98%E3%82%83%E3%82%89%E3%82%93,https://www.jalan.net/yad382812/,2026-08-08T16:30:07+09:00,
418,stage-140-1,ダイワロイネットホテル郡山駅前,福島県,郡山,郡山,stage-140,140,けんしん郡山文化センター 大ホール,1,stage,https://www.jalan.net/yad340972/,ダイワロイネットホテル郡山駅前,verified,1.0,True,True,hotel name matches Jalan page; location context consistent,https://search.yahoo.co.jp/search?p=%22%E3%83%80%E3%82%A4%E3%83%AF%E3%83%AD%E3%82%A4%E3%83%8D%E3%83%83%E3%83%88%E3%83%9B%E3%83%86%E3%83%AB%E9%83%A1%E5%B1%B1%E9%A7%85%E5%89%8D%22%20%E3%81%98%E3%82%83%E3%82%89%E3%82%93,https://www.jalan.net/yad340972/,2026-08-08T16:30:29+09:00,
419,stage-140-2,ホテルグローバルビュー郡山,福島県,郡山,郡山,stage-140,140,けんしん郡山文化センター 大ホール,2,stage,https://www.jalan.net/yad392141/,ホテルグローバルビュー郡山,verified,1.0,True,True,hotel name matches Jalan page; location context consistent,https://search.yahoo.co.jp/search?p=%22%E3%83%9B%E3%83%86%E3%83%AB%E3%82%B0%E3%83%AD%E3%83%BC%E3%83%90%E3%83%AB%E3%83%93%E3%83%A5%E3%83%BC%E9%83%A1%E5%B1%B1%22%20%E3%81%98%E3%82%83%E3%82%89%E3%82%93,https://www.jalan.net/yad392141/,2026-08-08T16:27:35+09:00,
420,stage-140-3,コンフォートホテル郡山,福島県,郡山,郡山,stage-140,140,けんしん郡山文化センター 大ホール,3,stage,https://www.jalan.net/yad319852/,コンフォートホテル郡山,verified,1.0,True,True,hotel name matches Jalan page; location context consistent,https://search.yahoo.co.jp/search?p=%22%E3%82%B3%E3%83%B3%E3%83%95%E3%82%A9%E3%83%BC%E3%83%88%E3%83%9B%E3%83%86%E3%83%AB%E9%83%A1%E5%B1%B1%22%20%E3%81%98%E3%82%83%E3%82%89%E3%82%93,https://www.jalan.net/yad319852/,2026-08-08T16:27:40+09:00,
421,stage-141-1,ホテルルートインいわき駅前,福島県,いわき,いわき,stage-141,141,いわき芸術文化交流館アリオス アルパイン大ホール,1,stage,https://www.jalan.net/yad306494/,ホテルルートインいわき駅前,verified,1.0,True,True,hotel name matches Jalan page; location context consistent,https://search.yahoo.co.jp/search?p=%22%E3%83%9B%E3%83%86%E3%83%AB%E3%83%AB%E3%83%BC%E3%83%88%E3%82%A4%E3%83%B3%E3%81%84%E3%82%8F%E3%81%8D%E9%A7%85%E5%89%8D%22%20%E3%81%98%E3%82%83%E3%82%89%E3%82%93,https://www.jalan.net/yad306494/,2026-08-08T16:27:44+09:00,
422,stage-141-2,東横INNいわき駅前,福島県,いわき,いわき,stage-141,141,いわき芸術文化交流館アリオス アルパイン大ホール,2,stage,https://www.jalan.net/yad373085/,東横ＩＮＮいわき駅前,verified,1.0,True,True,hotel name matches Jalan page; location context consistent,https://search.yahoo.co.jp/search?p=%22%E6%9D%B1%E6%A8%AAINN%E3%81%84%E3%82%8F%E3%81%8D%E9%A7%85%E5%89%8D%22%20%E3%81%98%E3%82%83%E3%82%89%E3%82%93,https://www.jalan.net/yad373085/,2026-08-08T16:27:47+09:00,
423,stage-141-3,サンライズインいわき,福島県,いわき,いわき,stage-141,141,いわき芸術文化交流館アリオス アルパイン大ホール,3,stage,https://www.jalan.net/yad368925/,サンライズインいわき,verified,1.0,True,True,hotel name matches Jalan page; location context consistent,https://search.yahoo.co.jp/search?p=%22%E3%82%B5%E3%83%B3%E3%83%A9%E3%82%A4%E3%82%BA%E3%82%A4%E3%83%B3%E3%81%84%E3%82%8F%E3%81%8D%22%20%E3%81%98%E3%82%83%E3%82%89%E3%82%93,https://www.jalan.net/yad368925/,2026-08-08T16:27:50+09:00,
424,stage-142-1,リッチモンドホテル秋田駅前,秋田県,秋田,秋田,stage-142,142,あきた芸術劇場ミルハス 大ホール,1,stage,https://www.jalan.net/yad371528/,リッチモンドホテル秋田駅前,verified,1.0,True,True,hotel name matches Jalan page; location context consistent,https://search.yahoo.co.jp/search?p=%22%E3%83%AA%E3%83%83%E3%83%81%E3%83%A2%E3%83%B3%E3%83%89%E3%83%9B%E3%83%86%E3%83%AB%E7%A7%8B%E7%94%B0%E9%A7%85%E5%89%8D%22%20%E3%81%98%E3%82%83%E3%82%89%E3%82%93,https://www.jalan.net/yad371528/,2026-08-08T16:27:55+09:00,
425,stage-142-2,ホテルメトロポリタン秋田,秋田県,秋田,秋田,stage-142,142,あきた芸術劇場ミルハス 大ホール,2,stage,https://www.jalan.net/yad329656/,ホテルメトロポリタン秋田,verified,1.0,True,True,hotel name matches Jalan page; location context consistent,https://search.yahoo.co.jp/search?p=%22%E3%83%9B%E3%83%86%E3%83%AB%E3%83%A1%E3%83%88%E3%83%AD%E3%83%9D%E3%83%AA%E3%82%BF%E3%83%B3%E7%A7%8B%E7%94%B0%22%20%E3%81%98%E3%82%83%E3%82%89%E3%82%93,https://www.jalan.net/yad329656/,2026-08-08T16:27:59+09:00,
426,stage-142-3,ANAクラウンプラザホテル秋田,秋田県,秋田,秋田,stage-142,142,あきた芸術劇場ミルハス 大ホール,3,stage,https://www.jalan.net/yad313423/,ANAクラウンプラザホテル秋田 by IHG,verified,1.0,True,True,hotel name matches Jalan page; location context consistent,https://search.yahoo.co.jp/search?p=%22ANA%E3%82%AF%E3%83%A9%E3%82%A6%E3%83%B3%E3%83%97%E3%83%A9%E3%82%B6%E3%83%9B%E3%83%86%E3%83%AB%E7%A7%8B%E7%94%B0%22%20%E3%81%98%E3%82%83%E3%82%89%E3%82%93,https://www.jalan.net/yad313423/,2026-08-08T16:28:03+09:00,
427,stage-143-1,リッチモンドホテル盛岡駅前,岩手県,盛岡,盛岡,stage-143,143,盛岡市民文化ホール 大ホール,1,stage,https://www.jalan.net/yad331739/,リッチモンドホテル盛岡駅前,verified,1.0,True,True,hotel name matches Jalan page; location context consistent,https://search.yahoo.co.jp/search?p=%22%E3%83%AA%E3%83%83%E3%83%81%E3%83%A2%E3%83%B3%E3%83%89%E3%83%9B%E3%83%86%E3%83%AB%E7%9B%9B%E5%B2%A1%E9%A7%85%E5%89%8D%22%20%E3%81%98%E3%82%83%E3%82%89%E3%82%93,https://www.jalan.net/yad331739/,2026-08-08T16:28:07+09:00,
428,stage-143-2,ダイワロイネットホテル盛岡駅前,岩手県,盛岡,盛岡,stage-143,143,盛岡市民文化ホール 大ホール,2,stage,https://www.jalan.net/yad351773/,ダイワロイネットホテル盛岡駅前,verified,1.0,True,True,hotel name matches Jalan page; location context consistent,https://search.yahoo.co.jp/search?p=%22%E3%83%80%E3%82%A4%E3%83%AF%E3%83%AD%E3%82%A4%E3%83%8D%E3%83%83%E3%83%88%E3%83%9B%E3%83%86%E3%83%AB%E7%9B%9B%E5%B2%A1%E9%A7%85%E5%89%8D%22%20%E3%81%98%E3%82%83%E3%82%89%E3%82%93,https://www.jalan.net/yad351773/,2026-08-08T16:28:10+09:00,
429,stage-143-3,ホテルメトロポリタン盛岡 NEW WING,岩手県,盛岡,盛岡,stage-143,143,盛岡市民文化ホール 大ホール,3,stage,,ホテルメトロポリタン盛岡 ニューウイング,needs_review,0.6316,True,True,candidate exists but name/location match is not strong enough,https://search.yahoo.co.jp/search?p=%22%E3%83%9B%E3%83%86%E3%83%AB%E3%83%A1%E3%83%88%E3%83%AD%E3%83%9D%E3%83%AA%E3%82%BF%E3%83%B3%E7%9B%9B%E5%B2%A1%20NEW%20WING%22%20%E3%81%98%E3%82%83%E3%82%89%E3%82%93,https://www.jalan.net/yad309556/,2026-08-08T16:28:15+09:00,
430,stage-144-1,リッチモンドホテル盛岡駅前,岩手県,盛岡,盛岡,stage-144,144,トーサイクラシックホール岩手 大ホール,1,stage,https://www.jalan.net/yad331739/,リッチモンドホテル盛岡駅前,verified,1.0,True,True,hotel name matches Jalan page; location context consistent,https://search.yahoo.co.jp/search?p=%22%E3%83%AA%E3%83%83%E3%83%81%E3%83%A2%E3%83%B3%E3%83%89%E3%83%9B%E3%83%86%E3%83%AB%E7%9B%9B%E5%B2%A1%E9%A7%85%E5%89%8D%22%20%E3%81%98%E3%82%83%E3%82%89%E3%82%93,https://www.jalan.net/yad331739/,2026-08-08T16:28:07+09:00,
431,stage-144-2,ダイワロイネットホテル盛岡駅前,岩手県,盛岡,盛岡,stage-144,144,トーサイクラシックホール岩手 大ホール,2,stage,https://www.jalan.net/yad351773/,ダイワロイネットホテル盛岡駅前,verified,1.0,True,True,hotel name matches Jalan page; location context consistent,https://search.yahoo.co.jp/search?p=%22%E3%83%80%E3%82%A4%E3%83%AF%E3%83%AD%E3%82%A4%E3%83%8D%E3%83%83%E3%83%88%E3%83%9B%E3%83%86%E3%83%AB%E7%9B%9B%E5%B2%A1%E9%A7%85%E5%89%8D%22%20%E3%81%98%E3%82%83%E3%82%89%E3%82%93,https://www.jalan.net/yad351773/,2026-08-08T16:28:10+09:00,
432,stage-144-3,ホテルメトロポリタン盛岡 NEW WING,岩手県,盛岡,盛岡,stage-144,144,トーサイクラシックホール岩手 大ホール,3,stage,,ホテルメトロポリタン盛岡 ニューウイング,needs_review,0.6316,True,True,candidate exists but name/location match is not strong enough,https://search.yahoo.co.jp/search?p=%22%E3%83%9B%E3%83%86%E3%83%AB%E3%83%A1%E3%83%88%E3%83%AD%E3%83%9D%E3%83%AA%E3%82%BF%E3%83%B3%E7%9B%9B%E5%B2%A1%20NEW%20WING%22%20%E3%81%98%E3%82%83%E3%82%89%E3%82%93,https://www.jalan.net/yad309556/,2026-08-08T16:28:15+09:00,
433,stage-145-1,ダイワロイネットホテル青森,青森県,青森,青森,stage-145,145,リンクステーションホール青森,1,stage,https://www.jalan.net/yad304122/,ダイワロイネットホテル青森,verified,1.0,True,True,hotel name matches Jalan page; location context consistent,https://search.yahoo.co.jp/search?p=%22%E3%83%80%E3%82%A4%E3%83%AF%E3%83%AD%E3%82%A4%E3%83%8D%E3%83%83%E3%83%88%E3%83%9B%E3%83%86%E3%83%AB%E9%9D%92%E6%A3%AE%22%20%E3%81%98%E3%82%83%E3%82%89%E3%82%93,https://www.jalan.net/yad304122/,2026-08-08T16:28:19+09:00,
434,stage-145-2,ホテルJALシティ青森,青森県,青森,青森,stage-145,145,リンクステーションホール青森,2,stage,https://www.jalan.net/yad335975/,ホテルJALシティ青森,verified,1.0,True,True,hotel name matches Jalan page; location context consistent,https://search.yahoo.co.jp/search?p=%22%E3%83%9B%E3%83%86%E3%83%ABJAL%E3%82%B7%E3%83%86%E3%82%A3%E9%9D%92%E6%A3%AE%22%20%E3%81%98%E3%82%83%E3%82%89%E3%82%93,https://www.jalan.net/yad335975/,2026-08-08T16:28:22+09:00,
435,stage-145-3,リッチモンドホテル青森,青森県,青森,青森,stage-145,145,リンクステーションホール青森,3,stage,https://www.jalan.net/yad362925/,リッチモンドホテル青森,verified,1.0,True,True,hotel name matches Jalan page; location context consistent,https://search.yahoo.co.jp/search?p=%22%E3%83%AA%E3%83%83%E3%83%81%E3%83%A2%E3%83%B3%E3%83%89%E3%83%9B%E3%83%86%E3%83%AB%E9%9D%92%E6%A3%AE%22%20%E3%81%98%E3%82%83%E3%82%89%E3%82%93,https://www.jalan.net/yad362925/,2026-08-08T16:28:25+09:00,
436,stage-146-1,ダイワロイネットホテル山形駅前,山形県,山形,山形,stage-146,146,やまぎん県民ホール 大ホール,1,stage,https://www.jalan.net/yad326892/,ダイワロイネットホテル山形駅前,verified,1.0,True,True,hotel name matches Jalan page; location context consistent,https://search.yahoo.co.jp/search?p=%22%E3%83%80%E3%82%A4%E3%83%AF%E3%83%AD%E3%82%A4%E3%83%8D%E3%83%83%E3%83%88%E3%83%9B%E3%83%86%E3%83%AB%E5%B1%B1%E5%BD%A2%E9%A7%85%E5%89%8D%22%20%E3%81%98%E3%82%83%E3%82%89%E3%82%93,https://www.jalan.net/yad326892/,2026-08-08T16:28:29+09:00,
437,stage-146-2,ホテルメトロポリタン山形,山形県,山形,山形,stage-146,146,やまぎん県民ホール 大ホール,2,stage,https://www.jalan.net/yad313105/,ホテルメトロポリタン山形,verified,1.0,True,True,hotel name matches Jalan page; location context consistent,https://search.yahoo.co.jp/search?p=%22%E3%83%9B%E3%83%86%E3%83%AB%E3%83%A1%E3%83%88%E3%83%AD%E3%83%9D%E3%83%AA%E3%82%BF%E3%83%B3%E5%B1%B1%E5%BD%A2%22%20%E3%81%98%E3%82%83%E3%82%89%E3%82%93,https://www.jalan.net/yad313105/,2026-08-08T16:28:33+09:00,
438,stage-146-3,コンフォートホテル山形,山形県,山形,山形,stage-146,146,やまぎん県民ホール 大ホール,3,stage,https://www.jalan.net/yad346600/,コンフォートホテル山形,verified,1.0,True,True,hotel name matches Jalan page; location context consistent,https://search.yahoo.co.jp/search?p=%22%E3%82%B3%E3%83%B3%E3%83%95%E3%82%A9%E3%83%BC%E3%83%88%E3%83%9B%E3%83%86%E3%83%AB%E5%B1%B1%E5%BD%A2%22%20%E3%81%98%E3%82%83%E3%82%89%E3%82%93,https://www.jalan.net/yad346600/,2026-08-08T16:28:37+09:00,
439,stage-147-1,ホテルフォルクローロ高畠,山形県,南陽・赤湯,高畠,stage-147,147,シェルターなんようホール 大ホール,1,stage,https://www.jalan.net/yad318885/,ホテル フォルクローロ高畠＜JR東日本ホテルズ＞,verified,0.97,True,True,hotel name matches Jalan page; location context consistent,https://search.yahoo.co.jp/search?p=%22%E3%83%9B%E3%83%86%E3%83%AB%E3%83%95%E3%82%A9%E3%83%AB%E3%82%AF%E3%83%AD%E3%83%BC%E3%83%AD%E9%AB%98%E7%95%A0%22%20%E3%81%98%E3%82%83%E3%82%89%E3%82%93,https://www.jalan.net/yad318885/,2026-08-08T16:28:40+09:00,
440,stage-147-2,ホテルモントビュー米沢,山形県,南陽・赤湯,米沢,stage-147,147,シェルターなんようホール 大ホール,2,stage,https://www.jalan.net/yad308308/,ホテルモントビュー米沢,verified,1.0,True,True,hotel name matches Jalan page; location context consistent,https://search.yahoo.co.jp/search?p=%22%E3%83%9B%E3%83%86%E3%83%AB%E3%83%A2%E3%83%B3%E3%83%88%E3%83%93%E3%83%A5%E3%83%BC%E7%B1%B3%E6%B2%A2%22%20%E3%81%98%E3%82%83%E3%82%89%E3%82%93,https://www.jalan.net/yad308308/,2026-08-08T16:28:44+09:00,
441,stage-147-3,東横INN米沢駅前,山形県,南陽・赤湯,米沢,stage-147,147,シェルターなんようホール 大ホール,3,stage,https://www.jalan.net/yad386247/,東横ＩＮＮ 米沢駅前,verified,1.0,True,True,hotel name matches Jalan page; location context consistent,https://search.yahoo.co.jp/search?p=%22%E6%9D%B1%E6%A8%AAINN%E7%B1%B3%E6%B2%A2%E9%A7%85%E5%89%8D%22%20%E3%81%98%E3%82%83%E3%82%89%E3%82%93,https://www.jalan.net/yad386247/,2026-08-08T16:28:47+09:00,
442,stage-148-1,ホテル日航新潟,新潟県,新潟・白山,新潟,stage-148,148,新潟県民会館 大ホール,1,stage,https://www.jalan.net/yad387312/,ホテル日航新潟,verified,1.0,True,True,hotel name matches Jalan page; location context consistent,https://search.yahoo.co.jp/search?p=%22%E3%83%9B%E3%83%86%E3%83%AB%E6%97%A5%E8%88%AA%E6%96%B0%E6%BD%9F%22%20%E3%81%98%E3%82%83%E3%82%89%E3%82%93,https://www.jalan.net/yad387312/,2026-08-08T16:28:51+09:00,
443,stage-148-2,アパホテル&リゾート〈新潟駅前大通〉,新潟県,新潟・白山,新潟,stage-148,148,新潟県民会館 大ホール,2,stage,https://www.jalan.net/yad397576/,アパホテル＆リゾート〈新潟駅前大通〉,verified,1.0,True,True,hotel name matches Jalan page; location context consistent,https://search.yahoo.co.jp/search?p=%22%E3%82%A2%E3%83%91%E3%83%9B%E3%83%86%E3%83%AB%26%E3%83%AA%E3%82%BE%E3%83%BC%E3%83%88%E3%80%88%E6%96%B0%E6%BD%9F%E9%A7%85%E5%89%8D%E5%A4%A7%E9%80%9A%E3%80%89%22%20%E3%81%98%E3%82%83%E3%82%89%E3%82%93,https://www.jalan.net/yad397576/,2026-08-08T16:28:54+09:00,
444,stage-148-3,JR東日本ホテルメッツ 新潟,新潟県,新潟・白山,新潟,stage-148,148,新潟県民会館 大ホール,3,stage,https://www.jalan.net/yad335918/,JR東日本ホテルメッツ 新潟,verified,1.0,True,True,hotel name matches Jalan page; location context consistent,https://search.yahoo.co.jp/search?p=%22JR%E6%9D%B1%E6%97%A5%E6%9C%AC%E3%83%9B%E3%83%86%E3%83%AB%E3%83%A1%E3%83%83%E3%83%84%20%E6%96%B0%E6%BD%9F%22%20%E3%81%98%E3%82%83%E3%82%89%E3%82%93,https://www.jalan.net/yad335918/,2026-08-08T16:28:58+09:00,
445,stage-149-1,ホテル日航新潟,新潟県,新潟・白山,新潟,stage-149,149,りゅーとぴあ 新潟市民芸術文化会館 劇場,1,stage,https://www.jalan.net/yad387312/,ホテル日航新潟,verified,1.0,True,True,hotel name matches Jalan page; location context consistent,https://search.yahoo.co.jp/search?p=%22%E3%83%9B%E3%83%86%E3%83%AB%E6%97%A5%E8%88%AA%E6%96%B0%E6%BD%9F%22%20%E3%81%98%E3%82%83%E3%82%89%E3%82%93,https://www.jalan.net/yad387312/,2026-08-08T16:28:51+09:00,
446,stage-149-2,アパホテル&リゾート〈新潟駅前大通〉,新潟県,新潟・白山,新潟,stage-149,149,りゅーとぴあ 新潟市民芸術文化会館 劇場,2,stage,https://www.jalan.net/yad397576/,アパホテル＆リゾート〈新潟駅前大通〉,verified,1.0,True,True,hotel name matches Jalan page; location context consistent,https://search.yahoo.co.jp/search?p=%22%E3%82%A2%E3%83%91%E3%83%9B%E3%83%86%E3%83%AB%26%E3%83%AA%E3%82%BE%E3%83%BC%E3%83%88%E3%80%88%E6%96%B0%E6%BD%9F%E9%A7%85%E5%89%8D%E5%A4%A7%E9%80%9A%E3%80%89%22%20%E3%81%98%E3%82%83%E3%82%89%E3%82%93,https://www.jalan.net/yad397576/,2026-08-08T16:28:54+09:00,
447,stage-149-3,JR東日本ホテルメッツ 新潟,新潟県,新潟・白山,新潟,stage-149,149,りゅーとぴあ 新潟市民芸術文化会館 劇場,3,stage,https://www.jalan.net/yad335918/,JR東日本ホテルメッツ 新潟,verified,1.0,True,True,hotel name matches Jalan page; location context consistent,https://search.yahoo.co.jp/search?p=%22JR%E6%9D%B1%E6%97%A5%E6%9C%AC%E3%83%9B%E3%83%86%E3%83%AB%E3%83%A1%E3%83%83%E3%83%84%20%E6%96%B0%E6%BD%9F%22%20%E3%81%98%E3%82%83%E3%82%89%E3%82%93,https://www.jalan.net/yad335918/,2026-08-08T16:28:58+09:00,
448,stage-150-1,ホテル日航新潟,新潟県,新潟・鐘木,新潟,stage-150,150,新潟テルサ,1,stage,https://www.jalan.net/yad387312/,ホテル日航新潟,verified,1.0,True,True,hotel name matches Jalan page; location context consistent,https://search.yahoo.co.jp/search?p=%22%E3%83%9B%E3%83%86%E3%83%AB%E6%97%A5%E8%88%AA%E6%96%B0%E6%BD%9F%22%20%E3%81%98%E3%82%83%E3%82%89%E3%82%93,https://www.jalan.net/yad387312/,2026-08-08T16:28:51+09:00,
449,stage-150-2,アパホテル&リゾート〈新潟駅前大通〉,新潟県,新潟・鐘木,新潟,stage-150,150,新潟テルサ,2,stage,https://www.jalan.net/yad397576/,アパホテル＆リゾート〈新潟駅前大通〉,verified,1.0,True,True,hotel name matches Jalan page; location context consistent,https://search.yahoo.co.jp/search?p=%22%E3%82%A2%E3%83%91%E3%83%9B%E3%83%86%E3%83%AB%26%E3%83%AA%E3%82%BE%E3%83%BC%E3%83%88%E3%80%88%E6%96%B0%E6%BD%9F%E9%A7%85%E5%89%8D%E5%A4%A7%E9%80%9A%E3%80%89%22%20%E3%81%98%E3%82%83%E3%82%89%E3%82%93,https://www.jalan.net/yad397576/,2026-08-08T16:28:54+09:00,
450,stage-150-3,JR東日本ホテルメッツ 新潟,新潟県,新潟・鐘木,新潟,stage-150,150,新潟テルサ,3,stage,https://www.jalan.net/yad335918/,JR東日本ホテルメッツ 新潟,verified,1.0,True,True,hotel name matches Jalan page; location context consistent,https://search.yahoo.co.jp/search?p=%22JR%E6%9D%B1%E6%97%A5%E6%9C%AC%E3%83%9B%E3%83%86%E3%83%AB%E3%83%A1%E3%83%83%E3%83%84%20%E6%96%B0%E6%BD%9F%22%20%E3%81%98%E3%82%83%E3%82%89%E3%82%93,https://www.jalan.net/yad335918/,2026-08-08T16:28:58+09:00,
451,stage-151-1,ホテルニューオータニ長岡,新潟県,長岡,長岡,stage-151,151,長岡市立劇場 大ホール,1,stage,https://www.jalan.net/yad301332/,ホテルニューオータニ長岡,verified,1.0,True,True,hotel name matches Jalan page; location context consistent,https://search.yahoo.co.jp/search?p=%22%E3%83%9B%E3%83%86%E3%83%AB%E3%83%8B%E3%83%A5%E3%83%BC%E3%82%AA%E3%83%BC%E3%82%BF%E3%83%8B%E9%95%B7%E5%B2%A1%22%20%E3%81%98%E3%82%83%E3%82%89%E3%82%93,https://www.jalan.net/yad301332/,2026-08-08T16:29:01+09:00,
452,stage-151-2,JR東日本ホテルメッツ 長岡,新潟県,長岡,長岡,stage-151,151,長岡市立劇場 大ホール,2,stage,https://www.jalan.net/yad375795/,JR東日本ホテルメッツ 長岡,verified,1.0,True,True,hotel name matches Jalan page; location context consistent,https://search.yahoo.co.jp/search?p=%22JR%E6%9D%B1%E6%97%A5%E6%9C%AC%E3%83%9B%E3%83%86%E3%83%AB%E3%83%A1%E3%83%83%E3%83%84%20%E9%95%B7%E5%B2%A1%22%20%E3%81%98%E3%82%83%E3%82%89%E3%82%93,https://www.jalan.net/yad375795/,2026-08-08T16:29:05+09:00,
453,stage-151-3,ホテル法華クラブ新潟長岡,新潟県,長岡,長岡,stage-151,151,長岡市立劇場 大ホール,3,stage,https://www.jalan.net/yad336795/,ホテル法華クラブ新潟長岡,verified,1.0,True,True,hotel name matches Jalan page; location context consistent,https://search.yahoo.co.jp/search?p=%22%E3%83%9B%E3%83%86%E3%83%AB%E6%B3%95%E8%8F%AF%E3%82%AF%E3%83%A9%E3%83%96%E6%96%B0%E6%BD%9F%E9%95%B7%E5%B2%A1%22%20%E3%81%98%E3%82%83%E3%82%89%E3%82%93,https://www.jalan.net/yad336795/,2026-08-08T16:29:08+09:00,
454,stage-152-1,ダイワロイネットホテル富山駅前,富山県,富山,富山,stage-152,152,オーバード・ホール 大ホール,1,stage,https://www.jalan.net/yad366765/,ダイワロイネットホテル富山駅前,verified,1.0,True,True,hotel name matches Jalan page; location context consistent,https://search.yahoo.co.jp/search?p=%22%E3%83%80%E3%82%A4%E3%83%AF%E3%83%AD%E3%82%A4%E3%83%8D%E3%83%83%E3%83%88%E3%83%9B%E3%83%86%E3%83%AB%E5%AF%8C%E5%B1%B1%E9%A7%85%E5%89%8D%22%20%E3%81%98%E3%82%83%E3%82%89%E3%82%93,https://www.jalan.net/yad366765/,2026-08-08T16:29:11+09:00,
455,stage-152-2,ホテルJALシティ富山,富山県,富山,富山,stage-152,152,オーバード・ホール 大ホール,2,stage,https://www.jalan.net/yad361004/,ホテルＪＡＬシティ富山,verified,1.0,True,True,hotel name matches Jalan page; location context consistent,https://search.yahoo.co.jp/search?p=%22%E3%83%9B%E3%83%86%E3%83%ABJAL%E3%82%B7%E3%83%86%E3%82%A3%E5%AF%8C%E5%B1%B1%22%20%E3%81%98%E3%82%83%E3%82%89%E3%82%93,https://www.jalan.net/yad361004/,2026-08-08T16:29:15+09:00,
456,stage-152-3,富山エクセルホテル東急,富山県,富山,富山,stage-152,152,オーバード・ホール 大ホール,3,stage,https://www.jalan.net/yad315174/,富山エクセルホテル東急,verified,1.0,True,True,hotel name matches Jalan page; location context consistent,https://search.yahoo.co.jp/search?p=%22%E5%AF%8C%E5%B1%B1%E3%82%A8%E3%82%AF%E3%82%BB%E3%83%AB%E3%83%9B%E3%83%86%E3%83%AB%E6%9D%B1%E6%80%A5%22%20%E3%81%98%E3%82%83%E3%82%89%E3%82%93,https://www.jalan.net/yad315174/,2026-08-08T16:29:19+09:00,
457,stage-153-1,ダイワロイネットホテル富山駅前,富山県,富山,富山,stage-153,153,オーバード・ホール 中ホール,1,stage,https://www.jalan.net/yad366765/,ダイワロイネットホテル富山駅前,verified,1.0,True,True,hotel name matches Jalan page; location context consistent,https://search.yahoo.co.jp/search?p=%22%E3%83%80%E3%82%A4%E3%83%AF%E3%83%AD%E3%82%A4%E3%83%8D%E3%83%83%E3%83%88%E3%83%9B%E3%83%86%E3%83%AB%E5%AF%8C%E5%B1%B1%E9%A7%85%E5%89%8D%22%20%E3%81%98%E3%82%83%E3%82%89%E3%82%93,https://www.jalan.net/yad366765/,2026-08-08T16:27:31+09:00,
458,stage-153-2,ホテルJALシティ富山,富山県,富山,富山,stage-153,153,オーバード・ホール 中ホール,2,stage,https://www.jalan.net/yad361004/,ホテルＪＡＬシティ富山,verified,1.0,True,True,hotel name matches Jalan page; location context consistent,https://search.yahoo.co.jp/search?p=%22%E3%83%9B%E3%83%86%E3%83%ABJAL%E3%82%B7%E3%83%86%E3%82%A3%E5%AF%8C%E5%B1%B1%22%20%E3%81%98%E3%82%83%E3%82%89%E3%82%93,https://www.jalan.net/yad361004/,2026-08-08T16:27:34+09:00,
459,stage-153-3,富山エクセルホテル東急,富山県,富山,富山,stage-153,153,オーバード・ホール 中ホール,3,stage,https://www.jalan.net/yad315174/,富山エクセルホテル東急,verified,1.0,True,True,hotel name matches Jalan page; location context consistent,https://search.yahoo.co.jp/search?p=%22%E5%AF%8C%E5%B1%B1%E3%82%A8%E3%82%AF%E3%82%BB%E3%83%AB%E3%83%9B%E3%83%86%E3%83%AB%E6%9D%B1%E6%80%A5%22%20%E3%81%98%E3%82%83%E3%82%89%E3%82%93,https://www.jalan.net/yad315174/,2026-08-08T16:27:38+09:00,
460,stage-154-1,ダイワロイネットホテル富山駅前,富山県,富山,富山,stage-154,154,富山県民会館 ホール,1,stage,https://www.jalan.net/yad366765/,ダイワロイネットホテル富山駅前,verified,1.0,True,True,hotel name matches Jalan page; location context consistent,https://search.yahoo.co.jp/search?p=%22%E3%83%80%E3%82%A4%E3%83%AF%E3%83%AD%E3%82%A4%E3%83%8D%E3%83%83%E3%83%88%E3%83%9B%E3%83%86%E3%83%AB%E5%AF%8C%E5%B1%B1%E9%A7%85%E5%89%8D%22%20%E3%81%98%E3%82%83%E3%82%89%E3%82%93,https://www.jalan.net/yad366765/,2026-08-08T16:27:31+09:00,
461,stage-154-2,ホテルJALシティ富山,富山県,富山,富山,stage-154,154,富山県民会館 ホール,2,stage,https://www.jalan.net/yad361004/,ホテルＪＡＬシティ富山,verified,1.0,True,True,hotel name matches Jalan page; location context consistent,https://search.yahoo.co.jp/search?p=%22%E3%83%9B%E3%83%86%E3%83%ABJAL%E3%82%B7%E3%83%86%E3%82%A3%E5%AF%8C%E5%B1%B1%22%20%E3%81%98%E3%82%83%E3%82%89%E3%82%93,https://www.jalan.net/yad361004/,2026-08-08T16:27:34+09:00,
462,stage-154-3,富山エクセルホテル東急,富山県,富山,富山,stage-154,154,富山県民会館 ホール,3,stage,https://www.jalan.net/yad315174/,富山エクセルホテル東急,verified,1.0,True,True,hotel name matches Jalan page; location context consistent,https://search.yahoo.co.jp/search?p=%22%E5%AF%8C%E5%B1%B1%E3%82%A8%E3%82%AF%E3%82%BB%E3%83%AB%E3%83%9B%E3%83%86%E3%83%AB%E6%9D%B1%E6%80%A5%22%20%E3%81%98%E3%82%83%E3%82%89%E3%82%93,https://www.jalan.net/yad315174/,2026-08-08T16:27:38+09:00,
463,stage-155-1,ホテルフォルツァ金沢,石川県,金沢・兼六園,金沢,stage-155,155,本多の森 北電ホール,1,stage,https://www.jalan.net/yad378719/,FORZA ホテルフォルツァ金沢,verified,0.97,True,True,hotel name matches Jalan page; location context consistent,https://search.yahoo.co.jp/search?p=%22%E3%83%9B%E3%83%86%E3%83%AB%E3%83%95%E3%82%A9%E3%83%AB%E3%83%84%E3%82%A1%E9%87%91%E6%B2%A2%22%20%E3%81%98%E3%82%83%E3%82%89%E3%82%93,https://www.jalan.net/yad378719/,2026-08-08T16:27:41+09:00,
464,stage-155-2,三井ガーデンホテル金沢,石川県,金沢・兼六園,金沢,stage-155,155,本多の森 北電ホール,2,stage,https://www.jalan.net/yad334419/,三井ガーデンホテル金沢,verified,1.0,True,True,hotel name matches Jalan page; location context consistent,https://search.yahoo.co.jp/search?p=%22%E4%B8%89%E4%BA%95%E3%82%AC%E3%83%BC%E3%83%87%E3%83%B3%E3%83%9B%E3%83%86%E3%83%AB%E9%87%91%E6%B2%A2%22%20%E3%81%98%E3%82%83%E3%82%89%E3%82%93,https://www.jalan.net/yad334419/,2026-08-08T16:27:44+09:00,
465,stage-155-3,東急ステイ金沢,石川県,金沢・兼六園,金沢,stage-155,155,本多の森 北電ホール,3,stage,https://www.jalan.net/yad329525/,東急ステイ金沢,verified,1.0,True,True,hotel name matches Jalan page; location context consistent,https://search.yahoo.co.jp/search?p=%22%E6%9D%B1%E6%80%A5%E3%82%B9%E3%83%86%E3%82%A4%E9%87%91%E6%B2%A2%22%20%E3%81%98%E3%82%83%E3%82%89%E3%82%93,https://www.jalan.net/yad329525/,2026-08-08T16:27:48+09:00,
466,stage-156-1,ホテルフォルツァ金沢,石川県,金沢・香林坊,金沢,stage-156,156,金沢歌劇座,1,stage,https://www.jalan.net/yad378719/,FORZA ホテルフォルツァ金沢,verified,0.97,True,True,hotel name matches Jalan page; location context consistent,https://search.yahoo.co.jp/search?p=%22%E3%83%9B%E3%83%86%E3%83%AB%E3%83%95%E3%82%A9%E3%83%AB%E3%83%84%E3%82%A1%E9%87%91%E6%B2%A2%22%20%E3%81%98%E3%82%83%E3%82%89%E3%82%93,https://www.jalan.net/yad378719/,2026-08-08T16:27:41+09:00,
467,stage-156-2,三井ガーデンホテル金沢,石川県,金沢・香林坊,金沢,stage-156,156,金沢歌劇座,2,stage,https://www.jalan.net/yad334419/,三井ガーデンホテル金沢,verified,1.0,True,True,hotel name matches Jalan page; location context consistent,https://search.yahoo.co.jp/search?p=%22%E4%B8%89%E4%BA%95%E3%82%AC%E3%83%BC%E3%83%87%E3%83%B3%E3%83%9B%E3%83%86%E3%83%AB%E9%87%91%E6%B2%A2%22%20%E3%81%98%E3%82%83%E3%82%89%E3%82%93,https://www.jalan.net/yad334419/,2026-08-08T16:27:44+09:00,
468,stage-156-3,東急ステイ金沢,石川県,金沢・香林坊,金沢,stage-156,156,金沢歌劇座,3,stage,https://www.jalan.net/yad329525/,東急ステイ金沢,verified,1.0,True,True,hotel name matches Jalan page; location context consistent,https://search.yahoo.co.jp/search?p=%22%E6%9D%B1%E6%80%A5%E3%82%B9%E3%83%86%E3%82%A4%E9%87%91%E6%B2%A2%22%20%E3%81%98%E3%82%83%E3%82%89%E3%82%93,https://www.jalan.net/yad329525/,2026-08-08T16:27:48+09:00,
469,stage-157-1,ホテルフォルツァ金沢,石川県,金沢・香林坊,金沢,stage-157,157,北國新聞赤羽ホール,1,stage,https://www.jalan.net/yad378719/,FORZA ホテルフォルツァ金沢,verified,0.97,True,True,hotel name matches Jalan page; location context consistent,https://search.yahoo.co.jp/search?p=%22%E3%83%9B%E3%83%86%E3%83%AB%E3%83%95%E3%82%A9%E3%83%AB%E3%83%84%E3%82%A1%E9%87%91%E6%B2%A2%22%20%E3%81%98%E3%82%83%E3%82%89%E3%82%93,https://www.jalan.net/yad378719/,2026-08-08T16:27:41+09:00,
470,stage-157-2,三井ガーデンホテル金沢,石川県,金沢・香林坊,金沢,stage-157,157,北國新聞赤羽ホール,2,stage,https://www.jalan.net/yad334419/,三井ガーデンホテル金沢,verified,1.0,True,True,hotel name matches Jalan page; location context consistent,https://search.yahoo.co.jp/search?p=%22%E4%B8%89%E4%BA%95%E3%82%AC%E3%83%BC%E3%83%87%E3%83%B3%E3%83%9B%E3%83%86%E3%83%AB%E9%87%91%E6%B2%A2%22%20%E3%81%98%E3%82%83%E3%82%89%E3%82%93,https://www.jalan.net/yad334419/,2026-08-08T16:27:44+09:00,
471,stage-157-3,東急ステイ金沢,石川県,金沢・香林坊,金沢,stage-157,157,北國新聞赤羽ホール,3,stage,https://www.jalan.net/yad329525/,東急ステイ金沢,verified,1.0,True,True,hotel name matches Jalan page; location context consistent,https://search.yahoo.co.jp/search?p=%22%E6%9D%B1%E6%80%A5%E3%82%B9%E3%83%86%E3%82%A4%E9%87%91%E6%B2%A2%22%20%E3%81%98%E3%82%83%E3%82%89%E3%82%93,https://www.jalan.net/yad329525/,2026-08-08T16:27:48+09:00,
472,stage-158-1,コートヤード・バイ・マリオット福井,福井県,福井,福井,stage-158,158,フェニックス・プラザ エルピス大ホール,1,stage,https://www.jalan.net/yad361196/,コートヤード・バイ・マリオット福井,verified,1.0,True,True,hotel name matches Jalan page; location context consistent,https://search.yahoo.co.jp/search?p=%22%E3%82%B3%E3%83%BC%E3%83%88%E3%83%A4%E3%83%BC%E3%83%89%E3%83%BB%E3%83%90%E3%82%A4%E3%83%BB%E3%83%9E%E3%83%AA%E3%82%AA%E3%83%83%E3%83%88%E7%A6%8F%E4%BA%95%22%20%E3%81%98%E3%82%83%E3%82%89%E3%82%93,https://www.jalan.net/yad361196/,2026-08-08T16:27:50+09:00,
473,stage-158-2,ホテルフジタ福井,福井県,福井,福井,stage-158,158,フェニックス・プラザ エルピス大ホール,2,stage,https://www.jalan.net/yad382628/,ホテルフジタ福井,verified,1.0,True,True,hotel name matches Jalan page; location context consistent,https://search.yahoo.co.jp/search?p=%22%E3%83%9B%E3%83%86%E3%83%AB%E3%83%95%E3%82%B8%E3%82%BF%E7%A6%8F%E4%BA%95%22%20%E3%81%98%E3%82%83%E3%82%89%E3%82%93,https://www.jalan.net/yad382628/,2026-08-08T16:27:53+09:00,
474,stage-158-3,ドーミーインPREMIUM福井,福井県,福井,福井,stage-158,158,フェニックス・プラザ エルピス大ホール,3,stage,https://www.jalan.net/yad373624/,天然温泉 羽二重の湯 ドーミーインPREMIUM福井,verified,0.97,True,True,hotel name matches Jalan page; location context consistent,https://search.yahoo.co.jp/search?p=%22%E3%83%89%E3%83%BC%E3%83%9F%E3%83%BC%E3%82%A4%E3%83%B3PREMIUM%E7%A6%8F%E4%BA%95%22%20%E3%81%98%E3%82%83%E3%82%89%E3%82%93,https://www.jalan.net/yad373624/,2026-08-08T16:27:58+09:00,
475,stage-159-1,コートヤード・バイ・マリオット福井,福井県,福井,福井,stage-159,159,福井県立音楽堂 ハーモニーホールふくい 大ホール,1,stage,https://www.jalan.net/yad361196/,コートヤード・バイ・マリオット福井,verified,1.0,True,True,hotel name matches Jalan page; location context consistent,https://search.yahoo.co.jp/search?p=%22%E3%82%B3%E3%83%BC%E3%83%88%E3%83%A4%E3%83%BC%E3%83%89%E3%83%BB%E3%83%90%E3%82%A4%E3%83%BB%E3%83%9E%E3%83%AA%E3%82%AA%E3%83%83%E3%83%88%E7%A6%8F%E4%BA%95%22%20%E3%81%98%E3%82%83%E3%82%89%E3%82%93,https://www.jalan.net/yad361196/,2026-08-08T16:27:50+09:00,
476,stage-159-2,ホテルフジタ福井,福井県,福井,福井,stage-159,159,福井県立音楽堂 ハーモニーホールふくい 大ホール,2,stage,https://www.jalan.net/yad382628/,ホテルフジタ福井,verified,1.0,True,True,hotel name matches Jalan page; location context consistent,https://search.yahoo.co.jp/search?p=%22%E3%83%9B%E3%83%86%E3%83%AB%E3%83%95%E3%82%B8%E3%82%BF%E7%A6%8F%E4%BA%95%22%20%E3%81%98%E3%82%83%E3%82%89%E3%82%93,https://www.jalan.net/yad382628/,2026-08-08T16:27:53+09:00,
477,stage-159-3,ドーミーインPREMIUM福井,福井県,福井,福井,stage-159,159,福井県立音楽堂 ハーモニーホールふくい 大ホール,3,stage,https://www.jalan.net/yad373624/,天然温泉 羽二重の湯 ドーミーインPREMIUM福井,verified,0.97,True,True,hotel name matches Jalan page; location context consistent,https://search.yahoo.co.jp/search?p=%22%E3%83%89%E3%83%BC%E3%83%9F%E3%83%BC%E3%82%A4%E3%83%B3PREMIUM%E7%A6%8F%E4%BA%95%22%20%E3%81%98%E3%82%83%E3%82%89%E3%82%93,https://www.jalan.net/yad373624/,2026-08-08T16:27:58+09:00,
478,stage-160-1,天然温泉 勝運の湯 ドーミーイン甲府丸の内,山梨県,甲府,甲府,stage-160,160,YCC県民文化ホール 大ホール,1,stage,https://www.jalan.net/yad359575/,天然温泉 勝運の湯 ドーミーイン甲府 丸の内,verified,1.0,True,True,hotel name matches Jalan page; location context consistent,https://search.yahoo.co.jp/search?p=%22%E5%A4%A9%E7%84%B6%E6%B8%A9%E6%B3%89%20%E5%8B%9D%E9%81%8B%E3%81%AE%E6%B9%AF%20%E3%83%89%E3%83%BC%E3%83%9F%E3%83%BC%E3%82%A4%E3%83%B3%E7%94%B2%E5%BA%9C%E4%B8%B8%E3%81%AE%E5%86%85%22%20%E3%81%98%E3%82%83%E3%82%89%E3%82%93,https://www.jalan.net/yad359575/,2026-08-08T16:28:01+09:00,
479,stage-160-2,東横INN甲府駅南口2,山梨県,甲府,甲府,stage-160,160,YCC県民文化ホール 大ホール,2,stage,https://www.jalan.net/yad309094/,東横ＩＮＮ甲府駅南口Ⅱ,verified_fuzzy,0.8696,True,True,hotel name is a fuzzy/renamed match; location context consistent,https://search.yahoo.co.jp/search?p=%22%E6%9D%B1%E6%A8%AAINN%E7%94%B2%E5%BA%9C%E9%A7%85%E5%8D%97%E5%8F%A32%22%20%E3%81%98%E3%82%83%E3%82%89%E3%82%93,https://www.jalan.net/yad309094/,2026-08-08T16:28:04+09:00,
480,stage-160-3,古名屋ホテル,山梨県,甲府,甲府,stage-160,160,YCC県民文化ホール 大ホール,3,stage,https://www.jalan.net/yad324167/,古名屋ホテル,verified,1.0,True,True,hotel name matches Jalan page; location context consistent,https://search.yahoo.co.jp/search?p=%22%E5%8F%A4%E5%90%8D%E5%B1%8B%E3%83%9B%E3%83%86%E3%83%AB%22%20%E3%81%98%E3%82%83%E3%82%89%E3%82%93,https://www.jalan.net/yad324167/,2026-08-08T16:28:07+09:00,
481,stage-161-1,河口湖ホテル,山梨県,河口湖,河口湖,stage-161,161,河口湖ステラシアター,1,stage,https://www.jalan.net/yad362240/,河口湖ホテル,verified,1.0,True,True,hotel name matches Jalan page; location context consistent,https://search.yahoo.co.jp/search?p=%22%E6%B2%B3%E5%8F%A3%E6%B9%96%E3%83%9B%E3%83%86%E3%83%AB%22%20%E3%81%98%E3%82%83%E3%82%89%E3%82%93,https://www.jalan.net/yad362240/,2026-08-08T16:28:10+09:00,
482,stage-161-2,東横INN富士河口湖大橋,山梨県,河口湖,河口湖,stage-161,161,河口湖ステラシアター,2,stage,https://www.jalan.net/yad372158/,東横ＩＮＮ富士河口湖大橋,verified,1.0,True,True,hotel name matches Jalan page; location context consistent,https://search.yahoo.co.jp/search?p=%22%E6%9D%B1%E6%A8%AAINN%E5%AF%8C%E5%A3%AB%E6%B2%B3%E5%8F%A3%E6%B9%96%E5%A4%A7%E6%A9%8B%22%20%E3%81%98%E3%82%83%E3%82%89%E3%82%93,https://www.jalan.net/yad372158/,2026-08-08T16:28:13+09:00,
483,stage-161-3,ホテルルートイン河口湖,山梨県,河口湖,河口湖,stage-161,161,河口湖ステラシアター,3,stage,https://www.jalan.net/yad325352/,河口湖天然温泉 ホテルルートイン河口湖,verified,0.97,True,True,hotel name matches Jalan page; location context consistent,https://search.yahoo.co.jp/search?p=%22%E3%83%9B%E3%83%86%E3%83%AB%E3%83%AB%E3%83%BC%E3%83%88%E3%82%A4%E3%83%B3%E6%B2%B3%E5%8F%A3%E6%B9%96%22%20%E3%81%98%E3%82%83%E3%82%89%E3%82%93,https://www.jalan.net/yad325352/,2026-08-08T16:28:19+09:00,
484,stage-162-1,いろはグランホテル松本駅前,長野県,松本,松本,stage-162,162,キッセイ文化ホール 大ホール,1,stage,https://www.jalan.net/yad315575/,いろはグランホテル松本駅前,verified,1.0,True,True,hotel name matches Jalan page; location context consistent,https://search.yahoo.co.jp/search?p=%22%E3%81%84%E3%82%8D%E3%81%AF%E3%82%B0%E3%83%A9%E3%83%B3%E3%83%9B%E3%83%86%E3%83%AB%E6%9D%BE%E6%9C%AC%E9%A7%85%E5%89%8D%22%20%E3%81%98%E3%82%83%E3%82%89%E3%82%93,https://www.jalan.net/yad315575/,2026-08-08T16:28:22+09:00,
485,stage-162-2,リッチモンドホテル松本,長野県,松本,松本,stage-162,162,キッセイ文化ホール 大ホール,2,stage,https://www.jalan.net/yad327177/,リッチモンドホテル松本,verified,1.0,True,True,hotel name matches Jalan page; location context consistent,https://search.yahoo.co.jp/search?p=%22%E3%83%AA%E3%83%83%E3%83%81%E3%83%A2%E3%83%B3%E3%83%89%E3%83%9B%E3%83%86%E3%83%AB%E6%9D%BE%E6%9C%AC%22%20%E3%81%98%E3%82%83%E3%82%89%E3%82%93,https://www.jalan.net/yad327177/,2026-08-08T16:28:25+09:00,
486,stage-162-3,プレミアホテル-CABIN-松本,長野県,松本,松本,stage-162,162,キッセイ文化ホール 大ホール,3,stage,,,not_found,,,,no verified Jalan facility page found,https://search.yahoo.co.jp/search?p=%22%E3%83%97%E3%83%AC%E3%83%9F%E3%82%A2%E3%83%9B%E3%83%86%E3%83%AB-CABIN-%E6%9D%BE%E6%9C%AC%22%20%E3%81%98%E3%82%83%E3%82%89%E3%82%93,,2026-08-08T16:28:31+09:00,
487,stage-163-1,いろはグランホテル松本駅前,長野県,松本,松本,stage-163,163,まつもと市民芸術館 主ホール,1,stage,https://www.jalan.net/yad315575/,いろはグランホテル松本駅前,verified,1.0,True,True,hotel name matches Jalan page; location context consistent,https://search.yahoo.co.jp/search?p=%22%E3%81%84%E3%82%8D%E3%81%AF%E3%82%B0%E3%83%A9%E3%83%B3%E3%83%9B%E3%83%86%E3%83%AB%E6%9D%BE%E6%9C%AC%E9%A7%85%E5%89%8D%22%20%E3%81%98%E3%82%83%E3%82%89%E3%82%93,https://www.jalan.net/yad315575/,2026-08-08T16:28:22+09:00,
488,stage-163-2,リッチモンドホテル松本,長野県,松本,松本,stage-163,163,まつもと市民芸術館 主ホール,2,stage,https://www.jalan.net/yad327177/,リッチモンドホテル松本,verified,1.0,True,True,hotel name matches Jalan page; location context consistent,https://search.yahoo.co.jp/search?p=%22%E3%83%AA%E3%83%83%E3%83%81%E3%83%A2%E3%83%B3%E3%83%89%E3%83%9B%E3%83%86%E3%83%AB%E6%9D%BE%E6%9C%AC%22%20%E3%81%98%E3%82%83%E3%82%89%E3%82%93,https://www.jalan.net/yad327177/,2026-08-08T16:28:25+09:00,
489,stage-163-3,プレミアホテル-CABIN-松本,長野県,松本,松本,stage-163,163,まつもと市民芸術館 主ホール,3,stage,,,not_found,,,,no verified Jalan facility page found,https://search.yahoo.co.jp/search?p=%22%E3%83%97%E3%83%AC%E3%83%9F%E3%82%A2%E3%83%9B%E3%83%86%E3%83%AB-CABIN-%E6%9D%BE%E6%9C%AC%22%20%E3%81%98%E3%82%83%E3%82%89%E3%82%93,,2026-08-08T16:28:31+09:00,
490,stage-164-1,ホテルメトロポリタン長野,長野県,長野,長野,stage-164,164,ホクト文化ホール 大ホール,1,stage,https://www.jalan.net/yad314560/,ホテルメトロポリタン長野,verified,1.0,True,True,hotel name matches Jalan page; location context consistent,https://search.yahoo.co.jp/search?p=%22%E3%83%9B%E3%83%86%E3%83%AB%E3%83%A1%E3%83%88%E3%83%AD%E3%83%9D%E3%83%AA%E3%82%BF%E3%83%B3%E9%95%B7%E9%87%8E%22%20%E3%81%98%E3%82%83%E3%82%89%E3%82%93,https://www.jalan.net/yad314560/,2026-08-08T16:28:34+09:00,
491,stage-164-2,長野東急REIホテル,長野県,長野,長野,stage-164,164,ホクト文化ホール 大ホール,2,stage,https://www.jalan.net/yad350498/,長野東急REIホテル,verified,1.0,True,True,hotel name matches Jalan page; location context consistent,https://search.yahoo.co.jp/search?p=%22%E9%95%B7%E9%87%8E%E6%9D%B1%E6%80%A5REI%E3%83%9B%E3%83%86%E3%83%AB%22%20%E3%81%98%E3%82%83%E3%82%89%E3%82%93,https://www.jalan.net/yad350498/,2026-08-08T16:28:37+09:00,
492,stage-164-3,チサングランド長野,長野県,長野,長野,stage-164,164,ホクト文化ホール 大ホール,3,stage,https://www.jalan.net/yad324498/,チサングランド長野,verified,1.0,True,True,hotel name matches Jalan page; location context consistent,https://search.yahoo.co.jp/search?p=%22%E3%83%81%E3%82%B5%E3%83%B3%E3%82%B0%E3%83%A9%E3%83%B3%E3%83%89%E9%95%B7%E9%87%8E%22%20%E3%81%98%E3%82%83%E3%82%89%E3%82%93,https://www.jalan.net/yad324498/,2026-08-08T16:28:40+09:00,
493,stage-165-1,西鉄ホテル クルーム名古屋,愛知県,栄,久屋大通,stage-165,165,愛知県芸術劇場 大ホール,1,stage,https://www.jalan.net/yad391346/,西鉄ホテル クルーム名古屋,verified,1.0,True,True,hotel name matches Jalan page; location context consistent,https://search.yahoo.co.jp/search?p=%22%E8%A5%BF%E9%89%84%E3%83%9B%E3%83%86%E3%83%AB%20%E3%82%AF%E3%83%AB%E3%83%BC%E3%83%A0%E5%90%8D%E5%8F%A4%E5%B1%8B%22%20%E3%81%98%E3%82%83%E3%82%89%E3%82%93,https://www.jalan.net/yad391346/,2026-08-08T16:28:44+09:00,
494,stage-165-2,ベッセルイン栄駅前,愛知県,栄,栄,stage-165,165,愛知県芸術劇場 大ホール,2,stage,https://www.jalan.net/yad387545/,ベッセルイン栄駅前,verified,1.0,True,False,hotel name matches Jalan page; location context consistent,https://search.yahoo.co.jp/search?p=%22%E3%83%99%E3%83%83%E3%82%BB%E3%83%AB%E3%82%A4%E3%83%B3%E6%A0%84%E9%A7%85%E5%89%8D%22%20%E3%81%98%E3%82%83%E3%82%89%E3%82%93,https://www.jalan.net/yad387545/,2026-08-08T16:28:47+09:00,
495,stage-165-3,ホテルマイステイズ名古屋錦,愛知県,栄,栄,stage-165,165,愛知県芸術劇場 大ホール,3,stage,https://www.jalan.net/yad321267/,ホテルマイステイズ名古屋錦,verified,1.0,True,False,hotel name matches Jalan page; location context consistent,https://search.yahoo.co.jp/search?p=%22%E3%83%9B%E3%83%86%E3%83%AB%E3%83%9E%E3%82%A4%E3%82%B9%E3%83%86%E3%82%A4%E3%82%BA%E5%90%8D%E5%8F%A4%E5%B1%8B%E9%8C%A6%22%20%E3%81%98%E3%82%83%E3%82%89%E3%82%93,https://www.jalan.net/yad321267/,2026-08-08T16:28:57+09:00,
496,stage-166-1,リッチモンドホテル名古屋納屋橋,愛知県,伏見,伏見,stage-166,166,御園座,1,stage,https://www.jalan.net/yad349602/,リッチモンドホテル名古屋納屋橋,verified,1.0,True,True,hotel name matches Jalan page; location context consistent,https://search.yahoo.co.jp/search?p=%22%E3%83%AA%E3%83%83%E3%83%81%E3%83%A2%E3%83%B3%E3%83%89%E3%83%9B%E3%83%86%E3%83%AB%E5%90%8D%E5%8F%A4%E5%B1%8B%E7%B4%8D%E5%B1%8B%E6%A9%8B%22%20%E3%81%98%E3%82%83%E3%82%89%E3%82%93,https://www.jalan.net/yad349602/,2026-08-08T16:29:01+09:00,
497,stage-166-2,ホテルJALシティ名古屋 錦,愛知県,伏見,伏見,stage-166,166,御園座,2,stage,https://www.jalan.net/yad391804/,ホテルＪＡＬシティ名古屋 錦,verified,1.0,True,True,hotel name matches Jalan page; location context consistent,https://search.yahoo.co.jp/search?p=%22%E3%83%9B%E3%83%86%E3%83%ABJAL%E3%82%B7%E3%83%86%E3%82%A3%E5%90%8D%E5%8F%A4%E5%B1%8B%20%E9%8C%A6%22%20%E3%81%98%E3%82%83%E3%82%89%E3%82%93,https://www.jalan.net/yad391804/,2026-08-08T16:29:05+09:00,
498,stage-166-3,名古屋クラウンホテル,愛知県,伏見,伏見,stage-166,166,御園座,3,stage,https://www.jalan.net/yad334176/,都心の天然温泉 名古屋クラウンホテル,verified,0.97,True,True,hotel name matches Jalan page; location context consistent,https://search.yahoo.co.jp/search?p=%22%E5%90%8D%E5%8F%A4%E5%B1%8B%E3%82%AF%E3%83%A9%E3%82%A6%E3%83%B3%E3%83%9B%E3%83%86%E3%83%AB%22%20%E3%81%98%E3%82%83%E3%82%89%E3%82%93,https://www.jalan.net/yad334176/,2026-08-08T16:29:08+09:00,
499,stage-167-1,西鉄ホテル クルーム名古屋,愛知県,栄,久屋大通,stage-167,167,中日ホール,1,stage,https://www.jalan.net/yad391346/,西鉄ホテル クルーム名古屋,verified,1.0,True,True,hotel name matches Jalan page; location context consistent,https://search.yahoo.co.jp/search?p=%22%E8%A5%BF%E9%89%84%E3%83%9B%E3%83%86%E3%83%AB%20%E3%82%AF%E3%83%AB%E3%83%BC%E3%83%A0%E5%90%8D%E5%8F%A4%E5%B1%8B%22%20%E3%81%98%E3%82%83%E3%82%89%E3%82%93,https://www.jalan.net/yad391346/,2026-08-08T16:29:12+09:00,
500,stage-167-2,ベッセルイン栄駅前,愛知県,栄,栄,stage-167,167,中日ホール,2,stage,https://www.jalan.net/yad387545/,ベッセルイン栄駅前,verified,1.0,True,False,hotel name matches Jalan page; location context consistent,https://search.yahoo.co.jp/search?p=%22%E3%83%99%E3%83%83%E3%82%BB%E3%83%AB%E3%82%A4%E3%83%B3%E6%A0%84%E9%A7%85%E5%89%8D%22%20%E3%81%98%E3%82%83%E3%82%89%E3%82%93,https://www.jalan.net/yad387545/,2026-08-08T16:29:16+09:00,
501,stage-167-3,ホテルマイステイズ名古屋錦,愛知県,栄,栄,stage-167,167,中日ホール,3,stage,https://www.jalan.net/yad321267/,ホテルマイステイズ名古屋錦,verified,1.0,True,False,hotel name matches Jalan page; location context consistent,https://search.yahoo.co.jp/search?p=%22%E3%83%9B%E3%83%86%E3%83%AB%E3%83%9E%E3%82%A4%E3%82%B9%E3%83%86%E3%82%A4%E3%82%BA%E5%90%8D%E5%8F%A4%E5%B1%8B%E9%8C%A6%22%20%E3%81%98%E3%82%83%E3%82%89%E3%82%93,https://www.jalan.net/yad321267/,2026-08-08T16:28:57+09:00,
502,stage-168-1,名古屋笠寺ホテル,愛知県,港区役所・東海通,笠寺,stage-168,168,COMTEC PORTBASE,1,stage,https://www.jalan.net/yad328800/,－ＳＰＡ ＲＥＳＯＲＴ－名古屋笠寺ホテル,verified,0.97,True,True,hotel name matches Jalan page; location context consistent,https://search.yahoo.co.jp/search?p=%22%E5%90%8D%E5%8F%A4%E5%B1%8B%E7%AC%A0%E5%AF%BA%E3%83%9B%E3%83%86%E3%83%AB%22%20%E3%81%98%E3%82%83%E3%82%89%E3%82%93,https://www.jalan.net/yad328800/,2026-08-08T16:29:20+09:00,
503,stage-168-2,コンフォートホテル名古屋金山,愛知県,港区役所・東海通,金山,stage-168,168,COMTEC PORTBASE,2,stage,https://www.jalan.net/yad332985/,コンフォートホテル名古屋金山,verified,1.0,True,True,hotel name matches Jalan page; location context consistent,https://search.yahoo.co.jp/search?p=%22%E3%82%B3%E3%83%B3%E3%83%95%E3%82%A9%E3%83%BC%E3%83%88%E3%83%9B%E3%83%86%E3%83%AB%E5%90%8D%E5%8F%A4%E5%B1%8B%E9%87%91%E5%B1%B1%22%20%E3%81%98%E3%82%83%E3%82%89%E3%82%93,https://www.jalan.net/yad332985/,2026-08-08T16:29:23+09:00,
504,stage-168-3,名鉄イン名古屋金山,愛知県,港区役所・東海通,金山,stage-168,168,COMTEC PORTBASE,3,stage,https://www.jalan.net/yad300820/,名鉄イン名古屋金山,verified,1.0,True,True,hotel name matches Jalan page; location context consistent,https://search.yahoo.co.jp/search?p=%22%E5%90%8D%E9%89%84%E3%82%A4%E3%83%B3%E5%90%8D%E5%8F%A4%E5%B1%8B%E9%87%91%E5%B1%B1%22%20%E3%81%98%E3%82%83%E3%82%89%E3%82%93,https://www.jalan.net/yad300820/,2026-08-08T16:29:27+09:00,
505,stage-169-1,ANAクラウンプラザホテルグランコート名古屋,愛知県,金山,金山,stage-169,169,Niterra日本特殊陶業市民会館 フォレストホール,1,stage,https://www.jalan.net/yad318988/,ANAクラウンプラザホテルグランコート名古屋 by IHG,verified,1.0,True,True,hotel name matches Jalan page; location context consistent,https://search.yahoo.co.jp/search?p=%22ANA%E3%82%AF%E3%83%A9%E3%82%A6%E3%83%B3%E3%83%97%E3%83%A9%E3%82%B6%E3%83%9B%E3%83%86%E3%83%AB%E3%82%B0%E3%83%A9%E3%83%B3%E3%82%B3%E3%83%BC%E3%83%88%E5%90%8D%E5%8F%A4%E5%B1%8B%22%20%E3%81%98%E3%82%83%E3%82%89%E3%82%93,https://www.jalan.net/yad318988/,2026-08-08T16:29:30+09:00,
506,stage-169-2,コンフォートホテル名古屋金山,愛知県,金山,金山,stage-169,169,Niterra日本特殊陶業市民会館 フォレストホール,2,stage,https://www.jalan.net/yad332985/,コンフォートホテル名古屋金山,verified,1.0,True,True,hotel name matches Jalan page; location context consistent,https://search.yahoo.co.jp/search?p=%22%E3%82%B3%E3%83%B3%E3%83%95%E3%82%A9%E3%83%BC%E3%83%88%E3%83%9B%E3%83%86%E3%83%AB%E5%90%8D%E5%8F%A4%E5%B1%8B%E9%87%91%E5%B1%B1%22%20%E3%81%98%E3%82%83%E3%82%89%E3%82%93,https://www.jalan.net/yad332985/,2026-08-08T16:29:23+09:00,
507,stage-169-3,名鉄イン名古屋金山,愛知県,金山,金山,stage-169,169,Niterra日本特殊陶業市民会館 フォレストホール,3,stage,https://www.jalan.net/yad300820/,名鉄イン名古屋金山,verified,1.0,True,True,hotel name matches Jalan page; location context consistent,https://search.yahoo.co.jp/search?p=%22%E5%90%8D%E9%89%84%E3%82%A4%E3%83%B3%E5%90%8D%E5%8F%A4%E5%B1%8B%E9%87%91%E5%B1%B1%22%20%E3%81%98%E3%82%83%E3%82%89%E3%82%93,https://www.jalan.net/yad300820/,2026-08-08T16:29:27+09:00,
508,stage-170-1,西鉄ホテル クルーム名古屋,愛知県,鶴舞・栄,久屋大通,stage-170,170,岡谷鋼機名古屋公会堂 大ホール,1,stage,https://www.jalan.net/yad391346/,西鉄ホテル クルーム名古屋,verified,1.0,True,True,hotel name matches Jalan page; location context consistent,https://search.yahoo.co.jp/search?p=%22%E8%A5%BF%E9%89%84%E3%83%9B%E3%83%86%E3%83%AB%20%E3%82%AF%E3%83%AB%E3%83%BC%E3%83%A0%E5%90%8D%E5%8F%A4%E5%B1%8B%22%20%E3%81%98%E3%82%83%E3%82%89%E3%82%93,https://www.jalan.net/yad391346/,2026-08-08T16:29:12+09:00,
509,stage-170-2,ベッセルイン栄駅前,愛知県,鶴舞・栄,栄,stage-170,170,岡谷鋼機名古屋公会堂 大ホール,2,stage,https://www.jalan.net/yad387545/,ベッセルイン栄駅前,verified,1.0,True,False,hotel name matches Jalan page; location context consistent,https://search.yahoo.co.jp/search?p=%22%E3%83%99%E3%83%83%E3%82%BB%E3%83%AB%E3%82%A4%E3%83%B3%E6%A0%84%E9%A7%85%E5%89%8D%22%20%E3%81%98%E3%82%83%E3%82%89%E3%82%93,https://www.jalan.net/yad387545/,2026-08-08T16:29:16+09:00,
510,stage-170-3,ホテルマイステイズ名古屋錦,愛知県,鶴舞・栄,栄,stage-170,170,岡谷鋼機名古屋公会堂 大ホール,3,stage,https://www.jalan.net/yad321267/,ホテルマイステイズ名古屋錦,verified,1.0,True,False,hotel name matches Jalan page; location context consistent,https://search.yahoo.co.jp/search?p=%22%E3%83%9B%E3%83%86%E3%83%AB%E3%83%9E%E3%82%A4%E3%82%B9%E3%83%86%E3%82%A4%E3%82%BA%E5%90%8D%E5%8F%A4%E5%B1%8B%E9%8C%A6%22%20%E3%81%98%E3%82%83%E3%82%89%E3%82%93,https://www.jalan.net/yad321267/,2026-08-08T16:28:57+09:00,
511,stage-171-1,西鉄ホテル クルーム名古屋,愛知県,矢場町・栄,久屋大通,stage-171,171,名古屋市青少年文化センター アートピアホール,1,stage,https://www.jalan.net/yad391346/,西鉄ホテル クルーム名古屋,verified,1.0,True,True,hotel name matches Jalan page; location context consistent,https://search.yahoo.co.jp/search?p=%22%E8%A5%BF%E9%89%84%E3%83%9B%E3%83%86%E3%83%AB%20%E3%82%AF%E3%83%AB%E3%83%BC%E3%83%A0%E5%90%8D%E5%8F%A4%E5%B1%8B%22%20%E3%81%98%E3%82%83%E3%82%89%E3%82%93,https://www.jalan.net/yad391346/,2026-08-08T16:29:12+09:00,
512,stage-171-2,ベッセルイン栄駅前,愛知県,矢場町・栄,栄,stage-171,171,名古屋市青少年文化センター アートピアホール,2,stage,https://www.jalan.net/yad387545/,ベッセルイン栄駅前,verified,1.0,True,False,hotel name matches Jalan page; location context consistent,https://search.yahoo.co.jp/search?p=%22%E3%83%99%E3%83%83%E3%82%BB%E3%83%AB%E3%82%A4%E3%83%B3%E6%A0%84%E9%A7%85%E5%89%8D%22%20%E3%81%98%E3%82%83%E3%82%89%E3%82%93,https://www.jalan.net/yad387545/,2026-08-08T16:29:16+09:00,
513,stage-171-3,ホテルマイステイズ名古屋錦,愛知県,矢場町・栄,栄,stage-171,171,名古屋市青少年文化センター アートピアホール,3,stage,https://www.jalan.net/yad321267/,ホテルマイステイズ名古屋錦,verified,1.0,True,False,hotel name matches Jalan page; location context consistent,https://search.yahoo.co.jp/search?p=%22%E3%83%9B%E3%83%86%E3%83%AB%E3%83%9E%E3%82%A4%E3%82%B9%E3%83%86%E3%82%A4%E3%82%BA%E5%90%8D%E5%8F%A4%E5%B1%8B%E9%8C%A6%22%20%E3%81%98%E3%82%83%E3%82%89%E3%82%93,https://www.jalan.net/yad321267/,2026-08-08T16:28:57+09:00,
514,stage-172-1,ホテルメルパルク名古屋,愛知県,千種,千種,stage-172,172,メニコン シアターAoi,1,stage,https://www.jalan.net/yad310334/,ホテル メルパルク名古屋,verified,1.0,True,True,hotel name matches Jalan page; location context consistent,https://search.yahoo.co.jp/search?p=%22%E3%83%9B%E3%83%86%E3%83%AB%E3%83%A1%E3%83%AB%E3%83%91%E3%83%AB%E3%82%AF%E5%90%8D%E5%8F%A4%E5%B1%8B%22%20%E3%81%98%E3%82%83%E3%82%89%E3%82%93,https://www.jalan.net/yad310334/,2026-08-08T16:29:33+09:00,
515,stage-172-2,ホテルルートイン名古屋今池駅前,愛知県,千種,今池,stage-172,172,メニコン シアターAoi,2,stage,https://www.jalan.net/yad376712/,ホテルルートイン名古屋今池駅前,verified,1.0,True,True,hotel name matches Jalan page; location context consistent,https://search.yahoo.co.jp/search?p=%22%E3%83%9B%E3%83%86%E3%83%AB%E3%83%AB%E3%83%BC%E3%83%88%E3%82%A4%E3%83%B3%E5%90%8D%E5%8F%A4%E5%B1%8B%E4%BB%8A%E6%B1%A0%E9%A7%85%E5%89%8D%22%20%E3%81%98%E3%82%83%E3%82%89%E3%82%93,https://www.jalan.net/yad376712/,2026-08-08T16:29:37+09:00,
516,stage-172-3,ホテルルブラ王山,愛知県,千種,池下,stage-172,172,メニコン シアターAoi,3,stage,https://www.jalan.net/yad346057/,ホテル ルブラ王山,verified,1.0,True,True,hotel name matches Jalan page; location context consistent,https://search.yahoo.co.jp/search?p=%22%E3%83%9B%E3%83%86%E3%83%AB%E3%83%AB%E3%83%96%E3%83%A9%E7%8E%8B%E5%B1%B1%22%20%E3%81%98%E3%82%83%E3%82%89%E3%82%93,https://www.jalan.net/yad346057/,2026-08-08T16:29:40+09:00,
517,stage-173-1,ホテルアソシア豊橋,愛知県,豊橋,豊橋,stage-173,173,穂の国とよはし芸術劇場PLAT 主ホール,1,stage,https://www.jalan.net/yad324526/,ホテルアソシア豊橋,verified,1.0,True,True,hotel name matches Jalan page; location context consistent,https://search.yahoo.co.jp/search?p=%22%E3%83%9B%E3%83%86%E3%83%AB%E3%82%A2%E3%82%BD%E3%82%B7%E3%82%A2%E8%B1%8A%E6%A9%8B%22%20%E3%81%98%E3%82%83%E3%82%89%E3%82%93,https://www.jalan.net/yad324526/,2026-08-08T16:29:44+09:00,
518,stage-173-2,コンフォートホテル豊橋,愛知県,豊橋,豊橋,stage-173,173,穂の国とよはし芸術劇場PLAT 主ホール,2,stage,https://www.jalan.net/yad389996/,コンフォートホテル豊橋,verified,1.0,True,True,hotel name matches Jalan page; location context consistent,https://search.yahoo.co.jp/search?p=%22%E3%82%B3%E3%83%B3%E3%83%95%E3%82%A9%E3%83%BC%E3%83%88%E3%83%9B%E3%83%86%E3%83%AB%E8%B1%8A%E6%A9%8B%22%20%E3%81%98%E3%82%83%E3%82%89%E3%82%93,https://www.jalan.net/yad389996/,2026-08-08T16:29:48+09:00,
519,stage-173-3,東横INN豊橋駅東口,愛知県,豊橋,豊橋,stage-173,173,穂の国とよはし芸術劇場PLAT 主ホール,3,stage,https://www.jalan.net/yad324457/,東横ＩＮＮ豊橋駅東口,verified,1.0,True,True,hotel name matches Jalan page; location context consistent,https://search.yahoo.co.jp/search?p=%22%E6%9D%B1%E6%A8%AAINN%E8%B1%8A%E6%A9%8B%E9%A7%85%E6%9D%B1%E5%8F%A3%22%20%E3%81%98%E3%82%83%E3%82%89%E3%82%93,https://www.jalan.net/yad324457/,2026-08-08T16:29:51+09:00,
520,stage-174-1,ホテルアソシア豊橋,愛知県,豊橋,豊橋,stage-174,174,アイプラザ豊橋 講堂,1,stage,https://www.jalan.net/yad324526/,ホテルアソシア豊橋,verified,1.0,True,True,hotel name matches Jalan page; location context consistent,https://search.yahoo.co.jp/search?p=%22%E3%83%9B%E3%83%86%E3%83%AB%E3%82%A2%E3%82%BD%E3%82%B7%E3%82%A2%E8%B1%8A%E6%A9%8B%22%20%E3%81%98%E3%82%83%E3%82%89%E3%82%93,https://www.jalan.net/yad324526/,2026-08-08T16:29:44+09:00,
521,stage-174-2,コンフォートホテル豊橋,愛知県,豊橋,豊橋,stage-174,174,アイプラザ豊橋 講堂,2,stage,https://www.jalan.net/yad389996/,コンフォートホテル豊橋,verified,1.0,True,True,hotel name matches Jalan page; location context consistent,https://search.yahoo.co.jp/search?p=%22%E3%82%B3%E3%83%B3%E3%83%95%E3%82%A9%E3%83%BC%E3%83%88%E3%83%9B%E3%83%86%E3%83%AB%E8%B1%8A%E6%A9%8B%22%20%E3%81%98%E3%82%83%E3%82%89%E3%82%93,https://www.jalan.net/yad389996/,2026-08-08T16:29:48+09:00,
522,stage-174-3,東横INN豊橋駅東口,愛知県,豊橋,豊橋,stage-174,174,アイプラザ豊橋 講堂,3,stage,https://www.jalan.net/yad324457/,東横ＩＮＮ豊橋駅東口,verified,1.0,True,True,hotel name matches Jalan page; location context consistent,https://search.yahoo.co.jp/search?p=%22%E6%9D%B1%E6%A8%AAINN%E8%B1%8A%E6%A9%8B%E9%A7%85%E6%9D%B1%E5%8F%A3%22%20%E3%81%98%E3%82%83%E3%82%89%E3%82%93,https://www.jalan.net/yad324457/,2026-08-08T16:29:51+09:00,
523,stage-175-1,名鉄イン刈谷,愛知県,刈谷,刈谷,stage-175,175,刈谷市総合文化センター アイリス 大ホール,1,stage,https://www.jalan.net/yad347760/,名鉄イン刈谷,verified,1.0,True,True,hotel name matches Jalan page; location context consistent,https://search.yahoo.co.jp/search?p=%22%E5%90%8D%E9%89%84%E3%82%A4%E3%83%B3%E5%88%88%E8%B0%B7%22%20%E3%81%98%E3%82%83%E3%82%89%E3%82%93,https://www.jalan.net/yad347760/,2026-08-08T16:29:54+09:00,
524,stage-175-2,コンフォートホテル刈谷,愛知県,刈谷,刈谷,stage-175,175,刈谷市総合文化センター アイリス 大ホール,2,stage,https://www.jalan.net/yad379010/,コンフォートホテル刈谷,verified,1.0,True,True,hotel name matches Jalan page; location context consistent,https://search.yahoo.co.jp/search?p=%22%E3%82%B3%E3%83%B3%E3%83%95%E3%82%A9%E3%83%BC%E3%83%88%E3%83%9B%E3%83%86%E3%83%AB%E5%88%88%E8%B0%B7%22%20%E3%81%98%E3%82%83%E3%82%89%E3%82%93,https://www.jalan.net/yad379010/,2026-08-08T16:29:58+09:00,
525,stage-175-3,アクセスイン刈谷,愛知県,刈谷,刈谷,stage-175,175,刈谷市総合文化センター アイリス 大ホール,3,stage,https://www.jalan.net/yad386118/,アクセスイン刈谷,verified,1.0,True,True,hotel name matches Jalan page; location context consistent,https://search.yahoo.co.jp/search?p=%22%E3%82%A2%E3%82%AF%E3%82%BB%E3%82%B9%E3%82%A4%E3%83%B3%E5%88%88%E8%B0%B7%22%20%E3%81%98%E3%82%83%E3%82%89%E3%82%93,https://www.jalan.net/yad386118/,2026-08-08T16:30:02+09:00,
526,stage-176-1,ザ・カトーホテル,愛知県,太田川,太田川,stage-176,176,東海市芸術劇場 大ホール,1,stage,https://www.jalan.net/yad330154/,ザ・カトーホテル ＯＴＡＧＡＷＡ,verified,0.97,True,True,hotel name matches Jalan page; location context consistent,https://search.yahoo.co.jp/search?p=%22%E3%82%B6%E3%83%BB%E3%82%AB%E3%83%88%E3%83%BC%E3%83%9B%E3%83%86%E3%83%AB%22%20%E3%81%98%E3%82%83%E3%82%89%E3%82%93,https://www.jalan.net/yad330154/,2026-08-08T16:30:06+09:00,
527,stage-176-2,ルートイングランティア東海 Spa & Relaxation,愛知県,太田川,太田川,stage-176,176,東海市芸術劇場 大ホール,2,stage,https://www.jalan.net/yad366684/,ルートイングランティア東海 Ｓｐａ＆Ｒｅｌａｘａｔｉｏｎ,verified,1.0,True,True,hotel name matches Jalan page; location context consistent,https://search.yahoo.co.jp/search?p=%22%E3%83%AB%E3%83%BC%E3%83%88%E3%82%A4%E3%83%B3%E3%82%B0%E3%83%A9%E3%83%B3%E3%83%86%E3%82%A3%E3%82%A2%E6%9D%B1%E6%B5%B7%20Spa%20%26%20Relaxation%22%20%E3%81%98%E3%82%83%E3%82%89%E3%82%93,https://www.jalan.net/yad366684/,2026-08-08T16:30:10+09:00,
528,stage-176-3,東海シティホテル,愛知県,太田川,太田川,stage-176,176,東海市芸術劇場 大ホール,3,stage,https://www.jalan.net/yad369707/,東海シティホテル,verified,1.0,True,True,hotel name matches Jalan page; location context consistent,https://search.yahoo.co.jp/search?p=%22%E6%9D%B1%E6%B5%B7%E3%82%B7%E3%83%86%E3%82%A3%E3%83%9B%E3%83%86%E3%83%AB%22%20%E3%81%98%E3%82%83%E3%82%89%E3%82%93,https://www.jalan.net/yad369707/,2026-08-08T16:30:14+09:00,
529,stage-177-1,ダイワロイネットホテル名古屋太閤通口,愛知県,名古屋・ささしまライブ,名古屋,stage-177,177,Zepp Nagoya,1,stage,https://www.jalan.net/yad341332/,ダイワロイネットホテル名古屋太閤通口,verified,1.0,True,True,hotel name matches Jalan page; location context consistent,https://search.yahoo.co.jp/search?p=%22%E3%83%80%E3%82%A4%E3%83%AF%E3%83%AD%E3%82%A4%E3%83%8D%E3%83%83%E3%83%88%E3%83%9B%E3%83%86%E3%83%AB%E5%90%8D%E5%8F%A4%E5%B1%8B%E5%A4%AA%E9%96%A4%E9%80%9A%E5%8F%A3%22%20%E3%81%98%E3%82%83%E3%82%89%E3%82%93,https://www.jalan.net/yad341332/,2026-08-08T16:30:18+09:00,
530,stage-177-2,ヴィアイン名古屋新幹線口,愛知県,名古屋・ささしまライブ,名古屋,stage-177,177,Zepp Nagoya,2,stage,https://www.jalan.net/yad367046/,ＪＲ西日本グループ ヴィアイン名古屋新幹線口,verified,0.97,True,True,hotel name matches Jalan page; location context consistent,https://search.yahoo.co.jp/search?p=%22%E3%83%B4%E3%82%A3%E3%82%A2%E3%82%A4%E3%83%B3%E5%90%8D%E5%8F%A4%E5%B1%8B%E6%96%B0%E5%B9%B9%E7%B7%9A%E5%8F%A3%22%20%E3%81%98%E3%82%83%E3%82%89%E3%82%93,https://www.jalan.net/yad367046/,2026-08-08T16:30:24+09:00,
531,stage-177-3,名鉄イン名古屋駅前,愛知県,名古屋・ささしまライブ,名古屋,stage-177,177,Zepp Nagoya,3,stage,https://www.jalan.net/yad376064/,名鉄イン名古屋駅前,verified,1.0,True,True,hotel name matches Jalan page; location context consistent,https://search.yahoo.co.jp/search?p=%22%E5%90%8D%E9%89%84%E3%82%A4%E3%83%B3%E5%90%8D%E5%8F%A4%E5%B1%8B%E9%A7%85%E5%89%8D%22%20%E3%81%98%E3%82%83%E3%82%89%E3%82%93,https://www.jalan.net/yad376064/,2026-08-08T16:30:27+09:00,
532,stage-178-1,ダイワロイネットホテル岐阜,岐阜県,岐阜,岐阜,stage-178,178,長良川国際会議場 メインホール,1,stage,https://www.jalan.net/yad305036/,ダイワロイネットホテル岐阜,verified,1.0,True,True,hotel name matches Jalan page; location context consistent,https://search.yahoo.co.jp/search?p=%22%E3%83%80%E3%82%A4%E3%83%AF%E3%83%AD%E3%82%A4%E3%83%8D%E3%83%83%E3%83%88%E3%83%9B%E3%83%86%E3%83%AB%E5%B2%90%E9%98%9C%22%20%E3%81%98%E3%82%83%E3%82%89%E3%82%93,https://www.jalan.net/yad305036/,2026-08-08T16:30:31+09:00,
533,stage-178-2,ホテルリソル岐阜,岐阜県,岐阜,岐阜,stage-178,178,長良川国際会議場 メインホール,2,stage,https://www.jalan.net/yad311944/,ホテルリソル岐阜,verified,1.0,True,True,hotel name matches Jalan page; location context consistent,https://search.yahoo.co.jp/search?p=%22%E3%83%9B%E3%83%86%E3%83%AB%E3%83%AA%E3%82%BD%E3%83%AB%E5%B2%90%E9%98%9C%22%20%E3%81%98%E3%82%83%E3%82%89%E3%82%93,https://www.jalan.net/yad311944/,2026-08-08T16:27:30+09:00,
534,stage-178-3,ドーミーイン岐阜駅前,岐阜県,岐阜,岐阜,stage-178,178,長良川国際会議場 メインホール,3,stage,https://www.jalan.net/yad384888/,天然温泉 金華の湯 ドーミーイン岐阜駅前,verified,0.97,True,True,hotel name matches Jalan page; location context consistent,https://search.yahoo.co.jp/search?p=%22%E3%83%89%E3%83%BC%E3%83%9F%E3%83%BC%E3%82%A4%E3%83%B3%E5%B2%90%E9%98%9C%E9%A7%85%E5%89%8D%22%20%E3%81%98%E3%82%83%E3%82%89%E3%82%93,https://www.jalan.net/yad384888/,2026-08-08T16:27:34+09:00,
535,stage-179-1,ホテルルートイン多治見インター,岐阜県,多治見,多治見,stage-179,179,バロー文化ホール 大ホール,1,stage,https://www.jalan.net/yad322204/,多治見天然温泉 ホテルルートイン多治見インター,verified,0.97,True,True,hotel name matches Jalan page; location context consistent,https://search.yahoo.co.jp/search?p=%22%E3%83%9B%E3%83%86%E3%83%AB%E3%83%AB%E3%83%BC%E3%83%88%E3%82%A4%E3%83%B3%E5%A4%9A%E6%B2%BB%E8%A6%8B%E3%82%A4%E3%83%B3%E3%82%BF%E3%83%BC%22%20%E3%81%98%E3%82%83%E3%82%89%E3%82%93,https://www.jalan.net/yad322204/,2026-08-08T16:27:41+09:00,
536,stage-179-2,オースタット国際ホテル多治見,岐阜県,多治見,多治見,stage-179,179,バロー文化ホール 大ホール,2,stage,https://www.jalan.net/yad317704/,オースタット国際ホテル多治見,verified,1.0,True,True,hotel name matches Jalan page; location context consistent,https://search.yahoo.co.jp/search?p=%22%E3%82%AA%E3%83%BC%E3%82%B9%E3%82%BF%E3%83%83%E3%83%88%E5%9B%BD%E9%9A%9B%E3%83%9B%E3%83%86%E3%83%AB%E5%A4%9A%E6%B2%BB%E8%A6%8B%22%20%E3%81%98%E3%82%83%E3%82%89%E3%82%93,https://www.jalan.net/yad317704/,2026-08-08T16:27:45+09:00,
537,stage-179-3,ホテル多治見ヒルズ マイルーム店,岐阜県,多治見,多治見,stage-179,179,バロー文化ホール 大ホール,3,stage,https://www.jalan.net/yad379530/,ホテル多治見ヒルズ マイルーム店（BBHホテルグループ）,verified,0.97,True,True,hotel name matches Jalan page; location context consistent,https://search.yahoo.co.jp/search?p=%22%E3%83%9B%E3%83%86%E3%83%AB%E5%A4%9A%E6%B2%BB%E8%A6%8B%E3%83%92%E3%83%AB%E3%82%BA%20%E3%83%9E%E3%82%A4%E3%83%AB%E3%83%BC%E3%83%A0%E5%BA%97%22%20%E3%81%98%E3%82%83%E3%82%89%E3%82%93,https://www.jalan.net/yad379530/,2026-08-08T16:27:50+09:00,
538,stage-180-1,ホテルグリーンパーク津,三重県,津,津,stage-180,180,三重県文化会館 大ホール,1,stage,https://www.jalan.net/yad358764/,ホテルグリーンパーク津,verified,1.0,True,False,hotel name matches Jalan page; location context consistent,https://search.yahoo.co.jp/search?p=%22%E3%83%9B%E3%83%86%E3%83%AB%E3%82%B0%E3%83%AA%E3%83%BC%E3%83%B3%E3%83%91%E3%83%BC%E3%82%AF%E6%B4%A5%22%20%E3%81%98%E3%82%83%E3%82%89%E3%82%93,https://www.jalan.net/yad358764/,2026-08-08T16:27:54+09:00,
539,stage-180-2,ドーミーイン津,三重県,津,津,stage-180,180,三重県文化会館 大ホール,2,stage,https://www.jalan.net/yad390063/,天然温泉 けやきの湯 ドーミーイン津,verified,0.97,True,False,hotel name matches Jalan page; location context consistent,https://search.yahoo.co.jp/search?p=%22%E3%83%89%E3%83%BC%E3%83%9F%E3%83%BC%E3%82%A4%E3%83%B3%E6%B4%A5%22%20%E3%81%98%E3%82%83%E3%82%89%E3%82%93,https://www.jalan.net/yad390063/,2026-08-08T16:27:57+09:00,
540,stage-180-3,三交イン津駅前,三重県,津,津,stage-180,180,三重県文化会館 大ホール,3,stage,https://www.jalan.net/yad398705/,三交イン津駅前～四季乃湯～,verified,0.97,True,False,hotel name matches Jalan page; location context consistent,https://search.yahoo.co.jp/search?p=%22%E4%B8%89%E4%BA%A4%E3%82%A4%E3%83%B3%E6%B4%A5%E9%A7%85%E5%89%8D%22%20%E3%81%98%E3%82%83%E3%82%89%E3%82%93,https://www.jalan.net/yad398705/,2026-08-08T16:28:03+09:00,
541,stage-181-1,都ホテル 四日市,三重県,四日市,近鉄四日市,stage-181,181,四日市市文化会館 第1ホール,1,stage,https://www.jalan.net/yad346919/,都ホテル 四日市,verified,1.0,True,True,hotel name matches Jalan page; location context consistent,https://search.yahoo.co.jp/search?p=%22%E9%83%BD%E3%83%9B%E3%83%86%E3%83%AB%20%E5%9B%9B%E6%97%A5%E5%B8%82%22%20%E3%81%98%E3%82%83%E3%82%89%E3%82%93,https://www.jalan.net/yad346919/,2026-08-08T16:28:07+09:00,
542,stage-181-2,三交イン四日市駅前,三重県,四日市,近鉄四日市,stage-181,181,四日市市文化会館 第1ホール,2,stage,https://www.jalan.net/yad340471/,三交イン四日市駅前,verified,1.0,True,True,hotel name matches Jalan page; location context consistent,https://search.yahoo.co.jp/search?p=%22%E4%B8%89%E4%BA%A4%E3%82%A4%E3%83%B3%E5%9B%9B%E6%97%A5%E5%B8%82%E9%A7%85%E5%89%8D%22%20%E3%81%98%E3%82%83%E3%82%89%E3%82%93,https://www.jalan.net/yad340471/,2026-08-08T16:28:10+09:00,
543,stage-181-3,コンフォートホテル四日市,三重県,四日市,近鉄四日市,stage-181,181,四日市市文化会館 第1ホール,3,stage,https://www.jalan.net/yad348158/,コンフォートホテル四日市,verified,1.0,True,True,hotel name matches Jalan page; location context consistent,https://search.yahoo.co.jp/search?p=%22%E3%82%B3%E3%83%B3%E3%83%95%E3%82%A9%E3%83%BC%E3%83%88%E3%83%9B%E3%83%86%E3%83%AB%E5%9B%9B%E6%97%A5%E5%B8%82%22%20%E3%81%98%E3%82%83%E3%82%89%E3%82%93,https://www.jalan.net/yad348158/,2026-08-08T16:28:14+09:00,
544,stage-182-1,ホテルクエスト清水,静岡県,清水,清水,stage-182,182,静岡市清水文化会館マリナート 大ホール,1,stage,https://www.jalan.net/yad342831/,ホテル クエスト清水,verified,1.0,True,True,hotel name matches Jalan page; location context consistent,https://search.yahoo.co.jp/search?p=%22%E3%83%9B%E3%83%86%E3%83%AB%E3%82%AF%E3%82%A8%E3%82%B9%E3%83%88%E6%B8%85%E6%B0%B4%22%20%E3%81%98%E3%82%83%E3%82%89%E3%82%93,https://www.jalan.net/yad342831/,2026-08-08T16:28:18+09:00,
545,stage-182-2,東横INN静岡清水駅前,静岡県,清水,清水,stage-182,182,静岡市清水文化会館マリナート 大ホール,2,stage,https://www.jalan.net/yad330777/,東横ＩＮＮ静岡清水駅前,verified,1.0,True,True,hotel name matches Jalan page; location context consistent,https://search.yahoo.co.jp/search?p=%22%E6%9D%B1%E6%A8%AAINN%E9%9D%99%E5%B2%A1%E6%B8%85%E6%B0%B4%E9%A7%85%E5%89%8D%22%20%E3%81%98%E3%82%83%E3%82%89%E3%82%93,https://www.jalan.net/yad330777/,2026-08-08T16:28:21+09:00,
546,stage-182-3,シーグランデ清水ステーションホテル,静岡県,清水,清水,stage-182,182,静岡市清水文化会館マリナート 大ホール,3,stage,https://www.jalan.net/yad313999/,シーグランデ清水ステーションホテル,verified,1.0,True,True,hotel name matches Jalan page; location context consistent,https://search.yahoo.co.jp/search?p=%22%E3%82%B7%E3%83%BC%E3%82%B0%E3%83%A9%E3%83%B3%E3%83%87%E6%B8%85%E6%B0%B4%E3%82%B9%E3%83%86%E3%83%BC%E3%82%B7%E3%83%A7%E3%83%B3%E3%83%9B%E3%83%86%E3%83%AB%22%20%E3%81%98%E3%82%83%E3%82%89%E3%82%93,https://www.jalan.net/yad313999/,2026-08-08T16:28:25+09:00,
547,stage-183-1,オークラアクトシティホテル浜松,静岡県,浜松,浜松,stage-183,183,アクトシティ浜松 大ホール,1,stage,https://www.jalan.net/yad356928/,オークラアクトシティホテル浜松,verified,1.0,True,True,hotel name matches Jalan page; location context consistent,https://search.yahoo.co.jp/search?p=%22%E3%82%AA%E3%83%BC%E3%82%AF%E3%83%A9%E3%82%A2%E3%82%AF%E3%83%88%E3%82%B7%E3%83%86%E3%82%A3%E3%83%9B%E3%83%86%E3%83%AB%E6%B5%9C%E6%9D%BE%22%20%E3%81%98%E3%82%83%E3%82%89%E3%82%93,https://www.jalan.net/yad356928/,2026-08-08T16:28:28+09:00,
548,stage-183-2,ダイワロイネットホテル浜松,静岡県,浜松,浜松,stage-183,183,アクトシティ浜松 大ホール,2,stage,https://www.jalan.net/yad373772/,ダイワロイネットホテル浜松（2025年10月リニューアル）,verified,0.97,True,True,hotel name matches Jalan page; location context consistent,https://search.yahoo.co.jp/search?p=%22%E3%83%80%E3%82%A4%E3%83%AF%E3%83%AD%E3%82%A4%E3%83%8D%E3%83%83%E3%83%88%E3%83%9B%E3%83%86%E3%83%AB%E6%B5%9C%E6%9D%BE%22%20%E3%81%98%E3%82%83%E3%82%89%E3%82%93,https://www.jalan.net/yad373772/,2026-08-08T16:28:32+09:00,
549,stage-183-3,コンフォートホテル浜松,静岡県,浜松,浜松,stage-183,183,アクトシティ浜松 大ホール,3,stage,https://www.jalan.net/yad397166/,コンフォートホテル浜松,verified,1.0,True,True,hotel name matches Jalan page; location context consistent,https://search.yahoo.co.jp/search?p=%22%E3%82%B3%E3%83%B3%E3%83%95%E3%82%A9%E3%83%BC%E3%83%88%E3%83%9B%E3%83%86%E3%83%AB%E6%B5%9C%E6%9D%BE%22%20%E3%81%98%E3%82%83%E3%82%89%E3%82%93,https://www.jalan.net/yad397166/,2026-08-08T16:28:36+09:00,
550,stage-184-1,富士山三島東急ホテル,静岡県,三島,三島,stage-184,184,三島市民文化会館 ゆうゆうホール 大ホール,1,stage,https://www.jalan.net/yad385507/,富士山三島東急ホテル,verified,1.0,True,True,hotel name matches Jalan page; location context consistent,https://search.yahoo.co.jp/search?p=%22%E5%AF%8C%E5%A3%AB%E5%B1%B1%E4%B8%89%E5%B3%B6%E6%9D%B1%E6%80%A5%E3%83%9B%E3%83%86%E3%83%AB%22%20%E3%81%98%E3%82%83%E3%82%89%E3%82%93,https://www.jalan.net/yad385507/,2026-08-08T16:28:39+09:00,
551,stage-184-2,ドーミーイン三島,静岡県,三島,三島,stage-184,184,三島市民文化会館 ゆうゆうホール 大ホール,2,stage,https://www.jalan.net/yad313094/,天然温泉 富嶽の湯 ドーミーイン三島(2025/03/17リニューアル),verified,0.97,True,True,hotel name matches Jalan page; location context consistent,https://search.yahoo.co.jp/search?p=%22%E3%83%89%E3%83%BC%E3%83%9F%E3%83%BC%E3%82%A4%E3%83%B3%E4%B8%89%E5%B3%B6%22%20%E3%81%98%E3%82%83%E3%82%89%E3%82%93,https://www.jalan.net/yad313094/,2026-08-08T16:28:44+09:00,
552,stage-184-3,東横INN富士山三島駅,静岡県,三島,三島,stage-184,184,三島市民文化会館 ゆうゆうホール 大ホール,3,stage,https://www.jalan.net/yad387850/,東横ＩＮＮ富士山三島駅,verified,1.0,True,True,hotel name matches Jalan page; location context consistent,https://search.yahoo.co.jp/search?p=%22%E6%9D%B1%E6%A8%AAINN%E5%AF%8C%E5%A3%AB%E5%B1%B1%E4%B8%89%E5%B3%B6%E9%A7%85%22%20%E3%81%98%E3%82%83%E3%82%89%E3%82%93,https://www.jalan.net/yad387850/,2026-08-08T16:28:47+09:00,
553,stage-185-1,ダイワロイネットホテルぬまづ,静岡県,沼津,沼津,stage-185,185,沼津市民文化センター 大ホール,1,stage,https://www.jalan.net/yad367804/,ダイワロイネットホテルぬまづ,verified,1.0,True,True,hotel name matches Jalan page; location context consistent,https://search.yahoo.co.jp/search?p=%22%E3%83%80%E3%82%A4%E3%83%AF%E3%83%AD%E3%82%A4%E3%83%8D%E3%83%83%E3%83%88%E3%83%9B%E3%83%86%E3%83%AB%E3%81%AC%E3%81%BE%E3%81%A5%22%20%E3%81%98%E3%82%83%E3%82%89%E3%82%93,https://www.jalan.net/yad367804/,2026-08-08T16:28:51+09:00,
554,stage-185-2,ホテルミワ,静岡県,沼津,沼津,stage-185,185,沼津市民文化センター 大ホール,2,stage,,ＫＯＫＯ ＨＯＴＥＬ 沼津駅前,needs_review,0.0,True,True,candidate exists but name/location match is not strong enough,https://search.yahoo.co.jp/search?p=%22%E3%83%9B%E3%83%86%E3%83%AB%E3%83%9F%E3%83%AF%22%20%E3%81%98%E3%82%83%E3%82%89%E3%82%93,https://www.jalan.net/yad312372/,2026-08-08T16:28:54+09:00,
555,stage-185-3,ココチホテル沼津,静岡県,沼津,沼津,stage-185,185,沼津市民文化センター 大ホール,3,stage,https://www.jalan.net/yad361864/,ココチホテル沼津,verified,1.0,True,True,hotel name matches Jalan page; location context consistent,https://search.yahoo.co.jp/search?p=%22%E3%82%B3%E3%82%B3%E3%83%81%E3%83%9B%E3%83%86%E3%83%AB%E6%B2%BC%E6%B4%A5%22%20%E3%81%98%E3%82%83%E3%82%89%E3%82%93,https://www.jalan.net/yad361864/,2026-08-08T16:28:58+09:00,
556,stage-186-1,ホテル西村,静岡県,富士,富士,stage-186,186,富士市文化会館ロゼシアター 大ホール,1,stage,,函館パークホテル,needs_review,0.4615,False,False,candidate exists but name/location match is not strong enough,https://search.yahoo.co.jp/search?p=%22%E3%83%9B%E3%83%86%E3%83%AB%E8%A5%BF%E6%9D%91%22%20%E3%81%98%E3%82%83%E3%82%89%E3%82%93,https://www.jalan.net/yad328246/,2026-08-08T16:29:03+09:00,
557,stage-186-2,くれたけイン富士山,静岡県,富士,富士,stage-186,186,富士市文化会館ロゼシアター 大ホール,2,stage,https://www.jalan.net/yad338220/,くれたけイン富士山,verified,1.0,True,True,hotel name matches Jalan page; location context consistent,https://search.yahoo.co.jp/search?p=%22%E3%81%8F%E3%82%8C%E3%81%9F%E3%81%91%E3%82%A4%E3%83%B3%E5%AF%8C%E5%A3%AB%E5%B1%B1%22%20%E3%81%98%E3%82%83%E3%82%89%E3%82%93,https://www.jalan.net/yad338220/,2026-08-08T16:29:06+09:00,
558,stage-186-3,ホテルルートイン富士中央公園東,静岡県,富士,富士,stage-186,186,富士市文化会館ロゼシアター 大ホール,3,stage,https://www.jalan.net/yad315926/,ホテルルートイン富士中央公園東,verified,1.0,True,True,hotel name matches Jalan page; location context consistent,https://search.yahoo.co.jp/search?p=%22%E3%83%9B%E3%83%86%E3%83%AB%E3%83%AB%E3%83%BC%E3%83%88%E3%82%A4%E3%83%B3%E5%AF%8C%E5%A3%AB%E4%B8%AD%E5%A4%AE%E5%85%AC%E5%9C%92%E6%9D%B1%22%20%E3%81%98%E3%82%83%E3%82%89%E3%82%93,https://www.jalan.net/yad315926/,2026-08-08T16:29:09+09:00,
559,stage-187-1,ホテル阪急レスパイア大阪,大阪府,梅田,大阪・梅田,stage-187,187,梅田芸術劇場 メインホール,1,stage,https://www.jalan.net/yad304150/,ホテル阪急レスパイア大阪,verified,1.0,True,True,hotel name matches Jalan page; location context consistent,https://search.yahoo.co.jp/search?p=%22%E3%83%9B%E3%83%86%E3%83%AB%E9%98%AA%E6%80%A5%E3%83%AC%E3%82%B9%E3%83%91%E3%82%A4%E3%82%A2%E5%A4%A7%E9%98%AA%22%20%E3%81%98%E3%82%83%E3%82%89%E3%82%93,https://www.jalan.net/yad304150/,2026-08-08T16:29:13+09:00,
560,stage-187-2,ホテルインターゲート大阪 梅田,大阪府,梅田,大阪・梅田,stage-187,187,梅田芸術劇場 メインホール,2,stage,https://www.jalan.net/yad333950/,ホテルインターゲート大阪梅田,verified,1.0,True,True,hotel name matches Jalan page; location context consistent,https://search.yahoo.co.jp/search?p=%22%E3%83%9B%E3%83%86%E3%83%AB%E3%82%A4%E3%83%B3%E3%82%BF%E3%83%BC%E3%82%B2%E3%83%BC%E3%83%88%E5%A4%A7%E9%98%AA%20%E6%A2%85%E7%94%B0%22%20%E3%81%98%E3%82%83%E3%82%89%E3%82%93,https://www.jalan.net/yad333950/,2026-08-08T16:29:17+09:00,
561,stage-187-3,アパホテル&リゾート〈大阪梅田駅タワー〉,大阪府,梅田,梅田,stage-187,187,梅田芸術劇場 メインホール,3,stage,https://www.jalan.net/yad307700/,アパホテル＆リゾート〈大阪梅田駅タワー〉,verified,1.0,True,True,hotel name matches Jalan page; location context consistent,https://search.yahoo.co.jp/search?p=%22%E3%82%A2%E3%83%91%E3%83%9B%E3%83%86%E3%83%AB%26%E3%83%AA%E3%82%BE%E3%83%BC%E3%83%88%E3%80%88%E5%A4%A7%E9%98%AA%E6%A2%85%E7%94%B0%E9%A7%85%E3%82%BF%E3%83%AF%E3%83%BC%E3%80%89%22%20%E3%81%98%E3%82%83%E3%82%89%E3%82%93,https://www.jalan.net/yad307700/,2026-08-08T16:29:20+09:00,
562,stage-188-1,ホテル阪急レスパイア大阪,大阪府,梅田,大阪・梅田,stage-188,188,梅田芸術劇場 シアター・ドラマシティ,1,stage,https://www.jalan.net/yad304150/,ホテル阪急レスパイア大阪,verified,1.0,True,True,hotel name matches Jalan page; location context consistent,https://search.yahoo.co.jp/search?p=%22%E3%83%9B%E3%83%86%E3%83%AB%E9%98%AA%E6%80%A5%E3%83%AC%E3%82%B9%E3%83%91%E3%82%A4%E3%82%A2%E5%A4%A7%E9%98%AA%22%20%E3%81%98%E3%82%83%E3%82%89%E3%82%93,https://www.jalan.net/yad304150/,2026-08-08T16:29:13+09:00,
563,stage-188-2,ホテルインターゲート大阪 梅田,大阪府,梅田,大阪・梅田,stage-188,188,梅田芸術劇場 シアター・ドラマシティ,2,stage,https://www.jalan.net/yad333950/,ホテルインターゲート大阪梅田,verified,1.0,True,True,hotel name matches Jalan page; location context consistent,https://search.yahoo.co.jp/search?p=%22%E3%83%9B%E3%83%86%E3%83%AB%E3%82%A4%E3%83%B3%E3%82%BF%E3%83%BC%E3%82%B2%E3%83%BC%E3%83%88%E5%A4%A7%E9%98%AA%20%E6%A2%85%E7%94%B0%22%20%E3%81%98%E3%82%83%E3%82%89%E3%82%93,https://www.jalan.net/yad333950/,2026-08-08T16:29:17+09:00,
564,stage-188-3,アパホテル&リゾート〈大阪梅田駅タワー〉,大阪府,梅田,梅田,stage-188,188,梅田芸術劇場 シアター・ドラマシティ,3,stage,https://www.jalan.net/yad307700/,アパホテル＆リゾート〈大阪梅田駅タワー〉,verified,1.0,True,True,hotel name matches Jalan page; location context consistent,https://search.yahoo.co.jp/search?p=%22%E3%82%A2%E3%83%91%E3%83%9B%E3%83%86%E3%83%AB%26%E3%83%AA%E3%82%BE%E3%83%BC%E3%83%88%E3%80%88%E5%A4%A7%E9%98%AA%E6%A2%85%E7%94%B0%E9%A7%85%E3%82%BF%E3%83%AF%E3%83%BC%E3%80%89%22%20%E3%81%98%E3%82%83%E3%82%89%E3%82%93,https://www.jalan.net/yad307700/,2026-08-08T16:29:20+09:00,
565,stage-189-1,ホテル阪急レスパイア大阪,大阪府,大阪駅・梅田,大阪・梅田,stage-189,189,SkyシアターMBS,1,stage,https://www.jalan.net/yad304150/,ホテル阪急レスパイア大阪,verified,1.0,True,True,hotel name matches Jalan page; location context consistent,https://search.yahoo.co.jp/search?p=%22%E3%83%9B%E3%83%86%E3%83%AB%E9%98%AA%E6%80%A5%E3%83%AC%E3%82%B9%E3%83%91%E3%82%A4%E3%82%A2%E5%A4%A7%E9%98%AA%22%20%E3%81%98%E3%82%83%E3%82%89%E3%82%93,https://www.jalan.net/yad304150/,2026-08-08T16:29:13+09:00,
566,stage-189-2,ホテルインターゲート大阪 梅田,大阪府,大阪駅・梅田,大阪・梅田,stage-189,189,SkyシアターMBS,2,stage,https://www.jalan.net/yad333950/,ホテルインターゲート大阪梅田,verified,1.0,True,True,hotel name matches Jalan page; location context consistent,https://search.yahoo.co.jp/search?p=%22%E3%83%9B%E3%83%86%E3%83%AB%E3%82%A4%E3%83%B3%E3%82%BF%E3%83%BC%E3%82%B2%E3%83%BC%E3%83%88%E5%A4%A7%E9%98%AA%20%E6%A2%85%E7%94%B0%22%20%E3%81%98%E3%82%83%E3%82%89%E3%82%93,https://www.jalan.net/yad333950/,2026-08-08T16:29:17+09:00,
567,stage-189-3,アパホテル&リゾート〈大阪梅田駅タワー〉,大阪府,大阪駅・梅田,梅田,stage-189,189,SkyシアターMBS,3,stage,https://www.jalan.net/yad307700/,アパホテル＆リゾート〈大阪梅田駅タワー〉,verified,1.0,True,True,hotel name matches Jalan page; location context consistent,https://search.yahoo.co.jp/search?p=%22%E3%82%A2%E3%83%91%E3%83%9B%E3%83%86%E3%83%AB%26%E3%83%AA%E3%82%BE%E3%83%BC%E3%83%88%E3%80%88%E5%A4%A7%E9%98%AA%E6%A2%85%E7%94%B0%E9%A7%85%E3%82%BF%E3%83%AF%E3%83%BC%E3%80%89%22%20%E3%81%98%E3%82%83%E3%82%89%E3%82%93,https://www.jalan.net/yad307700/,2026-08-08T16:29:20+09:00,
568,stage-190-1,ホテル京阪 天満橋駅前,大阪府,森ノ宮・大阪城公園,天満橋,stage-190,190,COOL JAPAN PARK OSAKA WWホール,1,stage,,ホテル京阪 天満橋駅前,needs_review,1.0,True,True,multiple Jalan candidates have similar scores,https://search.yahoo.co.jp/search?p=%22%E3%83%9B%E3%83%86%E3%83%AB%E4%BA%AC%E9%98%AA%20%E5%A4%A9%E6%BA%80%E6%A9%8B%E9%A7%85%E5%89%8D%22%20%E3%81%98%E3%82%83%E3%82%89%E3%82%93,https://www.jalan.net/yad350686/,2026-08-08T16:29:24+09:00,
569,stage-190-2,アパホテル〈大阪谷町四丁目駅前〉,大阪府,森ノ宮・大阪城公園,谷町四丁目,stage-190,190,COOL JAPAN PARK OSAKA WWホール,2,stage,https://www.jalan.net/yad325328/,アパホテル〈大阪谷町四丁目駅前〉,verified,1.0,True,True,hotel name matches Jalan page; location context consistent,https://search.yahoo.co.jp/search?p=%22%E3%82%A2%E3%83%91%E3%83%9B%E3%83%86%E3%83%AB%E3%80%88%E5%A4%A7%E9%98%AA%E8%B0%B7%E7%94%BA%E5%9B%9B%E4%B8%81%E7%9B%AE%E9%A7%85%E5%89%8D%E3%80%89%22%20%E3%81%98%E3%82%83%E3%82%89%E3%82%93,https://www.jalan.net/yad325328/,2026-08-08T16:29:28+09:00,
570,stage-190-3,ホテル・ザ・ルーテル,大阪府,森ノ宮・大阪城公園,谷町四丁目,stage-190,190,COOL JAPAN PARK OSAKA WWホール,3,stage,https://www.jalan.net/yad307470/,ホテル・ザ・ルーテル,verified,1.0,True,True,hotel name matches Jalan page; location context consistent,https://search.yahoo.co.jp/search?p=%22%E3%83%9B%E3%83%86%E3%83%AB%E3%83%BB%E3%82%B6%E3%83%BB%E3%83%AB%E3%83%BC%E3%83%86%E3%83%AB%22%20%E3%81%98%E3%82%83%E3%82%89%E3%82%93,https://www.jalan.net/yad307470/,2026-08-08T16:29:31+09:00,
571,stage-191-1,ホテル京阪 天満橋駅前,大阪府,森ノ宮・大阪城公園,天満橋,stage-191,191,COOL JAPAN PARK OSAKA TTホール,1,stage,,ホテル京阪 天満橋駅前,needs_review,1.0,True,True,multiple Jalan candidates have similar scores,https://search.yahoo.co.jp/search?p=%22%E3%83%9B%E3%83%86%E3%83%AB%E4%BA%AC%E9%98%AA%20%E5%A4%A9%E6%BA%80%E6%A9%8B%E9%A7%85%E5%89%8D%22%20%E3%81%98%E3%82%83%E3%82%89%E3%82%93,https://www.jalan.net/yad350686/,2026-08-08T16:27:39+09:00,
572,stage-191-2,アパホテル〈大阪谷町四丁目駅前〉,大阪府,森ノ宮・大阪城公園,谷町四丁目,stage-191,191,COOL JAPAN PARK OSAKA TTホール,2,stage,https://www.jalan.net/yad325328/,アパホテル〈大阪谷町四丁目駅前〉,verified,1.0,True,True,hotel name matches Jalan page; location context consistent,https://search.yahoo.co.jp/search?p=%22%E3%82%A2%E3%83%91%E3%83%9B%E3%83%86%E3%83%AB%E3%80%88%E5%A4%A7%E9%98%AA%E8%B0%B7%E7%94%BA%E5%9B%9B%E4%B8%81%E7%9B%AE%E9%A7%85%E5%89%8D%E3%80%89%22%20%E3%81%98%E3%82%83%E3%82%89%E3%82%93,https://www.jalan.net/yad325328/,2026-08-08T16:27:43+09:00,
573,stage-191-3,ホテル・ザ・ルーテル,大阪府,森ノ宮・大阪城公園,谷町四丁目,stage-191,191,COOL JAPAN PARK OSAKA TTホール,3,stage,https://www.jalan.net/yad307470/,ホテル・ザ・ルーテル,verified,1.0,True,True,hotel name matches Jalan page; location context consistent,https://search.yahoo.co.jp/search?p=%22%E3%83%9B%E3%83%86%E3%83%AB%E3%83%BB%E3%82%B6%E3%83%BB%E3%83%AB%E3%83%BC%E3%83%86%E3%83%AB%22%20%E3%81%98%E3%82%83%E3%82%89%E3%82%93,https://www.jalan.net/yad307470/,2026-08-08T16:27:48+09:00,
574,stage-192-1,ホテル京阪 天満橋駅前,大阪府,森ノ宮・大阪城公園,天満橋,stage-192,192,COOL JAPAN PARK OSAKA SSホール,1,stage,,ホテル京阪 天満橋駅前,needs_review,1.0,True,True,multiple Jalan candidates have similar scores,https://search.yahoo.co.jp/search?p=%22%E3%83%9B%E3%83%86%E3%83%AB%E4%BA%AC%E9%98%AA%20%E5%A4%A9%E6%BA%80%E6%A9%8B%E9%A7%85%E5%89%8D%22%20%E3%81%98%E3%82%83%E3%82%89%E3%82%93,https://www.jalan.net/yad350686/,2026-08-08T16:27:39+09:00,
575,stage-192-2,アパホテル〈大阪谷町四丁目駅前〉,大阪府,森ノ宮・大阪城公園,谷町四丁目,stage-192,192,COOL JAPAN PARK OSAKA SSホール,2,stage,https://www.jalan.net/yad325328/,アパホテル〈大阪谷町四丁目駅前〉,verified,1.0,True,True,hotel name matches Jalan page; location context consistent,https://search.yahoo.co.jp/search?p=%22%E3%82%A2%E3%83%91%E3%83%9B%E3%83%86%E3%83%AB%E3%80%88%E5%A4%A7%E9%98%AA%E8%B0%B7%E7%94%BA%E5%9B%9B%E4%B8%81%E7%9B%AE%E9%A7%85%E5%89%8D%E3%80%89%22%20%E3%81%98%E3%82%83%E3%82%89%E3%82%93,https://www.jalan.net/yad325328/,2026-08-08T16:27:43+09:00,
576,stage-192-3,ホテル・ザ・ルーテル,大阪府,森ノ宮・大阪城公園,谷町四丁目,stage-192,192,COOL JAPAN PARK OSAKA SSホール,3,stage,https://www.jalan.net/yad307470/,ホテル・ザ・ルーテル,verified,1.0,True,True,hotel name matches Jalan page; location context consistent,https://search.yahoo.co.jp/search?p=%22%E3%83%9B%E3%83%86%E3%83%AB%E3%83%BB%E3%82%B6%E3%83%BB%E3%83%AB%E3%83%BC%E3%83%86%E3%83%AB%22%20%E3%81%98%E3%82%83%E3%82%89%E3%82%93,https://www.jalan.net/yad307470/,2026-08-08T16:27:48+09:00,
577,stage-193-1,都シティ 大阪天王寺,大阪府,大阪上本町・谷町九丁目,天王寺,stage-193,193,新歌舞伎座,1,stage,https://www.jalan.net/yad348176/,都シティ 大阪天王寺,verified,1.0,True,True,hotel name matches Jalan page; location context consistent,https://search.yahoo.co.jp/search?p=%22%E9%83%BD%E3%82%B7%E3%83%86%E3%82%A3%20%E5%A4%A7%E9%98%AA%E5%A4%A9%E7%8E%8B%E5%AF%BA%22%20%E3%81%98%E3%82%83%E3%82%89%E3%82%93,https://www.jalan.net/yad348176/,2026-08-08T16:27:53+09:00,
578,stage-193-2,ヴィアインあべの天王寺,大阪府,大阪上本町・谷町九丁目,天王寺,stage-193,193,新歌舞伎座,2,stage,https://www.jalan.net/yad310538/,ＪＲ西日本グループ ヴィアインあべの天王寺,verified,0.97,True,True,hotel name matches Jalan page; location context consistent,https://search.yahoo.co.jp/search?p=%22%E3%83%B4%E3%82%A3%E3%82%A2%E3%82%A4%E3%83%B3%E3%81%82%E3%81%B9%E3%81%AE%E5%A4%A9%E7%8E%8B%E5%AF%BA%22%20%E3%81%98%E3%82%83%E3%82%89%E3%82%93,https://www.jalan.net/yad310538/,2026-08-08T16:27:57+09:00,
579,stage-193-3,アパホテル〈天王寺駅前〉,大阪府,大阪上本町・谷町九丁目,天王寺,stage-193,193,新歌舞伎座,3,stage,https://www.jalan.net/yad315071/,アパホテル〈天王寺駅前〉,verified,1.0,True,True,hotel name matches Jalan page; location context consistent,https://search.yahoo.co.jp/search?p=%22%E3%82%A2%E3%83%91%E3%83%9B%E3%83%86%E3%83%AB%E3%80%88%E5%A4%A9%E7%8E%8B%E5%AF%BA%E9%A7%85%E5%89%8D%E3%80%89%22%20%E3%81%98%E3%82%83%E3%82%89%E3%82%93,https://www.jalan.net/yad315071/,2026-08-08T16:28:01+09:00,
580,stage-194-1,相鉄フレッサイン 大阪なんば駅前,大阪府,なんば・道頓堀,なんば,stage-194,194,大阪松竹座,1,stage,https://www.jalan.net/yad335175/,相鉄フレッサイン大阪なんば駅前,verified,1.0,True,True,hotel name matches Jalan page; location context consistent,https://search.yahoo.co.jp/search?p=%22%E7%9B%B8%E9%89%84%E3%83%95%E3%83%AC%E3%83%83%E3%82%B5%E3%82%A4%E3%83%B3%20%E5%A4%A7%E9%98%AA%E3%81%AA%E3%82%93%E3%81%B0%E9%A7%85%E5%89%8D%22%20%E3%81%98%E3%82%83%E3%82%89%E3%82%93,https://www.jalan.net/yad335175/,2026-08-08T16:28:06+09:00,
581,stage-194-2,ホテルグレイスリー大阪なんば,大阪府,なんば・道頓堀,なんば,stage-194,194,大阪松竹座,2,stage,https://www.jalan.net/yad330578/,ホテルグレイスリー大阪なんば,verified,1.0,True,True,hotel name matches Jalan page; location context consistent,https://search.yahoo.co.jp/search?p=%22%E3%83%9B%E3%83%86%E3%83%AB%E3%82%B0%E3%83%AC%E3%82%A4%E3%82%B9%E3%83%AA%E3%83%BC%E5%A4%A7%E9%98%AA%E3%81%AA%E3%82%93%E3%81%B0%22%20%E3%81%98%E3%82%83%E3%82%89%E3%82%93,https://www.jalan.net/yad330578/,2026-08-08T16:28:10+09:00,
582,stage-194-3,アパホテル〈なんば駅東〉,大阪府,なんば・道頓堀,なんば,stage-194,194,大阪松竹座,3,stage,https://www.jalan.net/yad389677/,アパホテル〈なんば駅東〉,verified,1.0,True,True,hotel name matches Jalan page; location context consistent,https://search.yahoo.co.jp/search?p=%22%E3%82%A2%E3%83%91%E3%83%9B%E3%83%86%E3%83%AB%E3%80%88%E3%81%AA%E3%82%93%E3%81%B0%E9%A7%85%E6%9D%B1%E3%80%89%22%20%E3%81%98%E3%82%83%E3%82%89%E3%82%93,https://www.jalan.net/yad389677/,2026-08-08T16:28:14+09:00,
583,stage-195-1,ヴィアインプライム心斎橋四ツ橋,大阪府,本町・四ツ橋,四ツ橋,stage-195,195,オリックス劇場,1,stage,https://www.jalan.net/yad341583/,ＪＲ西日本グループ ヴィアインプライム心斎橋四ツ橋,verified,0.97,True,True,hotel name matches Jalan page; location context consistent,https://search.yahoo.co.jp/search?p=%22%E3%83%B4%E3%82%A3%E3%82%A2%E3%82%A4%E3%83%B3%E3%83%97%E3%83%A9%E3%82%A4%E3%83%A0%E5%BF%83%E6%96%8E%E6%A9%8B%E5%9B%9B%E3%83%84%E6%A9%8B%22%20%E3%81%98%E3%82%83%E3%82%89%E3%82%93,https://www.jalan.net/yad341583/,2026-08-08T16:28:22+09:00,
584,stage-195-2,ハートンホテル心斎橋,大阪府,本町・四ツ橋,心斎橋,stage-195,195,オリックス劇場,2,stage,https://www.jalan.net/yad320736/,ハートンホテル心斎橋,verified,1.0,True,True,hotel name matches Jalan page; location context consistent,https://search.yahoo.co.jp/search?p=%22%E3%83%8F%E3%83%BC%E3%83%88%E3%83%B3%E3%83%9B%E3%83%86%E3%83%AB%E5%BF%83%E6%96%8E%E6%A9%8B%22%20%E3%81%98%E3%82%83%E3%82%89%E3%82%93,https://www.jalan.net/yad320736/,2026-08-08T16:28:26+09:00,
585,stage-195-3,ホテルマイステイズ心斎橋,大阪府,本町・四ツ橋,心斎橋,stage-195,195,オリックス劇場,3,stage,https://www.jalan.net/yad321467/,ホテルマイステイズ心斎橋,verified,1.0,True,True,hotel name matches Jalan page; location context consistent,https://search.yahoo.co.jp/search?p=%22%E3%83%9B%E3%83%86%E3%83%AB%E3%83%9E%E3%82%A4%E3%82%B9%E3%83%86%E3%82%A4%E3%82%BA%E5%BF%83%E6%96%8E%E6%A9%8B%22%20%E3%81%98%E3%82%83%E3%82%89%E3%82%93,https://www.jalan.net/yad321467/,2026-08-08T16:28:30+09:00,
586,stage-196-1,ホテル阪急レスパイア大阪,大阪府,西梅田,大阪・梅田,stage-196,196,サンケイホールブリーゼ,1,stage,https://www.jalan.net/yad304150/,ホテル阪急レスパイア大阪,verified,1.0,True,True,hotel name matches Jalan page; location context consistent,https://search.yahoo.co.jp/search?p=%22%E3%83%9B%E3%83%86%E3%83%AB%E9%98%AA%E6%80%A5%E3%83%AC%E3%82%B9%E3%83%91%E3%82%A4%E3%82%A2%E5%A4%A7%E9%98%AA%22%20%E3%81%98%E3%82%83%E3%82%89%E3%82%93,https://www.jalan.net/yad304150/,2026-08-08T16:28:35+09:00,
587,stage-196-2,ホテルインターゲート大阪 梅田,大阪府,西梅田,大阪・梅田,stage-196,196,サンケイホールブリーゼ,2,stage,https://www.jalan.net/yad333950/,ホテルインターゲート大阪梅田,verified,1.0,True,True,hotel name matches Jalan page; location context consistent,https://search.yahoo.co.jp/search?p=%22%E3%83%9B%E3%83%86%E3%83%AB%E3%82%A4%E3%83%B3%E3%82%BF%E3%83%BC%E3%82%B2%E3%83%BC%E3%83%88%E5%A4%A7%E9%98%AA%20%E6%A2%85%E7%94%B0%22%20%E3%81%98%E3%82%83%E3%82%89%E3%82%93,https://www.jalan.net/yad333950/,2026-08-08T16:28:39+09:00,
588,stage-196-3,アパホテル&リゾート〈大阪梅田駅タワー〉,大阪府,西梅田,梅田,stage-196,196,サンケイホールブリーゼ,3,stage,https://www.jalan.net/yad307700/,アパホテル＆リゾート〈大阪梅田駅タワー〉,verified,1.0,True,True,hotel name matches Jalan page; location context consistent,https://search.yahoo.co.jp/search?p=%22%E3%82%A2%E3%83%91%E3%83%9B%E3%83%86%E3%83%AB%26%E3%83%AA%E3%82%BE%E3%83%BC%E3%83%88%E3%80%88%E5%A4%A7%E9%98%AA%E6%A2%85%E7%94%B0%E9%A7%85%E3%82%BF%E3%83%AF%E3%83%BC%E3%80%89%22%20%E3%81%98%E3%82%83%E3%82%89%E3%82%93,https://www.jalan.net/yad307700/,2026-08-08T16:28:43+09:00,
589,stage-197-1,都シティ 大阪天王寺,大阪府,天王寺・阿倍野,天王寺,stage-197,197,近鉄アート館,1,stage,https://www.jalan.net/yad348176/,都シティ 大阪天王寺,verified,1.0,True,True,hotel name matches Jalan page; location context consistent,https://search.yahoo.co.jp/search?p=%22%E9%83%BD%E3%82%B7%E3%83%86%E3%82%A3%20%E5%A4%A7%E9%98%AA%E5%A4%A9%E7%8E%8B%E5%AF%BA%22%20%E3%81%98%E3%82%83%E3%82%89%E3%82%93,https://www.jalan.net/yad348176/,2026-08-08T16:27:53+09:00,
590,stage-197-2,ヴィアインあべの天王寺,大阪府,天王寺・阿倍野,天王寺,stage-197,197,近鉄アート館,2,stage,https://www.jalan.net/yad310538/,ＪＲ西日本グループ ヴィアインあべの天王寺,verified,0.97,True,True,hotel name matches Jalan page; location context consistent,https://search.yahoo.co.jp/search?p=%22%E3%83%B4%E3%82%A3%E3%82%A2%E3%82%A4%E3%83%B3%E3%81%82%E3%81%B9%E3%81%AE%E5%A4%A9%E7%8E%8B%E5%AF%BA%22%20%E3%81%98%E3%82%83%E3%82%89%E3%82%93,https://www.jalan.net/yad310538/,2026-08-08T16:27:57+09:00,
591,stage-197-3,アパホテル〈天王寺駅前〉,大阪府,天王寺・阿倍野,天王寺,stage-197,197,近鉄アート館,3,stage,https://www.jalan.net/yad315071/,アパホテル〈天王寺駅前〉,verified,1.0,True,True,hotel name matches Jalan page; location context consistent,https://search.yahoo.co.jp/search?p=%22%E3%82%A2%E3%83%91%E3%83%9B%E3%83%86%E3%83%AB%E3%80%88%E5%A4%A9%E7%8E%8B%E5%AF%BA%E9%A7%85%E5%89%8D%E3%80%89%22%20%E3%81%98%E3%82%83%E3%82%89%E3%82%93,https://www.jalan.net/yad315071/,2026-08-08T16:28:01+09:00,
592,stage-198-1,ホテル京阪 天満橋駅前,大阪府,森ノ宮,天満橋,stage-198,198,森ノ宮ピロティホール,1,stage,,ホテル京阪 天満橋駅前,needs_review,1.0,True,True,multiple Jalan candidates have similar scores,https://search.yahoo.co.jp/search?p=%22%E3%83%9B%E3%83%86%E3%83%AB%E4%BA%AC%E9%98%AA%20%E5%A4%A9%E6%BA%80%E6%A9%8B%E9%A7%85%E5%89%8D%22%20%E3%81%98%E3%82%83%E3%82%89%E3%82%93,https://www.jalan.net/yad350686/,2026-08-08T16:27:39+09:00,
593,stage-198-2,アパホテル〈大阪谷町四丁目駅前〉,大阪府,森ノ宮,谷町四丁目,stage-198,198,森ノ宮ピロティホール,2,stage,https://www.jalan.net/yad325328/,アパホテル〈大阪谷町四丁目駅前〉,verified,1.0,True,True,hotel name matches Jalan page; location context consistent,https://search.yahoo.co.jp/search?p=%22%E3%82%A2%E3%83%91%E3%83%9B%E3%83%86%E3%83%AB%E3%80%88%E5%A4%A7%E9%98%AA%E8%B0%B7%E7%94%BA%E5%9B%9B%E4%B8%81%E7%9B%AE%E9%A7%85%E5%89%8D%E3%80%89%22%20%E3%81%98%E3%82%83%E3%82%89%E3%82%93,https://www.jalan.net/yad325328/,2026-08-08T16:27:43+09:00,
594,stage-198-3,ホテル・ザ・ルーテル,大阪府,森ノ宮,谷町四丁目,stage-198,198,森ノ宮ピロティホール,3,stage,https://www.jalan.net/yad307470/,ホテル・ザ・ルーテル,verified,1.0,True,True,hotel name matches Jalan page; location context consistent,https://search.yahoo.co.jp/search?p=%22%E3%83%9B%E3%83%86%E3%83%AB%E3%83%BB%E3%82%B6%E3%83%BB%E3%83%AB%E3%83%BC%E3%83%86%E3%83%AB%22%20%E3%81%98%E3%82%83%E3%82%89%E3%82%93,https://www.jalan.net/yad307470/,2026-08-08T16:27:48+09:00,
595,stage-199-1,ホテル京阪 天満橋駅前,大阪府,谷町四丁目,天満橋,stage-199,199,NHK大阪ホール,1,stage,,ホテル京阪 天満橋駅前,needs_review,1.0,True,True,multiple Jalan candidates have similar scores,https://search.yahoo.co.jp/search?p=%22%E3%83%9B%E3%83%86%E3%83%AB%E4%BA%AC%E9%98%AA%20%E5%A4%A9%E6%BA%80%E6%A9%8B%E9%A7%85%E5%89%8D%22%20%E3%81%98%E3%82%83%E3%82%89%E3%82%93,https://www.jalan.net/yad350686/,2026-08-08T16:27:39+09:00,
596,stage-199-2,アパホテル〈大阪谷町四丁目駅前〉,大阪府,谷町四丁目,谷町四丁目,stage-199,199,NHK大阪ホール,2,stage,https://www.jalan.net/yad325328/,アパホテル〈大阪谷町四丁目駅前〉,verified,1.0,True,True,hotel name matches Jalan page; location context consistent,https://search.yahoo.co.jp/search?p=%22%E3%82%A2%E3%83%91%E3%83%9B%E3%83%86%E3%83%AB%E3%80%88%E5%A4%A7%E9%98%AA%E8%B0%B7%E7%94%BA%E5%9B%9B%E4%B8%81%E7%9B%AE%E9%A7%85%E5%89%8D%E3%80%89%22%20%E3%81%98%E3%82%83%E3%82%89%E3%82%93,https://www.jalan.net/yad325328/,2026-08-08T16:27:43+09:00,
597,stage-199-3,ホテル・ザ・ルーテル,大阪府,谷町四丁目,谷町四丁目,stage-199,199,NHK大阪ホール,3,stage,https://www.jalan.net/yad307470/,ホテル・ザ・ルーテル,verified,1.0,True,True,hotel name matches Jalan page; location context consistent,https://search.yahoo.co.jp/search?p=%22%E3%83%9B%E3%83%86%E3%83%AB%E3%83%BB%E3%82%B6%E3%83%BB%E3%83%AB%E3%83%BC%E3%83%86%E3%83%AB%22%20%E3%81%98%E3%82%83%E3%82%89%E3%82%93,https://www.jalan.net/yad307470/,2026-08-08T16:27:48+09:00,
598,stage-200-1,ホテル京阪 天満橋駅前,大阪府,大阪ビジネスパーク,天満橋,stage-200,200,松下IMPホール,1,stage,,ホテル京阪 天満橋駅前,needs_review,1.0,True,True,multiple Jalan candidates have similar scores,https://search.yahoo.co.jp/search?p=%22%E3%83%9B%E3%83%86%E3%83%AB%E4%BA%AC%E9%98%AA%20%E5%A4%A9%E6%BA%80%E6%A9%8B%E9%A7%85%E5%89%8D%22%20%E3%81%98%E3%82%83%E3%82%89%E3%82%93,https://www.jalan.net/yad350686/,2026-08-08T16:27:39+09:00,
599,stage-200-2,アパホテル〈大阪谷町四丁目駅前〉,大阪府,大阪ビジネスパーク,谷町四丁目,stage-200,200,松下IMPホール,2,stage,https://www.jalan.net/yad325328/,アパホテル〈大阪谷町四丁目駅前〉,verified,1.0,True,True,hotel name matches Jalan page; location context consistent,https://search.yahoo.co.jp/search?p=%22%E3%82%A2%E3%83%91%E3%83%9B%E3%83%86%E3%83%AB%E3%80%88%E5%A4%A7%E9%98%AA%E8%B0%B7%E7%94%BA%E5%9B%9B%E4%B8%81%E7%9B%AE%E9%A7%85%E5%89%8D%E3%80%89%22%20%E3%81%98%E3%82%83%E3%82%89%E3%82%93,https://www.jalan.net/yad325328/,2026-08-08T16:27:43+09:00,
600,stage-200-3,ホテル・ザ・ルーテル,大阪府,大阪ビジネスパーク,谷町四丁目,stage-200,200,松下IMPホール,3,stage,https://www.jalan.net/yad307470/,ホテル・ザ・ルーテル,verified,1.0,True,True,hotel name matches Jalan page; location context consistent,https://search.yahoo.co.jp/search?p=%22%E3%83%9B%E3%83%86%E3%83%AB%E3%83%BB%E3%82%B6%E3%83%BB%E3%83%AB%E3%83%BC%E3%83%86%E3%83%AB%22%20%E3%81%98%E3%82%83%E3%82%89%E3%82%93,https://www.jalan.net/yad307470/,2026-08-08T16:27:48+09:00,
601,stage-201-1,ホテル阪急レスパイア大阪,大阪府,梅田,大阪・梅田,stage-201,201,HEP HALL,1,stage,https://www.jalan.net/yad304150/,ホテル阪急レスパイア大阪,verified,1.0,True,True,hotel name matches Jalan page; location context consistent,https://search.yahoo.co.jp/search?p=%22%E3%83%9B%E3%83%86%E3%83%AB%E9%98%AA%E6%80%A5%E3%83%AC%E3%82%B9%E3%83%91%E3%82%A4%E3%82%A2%E5%A4%A7%E9%98%AA%22%20%E3%81%98%E3%82%83%E3%82%89%E3%82%93,https://www.jalan.net/yad304150/,2026-08-08T16:28:35+09:00,
602,stage-201-2,ホテルインターゲート大阪 梅田,大阪府,梅田,大阪・梅田,stage-201,201,HEP HALL,2,stage,https://www.jalan.net/yad333950/,ホテルインターゲート大阪梅田,verified,1.0,True,True,hotel name matches Jalan page; location context consistent,https://search.yahoo.co.jp/search?p=%22%E3%83%9B%E3%83%86%E3%83%AB%E3%82%A4%E3%83%B3%E3%82%BF%E3%83%BC%E3%82%B2%E3%83%BC%E3%83%88%E5%A4%A7%E9%98%AA%20%E6%A2%85%E7%94%B0%22%20%E3%81%98%E3%82%83%E3%82%89%E3%82%93,https://www.jalan.net/yad333950/,2026-08-08T16:28:39+09:00,
603,stage-201-3,アパホテル&リゾート〈大阪梅田駅タワー〉,大阪府,梅田,梅田,stage-201,201,HEP HALL,3,stage,https://www.jalan.net/yad307700/,アパホテル＆リゾート〈大阪梅田駅タワー〉,verified,1.0,True,True,hotel name matches Jalan page; location context consistent,https://search.yahoo.co.jp/search?p=%22%E3%82%A2%E3%83%91%E3%83%9B%E3%83%86%E3%83%AB%26%E3%83%AA%E3%82%BE%E3%83%BC%E3%83%88%E3%80%88%E5%A4%A7%E9%98%AA%E6%A2%85%E7%94%B0%E9%A7%85%E3%82%BF%E3%83%AF%E3%83%BC%E3%80%89%22%20%E3%81%98%E3%82%83%E3%82%89%E3%82%93,https://www.jalan.net/yad307700/,2026-08-08T16:28:43+09:00,
604,stage-202-1,相鉄フレッサイン 大阪なんば駅前,大阪府,なんば,なんば,stage-202,202,YES THEATER,1,stage,https://www.jalan.net/yad335175/,相鉄フレッサイン大阪なんば駅前,verified,1.0,True,True,hotel name matches Jalan page; location context consistent,https://search.yahoo.co.jp/search?p=%22%E7%9B%B8%E9%89%84%E3%83%95%E3%83%AC%E3%83%83%E3%82%B5%E3%82%A4%E3%83%B3%20%E5%A4%A7%E9%98%AA%E3%81%AA%E3%82%93%E3%81%B0%E9%A7%85%E5%89%8D%22%20%E3%81%98%E3%82%83%E3%82%89%E3%82%93,https://www.jalan.net/yad335175/,2026-08-08T16:28:06+09:00,
605,stage-202-2,ホテルグレイスリー大阪なんば,大阪府,なんば,なんば,stage-202,202,YES THEATER,2,stage,https://www.jalan.net/yad330578/,ホテルグレイスリー大阪なんば,verified,1.0,True,True,hotel name matches Jalan page; location context consistent,https://search.yahoo.co.jp/search?p=%22%E3%83%9B%E3%83%86%E3%83%AB%E3%82%B0%E3%83%AC%E3%82%A4%E3%82%B9%E3%83%AA%E3%83%BC%E5%A4%A7%E9%98%AA%E3%81%AA%E3%82%93%E3%81%B0%22%20%E3%81%98%E3%82%83%E3%82%89%E3%82%93,https://www.jalan.net/yad330578/,2026-08-08T16:28:10+09:00,
606,stage-202-3,アパホテル〈なんば駅東〉,大阪府,なんば,なんば,stage-202,202,YES THEATER,3,stage,https://www.jalan.net/yad389677/,アパホテル〈なんば駅東〉,verified,1.0,True,True,hotel name matches Jalan page; location context consistent,https://search.yahoo.co.jp/search?p=%22%E3%82%A2%E3%83%91%E3%83%9B%E3%83%86%E3%83%AB%E3%80%88%E3%81%AA%E3%82%93%E3%81%B0%E9%A7%85%E6%9D%B1%E3%80%89%22%20%E3%81%98%E3%82%83%E3%82%89%E3%82%93,https://www.jalan.net/yad389677/,2026-08-08T16:28:14+09:00,
607,stage-203-1,ホテル アゴーラ リージェンシー 大阪堺,大阪府,堺,堺,stage-203,203,堺市民芸術文化ホール フェニーチェ堺 大ホール,1,stage,https://www.jalan.net/yad392864/,ホテル アゴーラ リージェンシー 大阪堺,verified,1.0,True,False,hotel name matches Jalan page; location context consistent,https://search.yahoo.co.jp/search?p=%22%E3%83%9B%E3%83%86%E3%83%AB%20%E3%82%A2%E3%82%B4%E3%83%BC%E3%83%A9%20%E3%83%AA%E3%83%BC%E3%82%B8%E3%82%A7%E3%83%B3%E3%82%B7%E3%83%BC%20%E5%A4%A7%E9%98%AA%E5%A0%BA%22%20%E3%81%98%E3%82%83%E3%82%89%E3%82%93,https://www.jalan.net/yad392864/,2026-08-08T16:28:47+09:00,
608,stage-203-2,ダイワロイネットホテル大阪堺東,大阪府,堺,堺東,stage-203,203,堺市民芸術文化ホール フェニーチェ堺 大ホール,2,stage,https://www.jalan.net/yad358825/,ダイワロイネットホテル堺東,verified_fuzzy,0.9286,True,True,hotel name is a fuzzy/renamed match; location context consistent,https://search.yahoo.co.jp/search?p=%22%E3%83%80%E3%82%A4%E3%83%AF%E3%83%AD%E3%82%A4%E3%83%8D%E3%83%83%E3%83%88%E3%83%9B%E3%83%86%E3%83%AB%E5%A4%A7%E9%98%AA%E5%A0%BA%E6%9D%B1%22%20%E3%81%98%E3%82%83%E3%82%89%E3%82%93,https://www.jalan.net/yad358825/,2026-08-08T16:28:54+09:00,
609,stage-203-3,コンフォートホテル堺,大阪府,堺,堺,stage-203,203,堺市民芸術文化ホール フェニーチェ堺 大ホール,3,stage,https://www.jalan.net/yad386745/,コンフォートホテル堺,verified,1.0,True,False,hotel name matches Jalan page; location context consistent,https://search.yahoo.co.jp/search?p=%22%E3%82%B3%E3%83%B3%E3%83%95%E3%82%A9%E3%83%BC%E3%83%88%E3%83%9B%E3%83%86%E3%83%AB%E5%A0%BA%22%20%E3%81%98%E3%82%83%E3%82%89%E3%82%93,https://www.jalan.net/yad386745/,2026-08-08T16:27:30+09:00,
610,stage-204-1,ホテルアベストグランデ高槻,大阪府,高槻,高槻,stage-204,204,高槻城公園芸術文化劇場 南館 トリシマホール,1,stage,https://www.jalan.net/yad311732/,ホテルアベストグランデ高槻 なごみの湯,verified,0.97,True,True,hotel name matches Jalan page; location context consistent,https://search.yahoo.co.jp/search?p=%22%E3%83%9B%E3%83%86%E3%83%AB%E3%82%A2%E3%83%99%E3%82%B9%E3%83%88%E3%82%B0%E3%83%A9%E3%83%B3%E3%83%87%E9%AB%98%E6%A7%BB%22%20%E3%81%98%E3%82%83%E3%82%89%E3%82%93,https://www.jalan.net/yad311732/,2026-08-08T16:27:34+09:00,
611,stage-204-2,高槻W&Mホテル,大阪府,高槻,高槻市,stage-204,204,高槻城公園芸術文化劇場 南館 トリシマホール,2,stage,https://www.jalan.net/yad310603/,高槻Ｗ＆Ｍホテル,verified,1.0,True,True,hotel name matches Jalan page; location context consistent,https://search.yahoo.co.jp/search?p=%22%E9%AB%98%E6%A7%BBW%26M%E3%83%9B%E3%83%86%E3%83%AB%22%20%E3%81%98%E3%82%83%E3%82%89%E3%82%93,https://www.jalan.net/yad310603/,2026-08-08T16:27:38+09:00,
612,stage-204-3,ワークホテルアネックス天神の湯,大阪府,高槻,高槻,stage-204,204,高槻城公園芸術文化劇場 南館 トリシマホール,3,stage,https://www.jalan.net/yad310619/,ワークホテルアネックス天神の湯,verified,1.0,True,True,hotel name matches Jalan page; location context consistent,https://search.yahoo.co.jp/search?p=%22%E3%83%AF%E3%83%BC%E3%82%AF%E3%83%9B%E3%83%86%E3%83%AB%E3%82%A2%E3%83%8D%E3%83%83%E3%82%AF%E3%82%B9%E5%A4%A9%E7%A5%9E%E3%81%AE%E6%B9%AF%22%20%E3%81%98%E3%82%83%E3%82%89%E3%82%93,https://www.jalan.net/yad310619/,2026-08-08T16:27:41+09:00,
613,stage-205-1,大江戸温泉物語 箕面観光ホテル,大阪府,箕面船場阪大前,箕面,stage-205,205,東京建物 Brillia HALL 箕面 大ホール,1,stage,,,not_found,,,,no verified Jalan facility page found,https://search.yahoo.co.jp/search?p=%22%E5%A4%A7%E6%B1%9F%E6%88%B8%E6%B8%A9%E6%B3%89%E7%89%A9%E8%AA%9E%20%E7%AE%95%E9%9D%A2%E8%A6%B3%E5%85%89%E3%83%9B%E3%83%86%E3%83%AB%22%20%E3%81%98%E3%82%83%E3%82%89%E3%82%93,,2026-08-08T16:27:48+09:00,
614,stage-205-2,新大阪江坂東急REIホテル,大阪府,箕面船場阪大前,江坂,stage-205,205,東京建物 Brillia HALL 箕面 大ホール,2,stage,https://www.jalan.net/yad321471/,新大阪江坂東急REIホテル,verified,1.0,True,True,hotel name matches Jalan page; location context consistent,https://search.yahoo.co.jp/search?p=%22%E6%96%B0%E5%A4%A7%E9%98%AA%E6%B1%9F%E5%9D%82%E6%9D%B1%E6%80%A5REI%E3%83%9B%E3%83%86%E3%83%AB%22%20%E3%81%98%E3%82%83%E3%82%89%E3%82%93,https://www.jalan.net/yad321471/,2026-08-08T16:27:53+09:00,
615,stage-205-3,サニーストンホテル,大阪府,箕面船場阪大前,江坂,stage-205,205,東京建物 Brillia HALL 箕面 大ホール,3,stage,https://www.jalan.net/yad321466/,サニーストンホテル,verified,1.0,True,True,hotel name matches Jalan page; location context consistent,https://search.yahoo.co.jp/search?p=%22%E3%82%B5%E3%83%8B%E3%83%BC%E3%82%B9%E3%83%88%E3%83%B3%E3%83%9B%E3%83%86%E3%83%AB%22%20%E3%81%98%E3%82%83%E3%82%89%E3%82%93,https://www.jalan.net/yad321466/,2026-08-08T16:27:57+09:00,
616,stage-206-1,リッチモンドホテル東大阪,大阪府,八戸ノ里,長田,stage-206,206,東大阪市文化創造館 Dream House 大ホール,1,stage,https://www.jalan.net/yad316640/,リッチモンドホテル東大阪,verified,1.0,True,True,hotel name matches Jalan page; location context consistent,https://search.yahoo.co.jp/search?p=%22%E3%83%AA%E3%83%83%E3%83%81%E3%83%A2%E3%83%B3%E3%83%89%E3%83%9B%E3%83%86%E3%83%AB%E6%9D%B1%E5%A4%A7%E9%98%AA%22%20%E3%81%98%E3%82%83%E3%82%89%E3%82%93,https://www.jalan.net/yad316640/,2026-08-08T16:28:01+09:00,
617,stage-206-2,ホテルウィングインターナショナルセレクト東大阪,大阪府,八戸ノ里,長田,stage-206,206,東大阪市文化創造館 Dream House 大ホール,2,stage,,KOKO HOTEL 東大阪,needs_review,0.1714,True,True,candidate exists but name/location match is not strong enough,https://search.yahoo.co.jp/search?p=%22%E3%83%9B%E3%83%86%E3%83%AB%E3%82%A6%E3%82%A3%E3%83%B3%E3%82%B0%E3%82%A4%E3%83%B3%E3%82%BF%E3%83%BC%E3%83%8A%E3%82%B7%E3%83%A7%E3%83%8A%E3%83%AB%E3%82%BB%E3%83%AC%E3%82%AF%E3%83%88%E6%9D%B1%E5%A4%A7%E9%98%AA%22%20%E3%81%98%E3%82%83%E3%82%89%E3%82%93,https://www.jalan.net/yad338064/,2026-08-08T16:28:05+09:00,
618,stage-206-3,U・コミュニティホテル,大阪府,八戸ノ里,河内小阪,stage-206,206,東大阪市文化創造館 Dream House 大ホール,3,stage,https://www.jalan.net/yad335180/,U・コミュニティホテル（BBHホテルグループ）,verified,0.97,True,True,hotel name matches Jalan page; location context consistent,https://search.yahoo.co.jp/search?p=%22U%E3%83%BB%E3%82%B3%E3%83%9F%E3%83%A5%E3%83%8B%E3%83%86%E3%82%A3%E3%83%9B%E3%83%86%E3%83%AB%22%20%E3%81%98%E3%82%83%E3%82%89%E3%82%93,https://www.jalan.net/yad335180/,2026-08-08T16:28:08+09:00,
619,stage-207-1,ホテルA.P,大阪府,曽根・豊中,大阪空港・蛍池,stage-207,207,豊中市立文化芸術センター 大ホール,1,stage,https://www.jalan.net/yad320141/,ホテルA.P(大阪空港前),verified,0.97,True,True,hotel name matches Jalan page; location context consistent,https://search.yahoo.co.jp/search?p=%22%E3%83%9B%E3%83%86%E3%83%ABA.P%22%20%E3%81%98%E3%82%83%E3%82%89%E3%82%93,https://www.jalan.net/yad320141/,2026-08-08T16:28:15+09:00,
620,stage-207-2,東横INN大阪伊丹空港,大阪府,曽根・豊中,大阪空港,stage-207,207,豊中市立文化芸術センター 大ホール,2,stage,https://www.jalan.net/yad343786/,東横ＩＮＮ大阪伊丹空港,verified,1.0,True,True,hotel name matches Jalan page; location context consistent,https://search.yahoo.co.jp/search?p=%22%E6%9D%B1%E6%A8%AAINN%E5%A4%A7%E9%98%AA%E4%BC%8A%E4%B8%B9%E7%A9%BA%E6%B8%AF%22%20%E3%81%98%E3%82%83%E3%82%89%E3%82%93,https://www.jalan.net/yad343786/,2026-08-08T16:28:19+09:00,
621,stage-207-3,グリーンリッチホテル大阪空港前,大阪府,曽根・豊中,大阪空港,stage-207,207,豊中市立文化芸術センター 大ホール,3,stage,https://www.jalan.net/yad338432/,グリーンリッチホテル大阪空港前（人工温泉 二股湯の華）,verified,0.97,True,True,hotel name matches Jalan page; location context consistent,https://search.yahoo.co.jp/search?p=%22%E3%82%B0%E3%83%AA%E3%83%BC%E3%83%B3%E3%83%AA%E3%83%83%E3%83%81%E3%83%9B%E3%83%86%E3%83%AB%E5%A4%A7%E9%98%AA%E7%A9%BA%E6%B8%AF%E5%89%8D%22%20%E3%81%98%E3%82%83%E3%82%89%E3%82%93,https://www.jalan.net/yad338432/,2026-08-08T16:28:23+09:00,
622,stage-208-1,ラ・ジェント・ホテル大阪ベイ,大阪府,桜島・ユニバーサルシティ,桜島,stage-208,208,Zepp Osaka Bayside,1,stage,https://www.jalan.net/yad392884/,ラ・ジェント・ホテル大阪ベイ,verified,1.0,True,True,hotel name matches Jalan page; location context consistent,https://search.yahoo.co.jp/search?p=%22%E3%83%A9%E3%83%BB%E3%82%B8%E3%82%A7%E3%83%B3%E3%83%88%E3%83%BB%E3%83%9B%E3%83%86%E3%83%AB%E5%A4%A7%E9%98%AA%E3%83%99%E3%82%A4%22%20%E3%81%98%E3%82%83%E3%82%89%E3%82%93,https://www.jalan.net/yad392884/,2026-08-08T16:28:27+09:00,
623,stage-208-2,ザ シンギュラリ ホテル&スカイスパ アット ユニバーサル・スタジオ・ジャパン,大阪府,桜島・ユニバーサルシティ,ユニバーサルシティ,stage-208,208,Zepp Osaka Bayside,2,stage,,THE SINGULARI HOTEL ＆ SKYSPA at Universal Studios Japan,needs_review,0.0,True,True,candidate exists but name/location match is not strong enough,https://search.yahoo.co.jp/search?p=%22%E3%82%B6%20%E3%82%B7%E3%83%B3%E3%82%AE%E3%83%A5%E3%83%A9%E3%83%AA%20%E3%83%9B%E3%83%86%E3%83%AB%26%E3%82%B9%E3%82%AB%E3%82%A4%E3%82%B9%E3%83%91%20%E3%82%A2%E3%83%83%E3%83%88%20%E3%83%A6%E3%83%8B%E3%83%90%E3%83%BC%E3%82%B5%E3%83%AB%E3%83%BB%E3%82%B9%E3%82%BF%E3%82%B8%E3%82%AA%E3%83%BB%E3%82%B8%E3%83%A3%E3%83%91%E3%83%B3%22%20%E3%81%98%E3%82%83%E3%82%89%E3%82%93,https://www.jalan.net/yad332153/,2026-08-08T16:28:31+09:00,
624,stage-208-3,ホテル京阪 ユニバーサル・タワー,大阪府,桜島・ユニバーサルシティ,ユニバーサルシティ,stage-208,208,Zepp Osaka Bayside,3,stage,https://www.jalan.net/yad302815/,ホテル京阪 ユニバーサル・タワー,verified,1.0,True,True,hotel name matches Jalan page; location context consistent,https://search.yahoo.co.jp/search?p=%22%E3%83%9B%E3%83%86%E3%83%AB%E4%BA%AC%E9%98%AA%20%E3%83%A6%E3%83%8B%E3%83%90%E3%83%BC%E3%82%B5%E3%83%AB%E3%83%BB%E3%82%BF%E3%83%AF%E3%83%BC%22%20%E3%81%98%E3%82%83%E3%82%89%E3%82%93,https://www.jalan.net/yad302815/,2026-08-08T16:28:35+09:00,
625,stage-209-1,ANAクラウンプラザホテル神戸,兵庫県,新神戸,新神戸,stage-209,209,AiiA 2.5 Theater Kobe,1,stage,https://www.jalan.net/yad331340/,ANAクラウンプラザホテル神戸 by IHG,verified,1.0,True,True,hotel name matches Jalan page; location context consistent,https://search.yahoo.co.jp/search?p=%22ANA%E3%82%AF%E3%83%A9%E3%82%A6%E3%83%B3%E3%83%97%E3%83%A9%E3%82%B6%E3%83%9B%E3%83%86%E3%83%AB%E7%A5%9E%E6%88%B8%22%20%E3%81%98%E3%82%83%E3%82%89%E3%82%93,https://www.jalan.net/yad331340/,2026-08-08T16:28:39+09:00,
626,stage-209-2,ホテルピエナ神戸,兵庫県,新神戸,三宮・新神戸,stage-209,209,AiiA 2.5 Theater Kobe,2,stage,https://www.jalan.net/yad320806/,ホテルピエナ神戸,verified,1.0,True,True,hotel name matches Jalan page; location context consistent,https://search.yahoo.co.jp/search?p=%22%E3%83%9B%E3%83%86%E3%83%AB%E3%83%94%E3%82%A8%E3%83%8A%E7%A5%9E%E6%88%B8%22%20%E3%81%98%E3%82%83%E3%82%89%E3%82%93,https://www.jalan.net/yad320806/,2026-08-08T16:28:43+09:00,
627,stage-209-3,神戸北野ホテル,兵庫県,新神戸,北野・三宮,stage-209,209,AiiA 2.5 Theater Kobe,3,stage,https://www.jalan.net/yad325790/,神戸北野ホテル,verified,1.0,True,True,hotel name matches Jalan page; location context consistent,https://search.yahoo.co.jp/search?p=%22%E7%A5%9E%E6%88%B8%E5%8C%97%E9%87%8E%E3%83%9B%E3%83%86%E3%83%AB%22%20%E3%81%98%E3%82%83%E3%82%89%E3%82%93,https://www.jalan.net/yad325790/,2026-08-08T16:28:47+09:00,
628,stage-210-1,神戸ルミナスホテル三宮,兵庫県,三宮,三宮,stage-210,210,神戸国際会館こくさいホール,1,stage,https://www.jalan.net/yad359879/,神戸ルミナスホテル三宮,verified,1.0,True,True,hotel name matches Jalan page; location context consistent,https://search.yahoo.co.jp/search?p=%22%E7%A5%9E%E6%88%B8%E3%83%AB%E3%83%9F%E3%83%8A%E3%82%B9%E3%83%9B%E3%83%86%E3%83%AB%E4%B8%89%E5%AE%AE%22%20%E3%81%98%E3%82%83%E3%82%89%E3%82%93,https://www.jalan.net/yad359879/,2026-08-08T16:28:51+09:00,
629,stage-210-2,ダイワロイネットホテル神戸三宮 PREMIER,兵庫県,三宮,三宮,stage-210,210,神戸国際会館こくさいホール,2,stage,https://www.jalan.net/yad398630/,ダイワロイネットホテル神戸三宮 PREMIER,verified,1.0,True,True,hotel name matches Jalan page; location context consistent,https://search.yahoo.co.jp/search?p=%22%E3%83%80%E3%82%A4%E3%83%AF%E3%83%AD%E3%82%A4%E3%83%8D%E3%83%83%E3%83%88%E3%83%9B%E3%83%86%E3%83%AB%E7%A5%9E%E6%88%B8%E4%B8%89%E5%AE%AE%20PREMIER%22%20%E3%81%98%E3%82%83%E3%82%89%E3%82%93,https://www.jalan.net/yad398630/,2026-08-08T16:28:54+09:00,
630,stage-210-3,コンフォートホテルERA神戸三宮,兵庫県,三宮,三宮,stage-210,210,神戸国際会館こくさいホール,3,stage,https://www.jalan.net/yad313503/,コンフォートホテルERA神戸三宮,verified,1.0,True,True,hotel name matches Jalan page; location context consistent,https://search.yahoo.co.jp/search?p=%22%E3%82%B3%E3%83%B3%E3%83%95%E3%82%A9%E3%83%BC%E3%83%88%E3%83%9B%E3%83%86%E3%83%ABERA%E7%A5%9E%E6%88%B8%E4%B8%89%E5%AE%AE%22%20%E3%81%98%E3%82%83%E3%82%89%E3%82%93,https://www.jalan.net/yad313503/,2026-08-08T16:28:59+09:00,
631,stage-211-1,ホテルヒューイット甲子園,兵庫県,西宮北口,甲子園,stage-211,211,兵庫県立芸術文化センター 阪急 中ホール,1,stage,https://www.jalan.net/yad323764/,ホテルヒューイット甲子園,verified,1.0,True,True,hotel name matches Jalan page; location context consistent,https://search.yahoo.co.jp/search?p=%22%E3%83%9B%E3%83%86%E3%83%AB%E3%83%92%E3%83%A5%E3%83%BC%E3%82%A4%E3%83%83%E3%83%88%E7%94%B2%E5%AD%90%E5%9C%92%22%20%E3%81%98%E3%82%83%E3%82%89%E3%82%93,https://www.jalan.net/yad323764/,2026-08-08T16:29:02+09:00,
632,stage-211-2,ホテル甲子園,兵庫県,西宮北口,甲子園,stage-211,211,兵庫県立芸術文化センター 阪急 中ホール,2,stage,https://www.jalan.net/yad319201/,ホテル甲子園,verified,1.0,True,True,hotel name matches Jalan page; location context consistent,https://search.yahoo.co.jp/search?p=%22%E3%83%9B%E3%83%86%E3%83%AB%E7%94%B2%E5%AD%90%E5%9C%92%22%20%E3%81%98%E3%82%83%E3%82%89%E3%82%93,https://www.jalan.net/yad319201/,2026-08-08T16:29:08+09:00,
633,stage-211-3,都ホテル 尼崎,兵庫県,西宮北口,尼崎,stage-211,211,兵庫県立芸術文化センター 阪急 中ホール,3,stage,https://www.jalan.net/yad353164/,都ホテル 尼崎,verified,1.0,True,True,hotel name matches Jalan page; location context consistent,https://search.yahoo.co.jp/search?p=%22%E9%83%BD%E3%83%9B%E3%83%86%E3%83%AB%20%E5%B0%BC%E5%B4%8E%22%20%E3%81%98%E3%82%83%E3%82%89%E3%82%93,https://www.jalan.net/yad353164/,2026-08-08T16:29:12+09:00,
634,stage-212-1,神戸ホテルジュラク,兵庫県,大倉山・神戸,神戸,stage-212,212,神戸文化ホール 大ホール,1,stage,https://www.jalan.net/yad354378/,神戸ホテルジュラク,verified,1.0,True,True,hotel name matches Jalan page; location context consistent,https://search.yahoo.co.jp/search?p=%22%E7%A5%9E%E6%88%B8%E3%83%9B%E3%83%86%E3%83%AB%E3%82%B8%E3%83%A5%E3%83%A9%E3%82%AF%22%20%E3%81%98%E3%82%83%E3%82%89%E3%82%93,https://www.jalan.net/yad354378/,2026-08-08T16:29:16+09:00,
635,stage-212-2,センチュリオンホテル グランド神戸駅前,兵庫県,大倉山・神戸,神戸,stage-212,212,神戸文化ホール 大ホール,2,stage,https://www.jalan.net/yad376156/,センチュリオンホテルグランド神戸駅前,verified,1.0,True,True,hotel name matches Jalan page; location context consistent,https://search.yahoo.co.jp/search?p=%22%E3%82%BB%E3%83%B3%E3%83%81%E3%83%A5%E3%83%AA%E3%82%AA%E3%83%B3%E3%83%9B%E3%83%86%E3%83%AB%20%E3%82%B0%E3%83%A9%E3%83%B3%E3%83%89%E7%A5%9E%E6%88%B8%E9%A7%85%E5%89%8D%22%20%E3%81%98%E3%82%83%E3%82%89%E3%82%93,https://www.jalan.net/yad376156/,2026-08-08T16:29:21+09:00,
636,stage-212-3,神戸シティガーデンズホテル,兵庫県,大倉山・神戸,神戸,stage-212,212,神戸文化ホール 大ホール,3,stage,https://www.jalan.net/yad312217/,神戸シティガーデンズホテル（旧 ホテル神戸四州園）,verified,0.97,True,True,hotel name matches Jalan page; location context consistent,https://search.yahoo.co.jp/search?p=%22%E7%A5%9E%E6%88%B8%E3%82%B7%E3%83%86%E3%82%A3%E3%82%AC%E3%83%BC%E3%83%87%E3%83%B3%E3%82%BA%E3%83%9B%E3%83%86%E3%83%AB%22%20%E3%81%98%E3%82%83%E3%82%89%E3%82%93,https://www.jalan.net/yad312217/,2026-08-08T16:29:24+09:00,
637,stage-213-1,神戸ルミナスホテル三宮,兵庫県,旧居留地・三宮,三宮,stage-213,213,神戸朝日ホール,1,stage,https://www.jalan.net/yad359879/,神戸ルミナスホテル三宮,verified,1.0,True,True,hotel name matches Jalan page; location context consistent,https://search.yahoo.co.jp/search?p=%22%E7%A5%9E%E6%88%B8%E3%83%AB%E3%83%9F%E3%83%8A%E3%82%B9%E3%83%9B%E3%83%86%E3%83%AB%E4%B8%89%E5%AE%AE%22%20%E3%81%98%E3%82%83%E3%82%89%E3%82%93,https://www.jalan.net/yad359879/,2026-08-08T16:28:51+09:00,
638,stage-213-2,ダイワロイネットホテル神戸三宮 PREMIER,兵庫県,旧居留地・三宮,三宮,stage-213,213,神戸朝日ホール,2,stage,https://www.jalan.net/yad398630/,ダイワロイネットホテル神戸三宮 PREMIER,verified,1.0,True,True,hotel name matches Jalan page; location context consistent,https://search.yahoo.co.jp/search?p=%22%E3%83%80%E3%82%A4%E3%83%AF%E3%83%AD%E3%82%A4%E3%83%8D%E3%83%83%E3%83%88%E3%83%9B%E3%83%86%E3%83%AB%E7%A5%9E%E6%88%B8%E4%B8%89%E5%AE%AE%20PREMIER%22%20%E3%81%98%E3%82%83%E3%82%89%E3%82%93,https://www.jalan.net/yad398630/,2026-08-08T16:28:54+09:00,
639,stage-213-3,コンフォートホテルERA神戸三宮,兵庫県,旧居留地・三宮,三宮,stage-213,213,神戸朝日ホール,3,stage,https://www.jalan.net/yad313503/,コンフォートホテルERA神戸三宮,verified,1.0,True,True,hotel name matches Jalan page; location context consistent,https://search.yahoo.co.jp/search?p=%22%E3%82%B3%E3%83%B3%E3%83%95%E3%82%A9%E3%83%BC%E3%83%88%E3%83%9B%E3%83%86%E3%83%ABERA%E7%A5%9E%E6%88%B8%E4%B8%89%E5%AE%AE%22%20%E3%81%98%E3%82%83%E3%82%89%E3%82%93,https://www.jalan.net/yad313503/,2026-08-08T16:28:59+09:00,
640,stage-214-1,ホテルモントレ姫路,兵庫県,姫路,姫路,stage-214,214,アクリエひめじ 大ホール,1,stage,https://www.jalan.net/yad359234/,ホテルモントレ姫路,verified,1.0,True,True,hotel name matches Jalan page; location context consistent,https://search.yahoo.co.jp/search?p=%22%E3%83%9B%E3%83%86%E3%83%AB%E3%83%A2%E3%83%B3%E3%83%88%E3%83%AC%E5%A7%AB%E8%B7%AF%22%20%E3%81%98%E3%82%83%E3%82%89%E3%82%93,https://www.jalan.net/yad359234/,2026-08-08T16:29:29+09:00,
641,stage-214-2,ダイワロイネットホテル姫路,兵庫県,姫路,姫路,stage-214,214,アクリエひめじ 大ホール,2,stage,https://www.jalan.net/yad351448/,ダイワロイネットホテル姫路,verified,1.0,True,True,hotel name matches Jalan page; location context consistent,https://search.yahoo.co.jp/search?p=%22%E3%83%80%E3%82%A4%E3%83%AF%E3%83%AD%E3%82%A4%E3%83%8D%E3%83%83%E3%83%88%E3%83%9B%E3%83%86%E3%83%AB%E5%A7%AB%E8%B7%AF%22%20%E3%81%98%E3%82%83%E3%82%89%E3%82%93,https://www.jalan.net/yad351448/,2026-08-08T16:29:33+09:00,
642,stage-214-3,リッチモンドホテル姫路,兵庫県,姫路,姫路,stage-214,214,アクリエひめじ 大ホール,3,stage,https://www.jalan.net/yad339890/,リッチモンドホテル姫路,verified,1.0,True,True,hotel name matches Jalan page; location context consistent,https://search.yahoo.co.jp/search?p=%22%E3%83%AA%E3%83%83%E3%83%81%E3%83%A2%E3%83%B3%E3%83%89%E3%83%9B%E3%83%86%E3%83%AB%E5%A7%AB%E8%B7%AF%22%20%E3%81%98%E3%82%83%E3%82%89%E3%82%93,https://www.jalan.net/yad339890/,2026-08-08T16:29:37+09:00,
643,stage-215-1,都ホテル 尼崎,兵庫県,尼崎,尼崎,stage-215,215,あましんアルカイックホール,1,stage,https://www.jalan.net/yad353164/,都ホテル 尼崎,verified,1.0,True,True,hotel name matches Jalan page; location context consistent,https://search.yahoo.co.jp/search?p=%22%E9%83%BD%E3%83%9B%E3%83%86%E3%83%AB%20%E5%B0%BC%E5%B4%8E%22%20%E3%81%98%E3%82%83%E3%82%89%E3%82%93,https://www.jalan.net/yad353164/,2026-08-08T16:29:12+09:00,
644,stage-215-2,ホテルヴィスキオ尼崎,兵庫県,尼崎,尼崎,stage-215,215,あましんアルカイックホール,2,stage,https://www.jalan.net/yad320322/,ホテルヴィスキオ尼崎,verified,1.0,True,True,hotel name matches Jalan page; location context consistent,https://search.yahoo.co.jp/search?p=%22%E3%83%9B%E3%83%86%E3%83%AB%E3%83%B4%E3%82%A3%E3%82%B9%E3%82%AD%E3%82%AA%E5%B0%BC%E5%B4%8E%22%20%E3%81%98%E3%82%83%E3%82%89%E3%82%93,https://www.jalan.net/yad320322/,2026-08-08T16:29:41+09:00,
645,stage-215-3,尼崎プラザホテル 阪神尼崎,兵庫県,尼崎,尼崎,stage-215,215,あましんアルカイックホール,3,stage,https://www.jalan.net/yad376618/,尼崎プラザホテル阪神尼崎,verified,1.0,True,True,hotel name matches Jalan page; location context consistent,https://search.yahoo.co.jp/search?p=%22%E5%B0%BC%E5%B4%8E%E3%83%97%E3%83%A9%E3%82%B6%E3%83%9B%E3%83%86%E3%83%AB%20%E9%98%AA%E7%A5%9E%E5%B0%BC%E5%B4%8E%22%20%E3%81%98%E3%82%83%E3%82%89%E3%82%93,https://www.jalan.net/yad376618/,2026-08-08T16:29:44+09:00,
646,stage-216-1,ホテルウィングインターナショナルプレミアム京都三条,京都府,岡崎・東山,三条・東山,stage-216,216,ロームシアター京都 メインホール,1,stage,,KOKO HOTEL 京都三条,needs_review,0.2105,True,True,candidate exists but name/location match is not strong enough,https://search.yahoo.co.jp/search?p=%22%E3%83%9B%E3%83%86%E3%83%AB%E3%82%A6%E3%82%A3%E3%83%B3%E3%82%B0%E3%82%A4%E3%83%B3%E3%82%BF%E3%83%BC%E3%83%8A%E3%82%B7%E3%83%A7%E3%83%8A%E3%83%AB%E3%83%97%E3%83%AC%E3%83%9F%E3%82%A2%E3%83%A0%E4%BA%AC%E9%83%BD%E4%B8%89%E6%9D%A1%22%20%E3%81%98%E3%82%83%E3%82%89%E3%82%93,https://www.jalan.net/yad330793/,2026-08-08T16:29:48+09:00,
647,stage-216-2,ホテルマテリアル,京都府,岡崎・東山,東山,stage-216,216,ロームシアター京都 メインホール,2,stage,,ＨＯＴＥＬ ＭＡＴＥＲＩＡＬ,needs_review,0.0,True,True,candidate exists but name/location match is not strong enough,https://search.yahoo.co.jp/search?p=%22%E3%83%9B%E3%83%86%E3%83%AB%E3%83%9E%E3%83%86%E3%83%AA%E3%82%A2%E3%83%AB%22%20%E3%81%98%E3%82%83%E3%82%89%E3%82%93,https://www.jalan.net/yad354346/,2026-08-08T16:27:30+09:00,
648,stage-216-3,ウェスティン都ホテル京都,京都府,岡崎・東山,蹴上,stage-216,216,ロームシアター京都 メインホール,3,stage,https://www.jalan.net/yad361088/,ウェスティン都ホテル京都,verified,1.0,True,True,hotel name matches Jalan page; location context consistent,https://search.yahoo.co.jp/search?p=%22%E3%82%A6%E3%82%A7%E3%82%B9%E3%83%86%E3%82%A3%E3%83%B3%E9%83%BD%E3%83%9B%E3%83%86%E3%83%AB%E4%BA%AC%E9%83%BD%22%20%E3%81%98%E3%82%83%E3%82%89%E3%82%93,https://www.jalan.net/yad361088/,2026-08-08T16:27:33+09:00,
649,stage-217-1,ホテルウィングインターナショナルプレミアム京都三条,京都府,岡崎・東山,三条・東山,stage-217,217,ロームシアター京都 サウスホール,1,stage,,KOKO HOTEL 京都三条,needs_review,0.2105,True,True,candidate exists but name/location match is not strong enough,https://search.yahoo.co.jp/search?p=%22%E3%83%9B%E3%83%86%E3%83%AB%E3%82%A6%E3%82%A3%E3%83%B3%E3%82%B0%E3%82%A4%E3%83%B3%E3%82%BF%E3%83%BC%E3%83%8A%E3%82%B7%E3%83%A7%E3%83%8A%E3%83%AB%E3%83%97%E3%83%AC%E3%83%9F%E3%82%A2%E3%83%A0%E4%BA%AC%E9%83%BD%E4%B8%89%E6%9D%A1%22%20%E3%81%98%E3%82%83%E3%82%89%E3%82%93,https://www.jalan.net/yad330793/,2026-08-08T16:27:36+09:00,
650,stage-217-2,ホテルマテリアル,京都府,岡崎・東山,東山,stage-217,217,ロームシアター京都 サウスホール,2,stage,,ＨＯＴＥＬ ＭＡＴＥＲＩＡＬ,needs_review,0.0,True,True,candidate exists but name/location match is not strong enough,https://search.yahoo.co.jp/search?p=%22%E3%83%9B%E3%83%86%E3%83%AB%E3%83%9E%E3%83%86%E3%83%AA%E3%82%A2%E3%83%AB%22%20%E3%81%98%E3%82%83%E3%82%89%E3%82%93,https://www.jalan.net/yad354346/,2026-08-08T16:27:30+09:00,
651,stage-217-3,ウェスティン都ホテル京都,京都府,岡崎・東山,蹴上,stage-217,217,ロームシアター京都 サウスホール,3,stage,https://www.jalan.net/yad361088/,ウェスティン都ホテル京都,verified,1.0,True,True,hotel name matches Jalan page; location context consistent,https://search.yahoo.co.jp/search?p=%22%E3%82%A6%E3%82%A7%E3%82%B9%E3%83%86%E3%82%A3%E3%83%B3%E9%83%BD%E3%83%9B%E3%83%86%E3%83%AB%E4%BA%AC%E9%83%BD%22%20%E3%81%98%E3%82%83%E3%82%89%E3%82%93,https://www.jalan.net/yad361088/,2026-08-08T16:27:33+09:00,
652,stage-218-1,都ホテル 京都八条,京都府,京都駅,京都,stage-218,218,京都劇場,1,stage,https://www.jalan.net/yad310077/,都ホテル 京都八条,verified,1.0,True,True,hotel name matches Jalan page; location context consistent,https://search.yahoo.co.jp/search?p=%22%E9%83%BD%E3%83%9B%E3%83%86%E3%83%AB%20%E4%BA%AC%E9%83%BD%E5%85%AB%E6%9D%A1%22%20%E3%81%98%E3%82%83%E3%82%89%E3%82%93,https://www.jalan.net/yad310077/,2026-08-08T16:27:39+09:00,
653,stage-218-2,ダイワロイネットホテル京都テラス八条 PREMIER,京都府,京都駅,京都,stage-218,218,京都劇場,2,stage,https://www.jalan.net/yad306786/,ダイワロイネットホテル京都テラス八条 PREMIER,verified,1.0,True,True,hotel name matches Jalan page; location context consistent,https://search.yahoo.co.jp/search?p=%22%E3%83%80%E3%82%A4%E3%83%AF%E3%83%AD%E3%82%A4%E3%83%8D%E3%83%83%E3%83%88%E3%83%9B%E3%83%86%E3%83%AB%E4%BA%AC%E9%83%BD%E3%83%86%E3%83%A9%E3%82%B9%E5%85%AB%E6%9D%A1%20PREMIER%22%20%E3%81%98%E3%82%83%E3%82%89%E3%82%93,https://www.jalan.net/yad306786/,2026-08-08T16:27:43+09:00,
654,stage-218-3,ヴィアインプライム京都駅八条口,京都府,京都駅,京都,stage-218,218,京都劇場,3,stage,https://www.jalan.net/yad367740/,ＪＲ西日本グループ ヴィアインプライム京都駅八条口,verified,0.97,True,True,hotel name matches Jalan page; location context consistent,https://search.yahoo.co.jp/search?p=%22%E3%83%B4%E3%82%A3%E3%82%A2%E3%82%A4%E3%83%B3%E3%83%97%E3%83%A9%E3%82%A4%E3%83%A0%E4%BA%AC%E9%83%BD%E9%A7%85%E5%85%AB%E6%9D%A1%E5%8F%A3%22%20%E3%81%98%E3%82%83%E3%82%89%E3%82%93,https://www.jalan.net/yad367740/,2026-08-08T16:27:46+09:00,
655,stage-219-1,ホテルミュッセ京都四条河原町名鉄,京都府,祇園四条,河原町,stage-219,219,南座,1,stage,https://www.jalan.net/yad391887/,ホテルミュッセ京都四条河原町名鉄,verified,1.0,True,True,hotel name matches Jalan page; location context consistent,https://search.yahoo.co.jp/search?p=%22%E3%83%9B%E3%83%86%E3%83%AB%E3%83%9F%E3%83%A5%E3%83%83%E3%82%BB%E4%BA%AC%E9%83%BD%E5%9B%9B%E6%9D%A1%E6%B2%B3%E5%8E%9F%E7%94%BA%E5%90%8D%E9%89%84%22%20%E3%81%98%E3%82%83%E3%82%89%E3%82%93,https://www.jalan.net/yad391887/,2026-08-08T16:27:49+09:00,
656,stage-219-2,京都セントラルイン,京都府,祇園四条,河原町,stage-219,219,南座,2,stage,https://www.jalan.net/yad353137/,京都セントラルイン,verified,1.0,True,True,hotel name matches Jalan page; location context consistent,https://search.yahoo.co.jp/search?p=%22%E4%BA%AC%E9%83%BD%E3%82%BB%E3%83%B3%E3%83%88%E3%83%A9%E3%83%AB%E3%82%A4%E3%83%B3%22%20%E3%81%98%E3%82%83%E3%82%89%E3%82%93,https://www.jalan.net/yad353137/,2026-08-08T16:27:53+09:00,
657,stage-219-3,ホテルフォルツァ京都四条河原町,京都府,祇園四条,河原町,stage-219,219,南座,3,stage,https://www.jalan.net/yad397375/,FORZAホテルフォルツァ京都四条河原町,verified,0.97,True,True,hotel name matches Jalan page; location context consistent,https://search.yahoo.co.jp/search?p=%22%E3%83%9B%E3%83%86%E3%83%AB%E3%83%95%E3%82%A9%E3%83%AB%E3%83%84%E3%82%A1%E4%BA%AC%E9%83%BD%E5%9B%9B%E6%9D%A1%E6%B2%B3%E5%8E%9F%E7%94%BA%22%20%E3%81%98%E3%82%83%E3%82%89%E3%82%93,https://www.jalan.net/yad397375/,2026-08-08T16:27:57+09:00,
658,stage-220-1,ホテル日航奈良,奈良県,奈良,奈良,stage-220,220,なら100年会館 大ホール,1,stage,https://www.jalan.net/yad399780/,ホテル日航奈良,verified,1.0,True,True,hotel name matches Jalan page; location context consistent,https://search.yahoo.co.jp/search?p=%22%E3%83%9B%E3%83%86%E3%83%AB%E6%97%A5%E8%88%AA%E5%A5%88%E8%89%AF%22%20%E3%81%98%E3%82%83%E3%82%89%E3%82%93,https://www.jalan.net/yad399780/,2026-08-08T16:28:00+09:00,
659,stage-220-2,ダイワロイネットホテル奈良,奈良県,奈良,奈良,stage-220,220,なら100年会館 大ホール,2,stage,https://www.jalan.net/yad308728/,天然温泉 奈良若草の湯 ダイワロイネットホテル奈良,verified,0.97,True,True,hotel name matches Jalan page; location context consistent,https://search.yahoo.co.jp/search?p=%22%E3%83%80%E3%82%A4%E3%83%AF%E3%83%AD%E3%82%A4%E3%83%8D%E3%83%83%E3%83%88%E3%83%9B%E3%83%86%E3%83%AB%E5%A5%88%E8%89%AF%22%20%E3%81%98%E3%82%83%E3%82%89%E3%82%93,https://www.jalan.net/yad308728/,2026-08-08T16:28:03+09:00,
660,stage-220-3,天然温泉 吉野桜の湯 御宿 野乃 奈良,奈良県,奈良,奈良,stage-220,220,なら100年会館 大ホール,3,stage,https://www.jalan.net/yad347886/,天然温泉 吉野桜の湯 御宿 野乃奈良（ドーミーインチェーン）,verified,0.97,True,True,hotel name matches Jalan page; location context consistent,https://search.yahoo.co.jp/search?p=%22%E5%A4%A9%E7%84%B6%E6%B8%A9%E6%B3%89%20%E5%90%89%E9%87%8E%E6%A1%9C%E3%81%AE%E6%B9%AF%20%E5%BE%A1%E5%AE%BF%20%E9%87%8E%E4%B9%83%20%E5%A5%88%E8%89%AF%22%20%E3%81%98%E3%82%83%E3%82%89%E3%82%93,https://www.jalan.net/yad347886/,2026-08-08T16:28:06+09:00,
661,stage-221-1,びわ湖ホテル,滋賀県,大津・びわ湖浜大津,びわ湖浜大津,stage-221,221,滋賀県立芸術劇場 びわ湖ホール 大ホール,1,stage,,琵琶湖ホテル,needs_review,0.6667,True,True,candidate exists but name/location match is not strong enough,https://search.yahoo.co.jp/search?p=%22%E3%81%B3%E3%82%8F%E6%B9%96%E3%83%9B%E3%83%86%E3%83%AB%22%20%E3%81%98%E3%82%83%E3%82%89%E3%82%93,https://www.jalan.net/yad379554/,2026-08-08T16:28:09+09:00,
662,stage-221-2,HOTEL 講 大津百町,滋賀県,大津・びわ湖浜大津,大津,stage-221,221,滋賀県立芸術劇場 びわ湖ホール 大ホール,2,stage,,,not_found,,,,no verified Jalan facility page found,https://search.yahoo.co.jp/search?p=%22HOTEL%20%E8%AC%9B%20%E5%A4%A7%E6%B4%A5%E7%99%BE%E7%94%BA%22%20%E3%81%98%E3%82%83%E3%82%89%E3%82%93,,2026-08-08T16:28:15+09:00,
663,stage-221-3,東横INN京都琵琶湖大津,滋賀県,大津・びわ湖浜大津,大津,stage-221,221,滋賀県立芸術劇場 びわ湖ホール 大ホール,3,stage,https://www.jalan.net/yad383697/,東横ＩＮＮ京都琵琶湖大津,verified,1.0,True,True,hotel name matches Jalan page; location context consistent,https://search.yahoo.co.jp/search?p=%22%E6%9D%B1%E6%A8%AAINN%E4%BA%AC%E9%83%BD%E7%90%B5%E7%90%B6%E6%B9%96%E5%A4%A7%E6%B4%A5%22%20%E3%81%98%E3%82%83%E3%82%89%E3%82%93,https://www.jalan.net/yad383697/,2026-08-08T16:28:18+09:00,
664,stage-222-1,ダイワロイネットホテル和歌山,和歌山県,和歌山,和歌山,stage-222,222,和歌山県民文化会館 大ホール,1,stage,https://www.jalan.net/yad318333/,ダイワロイネットホテル和歌山,verified,1.0,True,True,hotel name matches Jalan page; location context consistent,https://search.yahoo.co.jp/search?p=%22%E3%83%80%E3%82%A4%E3%83%AF%E3%83%AD%E3%82%A4%E3%83%8D%E3%83%83%E3%83%88%E3%83%9B%E3%83%86%E3%83%AB%E5%92%8C%E6%AD%8C%E5%B1%B1%22%20%E3%81%98%E3%82%83%E3%82%89%E3%82%93,https://www.jalan.net/yad318333/,2026-08-08T16:28:21+09:00,
665,stage-222-2,天然温泉 紀州の湯 ドーミーインPREMIUM和歌山,和歌山県,和歌山,和歌山,stage-222,222,和歌山県民文化会館 大ホール,2,stage,https://www.jalan.net/yad380232/,天然温泉 紀州の湯 ドーミーインＰＲＥＭＩＵＭ和歌山,verified,1.0,True,True,hotel name matches Jalan page; location context consistent,https://search.yahoo.co.jp/search?p=%22%E5%A4%A9%E7%84%B6%E6%B8%A9%E6%B3%89%20%E7%B4%80%E5%B7%9E%E3%81%AE%E6%B9%AF%20%E3%83%89%E3%83%BC%E3%83%9F%E3%83%BC%E3%82%A4%E3%83%B3PREMIUM%E5%92%8C%E6%AD%8C%E5%B1%B1%22%20%E3%81%98%E3%82%83%E3%82%89%E3%82%93,https://www.jalan.net/yad380232/,2026-08-08T16:28:24+09:00,
666,stage-222-3,コンフォートホテル和歌山,和歌山県,和歌山,和歌山,stage-222,222,和歌山県民文化会館 大ホール,3,stage,https://www.jalan.net/yad379936/,コンフォートホテル和歌山,verified,1.0,True,True,hotel name matches Jalan page; location context consistent,https://search.yahoo.co.jp/search?p=%22%E3%82%B3%E3%83%B3%E3%83%95%E3%82%A9%E3%83%BC%E3%83%88%E3%83%9B%E3%83%86%E3%83%AB%E5%92%8C%E6%AD%8C%E5%B1%B1%22%20%E3%81%98%E3%82%83%E3%82%89%E3%82%93,https://www.jalan.net/yad379936/,2026-08-08T16:28:27+09:00,
667,stage-223-1,三井ガーデンホテル岡山,岡山県,岡山,岡山,stage-223,223,岡山芸術創造劇場 ハレノワ 大劇場,1,stage,https://www.jalan.net/yad322766/,三井ガーデンホテル岡山(2026年8月 全館リニューアルオープン),verified,0.97,True,True,hotel name matches Jalan page; location context consistent,https://search.yahoo.co.jp/search?p=%22%E4%B8%89%E4%BA%95%E3%82%AC%E3%83%BC%E3%83%87%E3%83%B3%E3%83%9B%E3%83%86%E3%83%AB%E5%B2%A1%E5%B1%B1%22%20%E3%81%98%E3%82%83%E3%82%89%E3%82%93,https://www.jalan.net/yad322766/,2026-08-08T16:28:30+09:00,
668,stage-223-2,ダイワロイネットホテル岡山駅前,岡山県,岡山,岡山,stage-223,223,岡山芸術創造劇場 ハレノワ 大劇場,2,stage,https://www.jalan.net/yad304172/,ダイワロイネットホテル岡山駅前,verified,1.0,True,True,hotel name matches Jalan page; location context consistent,https://search.yahoo.co.jp/search?p=%22%E3%83%80%E3%82%A4%E3%83%AF%E3%83%AD%E3%82%A4%E3%83%8D%E3%83%83%E3%83%88%E3%83%9B%E3%83%86%E3%83%AB%E5%B2%A1%E5%B1%B1%E9%A7%85%E5%89%8D%22%20%E3%81%98%E3%82%83%E3%82%89%E3%82%93,https://www.jalan.net/yad304172/,2026-08-08T16:28:33+09:00,
669,stage-223-3,ホテルグランヴィア岡山,岡山県,岡山,岡山,stage-223,223,岡山芸術創造劇場 ハレノワ 大劇場,3,stage,https://www.jalan.net/yad318144/,ホテルグランヴィア岡山,verified,1.0,True,True,hotel name matches Jalan page; location context consistent,https://search.yahoo.co.jp/search?p=%22%E3%83%9B%E3%83%86%E3%83%AB%E3%82%B0%E3%83%A9%E3%83%B3%E3%83%B4%E3%82%A3%E3%82%A2%E5%B2%A1%E5%B1%B1%22%20%E3%81%98%E3%82%83%E3%82%89%E3%82%93,https://www.jalan.net/yad318144/,2026-08-08T16:28:36+09:00,
670,stage-224-1,倉敷アイビースクエア,岡山県,倉敷,倉敷,stage-224,224,倉敷市民会館,1,stage,https://www.jalan.net/yad315803/,倉敷アイビースクエア,verified,1.0,True,True,hotel name matches Jalan page; location context consistent,https://search.yahoo.co.jp/search?p=%22%E5%80%89%E6%95%B7%E3%82%A2%E3%82%A4%E3%83%93%E3%83%BC%E3%82%B9%E3%82%AF%E3%82%A8%E3%82%A2%22%20%E3%81%98%E3%82%83%E3%82%89%E3%82%93,https://www.jalan.net/yad315803/,2026-08-08T16:28:39+09:00,
671,stage-224-2,ロイヤルパークホテル倉敷,岡山県,倉敷,倉敷,stage-224,224,倉敷市民会館,2,stage,https://www.jalan.net/yad354682/,ロイヤルパークホテル倉敷,verified,1.0,True,True,hotel name matches Jalan page; location context consistent,https://search.yahoo.co.jp/search?p=%22%E3%83%AD%E3%82%A4%E3%83%A4%E3%83%AB%E3%83%91%E3%83%BC%E3%82%AF%E3%83%9B%E3%83%86%E3%83%AB%E5%80%89%E6%95%B7%22%20%E3%81%98%E3%82%83%E3%82%89%E3%82%93,https://www.jalan.net/yad354682/,2026-08-08T16:28:42+09:00,
672,stage-224-3,センチュリオンホテル&スパ倉敷,岡山県,倉敷,倉敷,stage-224,224,倉敷市民会館,3,stage,https://www.jalan.net/yad302526/,センチュリオンホテル＆スパ倉敷,verified,1.0,True,True,hotel name matches Jalan page; location context consistent,https://search.yahoo.co.jp/search?p=%22%E3%82%BB%E3%83%B3%E3%83%81%E3%83%A5%E3%83%AA%E3%82%AA%E3%83%B3%E3%83%9B%E3%83%86%E3%83%AB%26%E3%82%B9%E3%83%91%E5%80%89%E6%95%B7%22%20%E3%81%98%E3%82%83%E3%82%89%E3%82%93,https://www.jalan.net/yad302526/,2026-08-08T16:28:45+09:00,
673,stage-225-1,三井ガーデンホテル広島,広島県,広島・中区,広島・中区,stage-225,225,広島文化学園HBGホール,1,stage,https://www.jalan.net/yad391095/,三井ガーデンホテル広島,verified,1.0,True,True,hotel name matches Jalan page; location context consistent,https://search.yahoo.co.jp/search?p=%22%E4%B8%89%E4%BA%95%E3%82%AC%E3%83%BC%E3%83%87%E3%83%B3%E3%83%9B%E3%83%86%E3%83%AB%E5%BA%83%E5%B3%B6%22%20%E3%81%98%E3%82%83%E3%82%89%E3%82%93,https://www.jalan.net/yad391095/,2026-08-08T16:28:47+09:00,
674,stage-225-2,ダイワロイネットホテル広島,広島県,広島・中区,広島・中区,stage-225,225,広島文化学園HBGホール,2,stage,https://www.jalan.net/yad378150/,ダイワロイネットホテル広島,verified,1.0,True,True,hotel name matches Jalan page; location context consistent,https://search.yahoo.co.jp/search?p=%22%E3%83%80%E3%82%A4%E3%83%AF%E3%83%AD%E3%82%A4%E3%83%8D%E3%83%83%E3%83%88%E3%83%9B%E3%83%86%E3%83%AB%E5%BA%83%E5%B3%B6%22%20%E3%81%98%E3%82%83%E3%82%89%E3%82%93,https://www.jalan.net/yad378150/,2026-08-08T16:28:50+09:00,
675,stage-225-3,ホテルインターゲート広島,広島県,広島・中区,広島・中区,stage-225,225,広島文化学園HBGホール,3,stage,https://www.jalan.net/yad342016/,ホテルインターゲート広島,verified,1.0,True,True,hotel name matches Jalan page; location context consistent,https://search.yahoo.co.jp/search?p=%22%E3%83%9B%E3%83%86%E3%83%AB%E3%82%A4%E3%83%B3%E3%82%BF%E3%83%BC%E3%82%B2%E3%83%BC%E3%83%88%E5%BA%83%E5%B3%B6%22%20%E3%81%98%E3%82%83%E3%82%89%E3%82%93,https://www.jalan.net/yad342016/,2026-08-08T16:28:53+09:00,
676,stage-226-1,ホテルスイート広島 白島,広島県,白島・新白島,白島,stage-226,226,上野学園ホール,1,stage,https://www.jalan.net/yad306604/,ホテルスイート広島 白島,verified,1.0,True,True,hotel name matches Jalan page; location context consistent,https://search.yahoo.co.jp/search?p=%22%E3%83%9B%E3%83%86%E3%83%AB%E3%82%B9%E3%82%A4%E3%83%BC%E3%83%88%E5%BA%83%E5%B3%B6%20%E7%99%BD%E5%B3%B6%22%20%E3%81%98%E3%82%83%E3%82%89%E3%82%93,https://www.jalan.net/yad306604/,2026-08-08T16:28:56+09:00,
677,stage-226-2,ヴィアインプライム広島新幹線口,広島県,白島・新白島,広島,stage-226,226,上野学園ホール,2,stage,https://www.jalan.net/yad337466/,ＪＲ西日本グループ ヴィアインプライム広島新幹線口<紅葉の湯>,verified,0.97,True,True,hotel name matches Jalan page; location context consistent,https://search.yahoo.co.jp/search?p=%22%E3%83%B4%E3%82%A3%E3%82%A2%E3%82%A4%E3%83%B3%E3%83%97%E3%83%A9%E3%82%A4%E3%83%A0%E5%BA%83%E5%B3%B6%E6%96%B0%E5%B9%B9%E7%B7%9A%E5%8F%A3%22%20%E3%81%98%E3%82%83%E3%82%89%E3%82%93,https://www.jalan.net/yad337466/,2026-08-08T16:28:59+09:00,
678,stage-226-3,ダイワロイネットホテル広島駅前,広島県,白島・新白島,広島,stage-226,226,上野学園ホール,3,stage,https://www.jalan.net/yad365410/,ダイワロイネットホテル広島駅前,verified,1.0,True,True,hotel name matches Jalan page; location context consistent,https://search.yahoo.co.jp/search?p=%22%E3%83%80%E3%82%A4%E3%83%AF%E3%83%AD%E3%82%A4%E3%83%8D%E3%83%83%E3%83%88%E3%83%9B%E3%83%86%E3%83%AB%E5%BA%83%E5%B3%B6%E9%A7%85%E5%89%8D%22%20%E3%81%98%E3%82%83%E3%82%89%E3%82%93,https://www.jalan.net/yad365410/,2026-08-08T16:29:02+09:00,
679,stage-227-1,三井ガーデンホテル広島,広島県,広島・中区,広島・中区,stage-227,227,JMSアステールプラザ 大ホール,1,stage,https://www.jalan.net/yad391095/,三井ガーデンホテル広島,verified,1.0,True,True,hotel name matches Jalan page; location context consistent,https://search.yahoo.co.jp/search?p=%22%E4%B8%89%E4%BA%95%E3%82%AC%E3%83%BC%E3%83%87%E3%83%B3%E3%83%9B%E3%83%86%E3%83%AB%E5%BA%83%E5%B3%B6%22%20%E3%81%98%E3%82%83%E3%82%89%E3%82%93,https://www.jalan.net/yad391095/,2026-08-08T16:28:47+09:00,
680,stage-227-2,ダイワロイネットホテル広島,広島県,広島・中区,広島・中区,stage-227,227,JMSアステールプラザ 大ホール,2,stage,https://www.jalan.net/yad378150/,ダイワロイネットホテル広島,verified,1.0,True,True,hotel name matches Jalan page; location context consistent,https://search.yahoo.co.jp/search?p=%22%E3%83%80%E3%82%A4%E3%83%AF%E3%83%AD%E3%82%A4%E3%83%8D%E3%83%83%E3%83%88%E3%83%9B%E3%83%86%E3%83%AB%E5%BA%83%E5%B3%B6%22%20%E3%81%98%E3%82%83%E3%82%89%E3%82%93,https://www.jalan.net/yad378150/,2026-08-08T16:28:50+09:00,
681,stage-227-3,ホテルインターゲート広島,広島県,広島・中区,広島・中区,stage-227,227,JMSアステールプラザ 大ホール,3,stage,https://www.jalan.net/yad342016/,ホテルインターゲート広島,verified,1.0,True,True,hotel name matches Jalan page; location context consistent,https://search.yahoo.co.jp/search?p=%22%E3%83%9B%E3%83%86%E3%83%AB%E3%82%A4%E3%83%B3%E3%82%BF%E3%83%BC%E3%82%B2%E3%83%BC%E3%83%88%E5%BA%83%E5%B3%B6%22%20%E3%81%98%E3%82%83%E3%82%89%E3%82%93,https://www.jalan.net/yad342016/,2026-08-08T16:28:53+09:00,
682,stage-228-1,呉阪急ホテル,広島県,呉,呉,stage-228,228,呉信用金庫ホール,1,stage,https://www.jalan.net/yad320802/,呉阪急ホテル,verified,1.0,True,False,hotel name matches Jalan page; location context consistent,https://search.yahoo.co.jp/search?p=%22%E5%91%89%E9%98%AA%E6%80%A5%E3%83%9B%E3%83%86%E3%83%AB%22%20%E3%81%98%E3%82%83%E3%82%89%E3%82%93,https://www.jalan.net/yad320802/,2026-08-08T16:29:05+09:00,
683,stage-228-2,コンフォートホテル呉,広島県,呉,呉,stage-228,228,呉信用金庫ホール,2,stage,https://www.jalan.net/yad330900/,コンフォートホテル呉,verified,1.0,True,False,hotel name matches Jalan page; location context consistent,https://search.yahoo.co.jp/search?p=%22%E3%82%B3%E3%83%B3%E3%83%95%E3%82%A9%E3%83%BC%E3%83%88%E3%83%9B%E3%83%86%E3%83%AB%E5%91%89%22%20%E3%81%98%E3%82%83%E3%82%89%E3%82%93,https://www.jalan.net/yad330900/,2026-08-08T16:29:08+09:00,
684,stage-228-3,クレイトンベイホテル,広島県,呉,呉,stage-228,228,呉信用金庫ホール,3,stage,https://www.jalan.net/yad358100/,クレイトンベイホテル,verified,1.0,True,False,hotel name matches Jalan page; location context consistent,https://search.yahoo.co.jp/search?p=%22%E3%82%AF%E3%83%AC%E3%82%A4%E3%83%88%E3%83%B3%E3%83%99%E3%82%A4%E3%83%9B%E3%83%86%E3%83%AB%22%20%E3%81%98%E3%82%83%E3%82%89%E3%82%93,https://www.jalan.net/yad358100/,2026-08-08T16:29:11+09:00,
685,stage-229-1,福山ニューキャッスルホテル,広島県,福山,福山,stage-229,229,ふくやま芸術文化ホール リーデンローズ 大ホール,1,stage,https://www.jalan.net/yad321232/,福山ニューキャッスルホテル,verified,1.0,True,True,hotel name matches Jalan page; location context consistent,https://search.yahoo.co.jp/search?p=%22%E7%A6%8F%E5%B1%B1%E3%83%8B%E3%83%A5%E3%83%BC%E3%82%AD%E3%83%A3%E3%83%83%E3%82%B9%E3%83%AB%E3%83%9B%E3%83%86%E3%83%AB%22%20%E3%81%98%E3%82%83%E3%82%89%E3%82%93,https://www.jalan.net/yad321232/,2026-08-08T16:27:30+09:00,
686,stage-229-2,ダイワロイネットホテル福山駅前,広島県,福山,福山,stage-229,229,ふくやま芸術文化ホール リーデンローズ 大ホール,2,stage,https://www.jalan.net/yad377029/,ダイワロイネットホテル福山駅前,verified,1.0,True,True,hotel name matches Jalan page; location context consistent,https://search.yahoo.co.jp/search?p=%22%E3%83%80%E3%82%A4%E3%83%AF%E3%83%AD%E3%82%A4%E3%83%8D%E3%83%83%E3%83%88%E3%83%9B%E3%83%86%E3%83%AB%E7%A6%8F%E5%B1%B1%E9%A7%85%E5%89%8D%22%20%E3%81%98%E3%82%83%E3%82%89%E3%82%93,https://www.jalan.net/yad377029/,2026-08-08T16:27:33+09:00,
687,stage-229-3,リッチモンドホテル福山駅前,広島県,福山,福山,stage-229,229,ふくやま芸術文化ホール リーデンローズ 大ホール,3,stage,https://www.jalan.net/yad339594/,リッチモンドホテル福山駅前,verified,1.0,True,True,hotel name matches Jalan page; location context consistent,https://search.yahoo.co.jp/search?p=%22%E3%83%AA%E3%83%83%E3%83%81%E3%83%A2%E3%83%B3%E3%83%89%E3%83%9B%E3%83%86%E3%83%AB%E7%A6%8F%E5%B1%B1%E9%A7%85%E5%89%8D%22%20%E3%81%98%E3%82%83%E3%82%89%E3%82%93,https://www.jalan.net/yad339594/,2026-08-08T16:27:36+09:00,
688,stage-230-1,コンフォートホテル新山口,山口県,新山口,新山口,stage-230,230,KDDI維新ホール メインホール,1,stage,https://www.jalan.net/yad339664/,コンフォートホテル新山口,verified,1.0,True,True,hotel name matches Jalan page; location context consistent,https://search.yahoo.co.jp/search?p=%22%E3%82%B3%E3%83%B3%E3%83%95%E3%82%A9%E3%83%BC%E3%83%88%E3%83%9B%E3%83%86%E3%83%AB%E6%96%B0%E5%B1%B1%E5%8F%A3%22%20%E3%81%98%E3%82%83%E3%82%89%E3%82%93,https://www.jalan.net/yad339664/,2026-08-08T16:27:38+09:00,
689,stage-230-2,東横INN新山口駅新幹線口,山口県,新山口,新山口,stage-230,230,KDDI維新ホール メインホール,2,stage,https://www.jalan.net/yad347583/,東横ＩＮＮ 新山口駅新幹線口,verified,1.0,True,True,hotel name matches Jalan page; location context consistent,https://search.yahoo.co.jp/search?p=%22%E6%9D%B1%E6%A8%AAINN%E6%96%B0%E5%B1%B1%E5%8F%A3%E9%A7%85%E6%96%B0%E5%B9%B9%E7%B7%9A%E5%8F%A3%22%20%E3%81%98%E3%82%83%E3%82%89%E3%82%93,https://www.jalan.net/yad347583/,2026-08-08T16:27:41+09:00,
690,stage-230-3,ホテルアクティブ!山口,山口県,新山口,新山口,stage-230,230,KDDI維新ホール メインホール,3,stage,https://www.jalan.net/yad345205/,ホテルアクティブ！山口,verified,1.0,True,True,hotel name matches Jalan page; location context consistent,https://search.yahoo.co.jp/search?p=%22%E3%83%9B%E3%83%86%E3%83%AB%E3%82%A2%E3%82%AF%E3%83%86%E3%82%A3%E3%83%96%21%E5%B1%B1%E5%8F%A3%22%20%E3%81%98%E3%82%83%E3%82%89%E3%82%93,https://www.jalan.net/yad345205/,2026-08-08T16:27:43+09:00,
691,stage-231-1,松江エクセルホテル東急,島根県,松江,松江,stage-231,231,島根県民会館 大ホール,1,stage,https://www.jalan.net/yad378620/,松江エクセルホテル東急,verified,1.0,True,True,hotel name matches Jalan page; location context consistent,https://search.yahoo.co.jp/search?p=%22%E6%9D%BE%E6%B1%9F%E3%82%A8%E3%82%AF%E3%82%BB%E3%83%AB%E3%83%9B%E3%83%86%E3%83%AB%E6%9D%B1%E6%80%A5%22%20%E3%81%98%E3%82%83%E3%82%89%E3%82%93,https://www.jalan.net/yad378620/,2026-08-08T16:27:45+09:00,
692,stage-231-2,ドーミーインEXPRESS松江,島根県,松江,松江,stage-231,231,島根県民会館 大ホール,2,stage,https://www.jalan.net/yad377442/,ドーミーイン ＥＸＰＲＥＳＳ松江,verified,1.0,True,True,hotel name matches Jalan page; location context consistent,https://search.yahoo.co.jp/search?p=%22%E3%83%89%E3%83%BC%E3%83%9F%E3%83%BC%E3%82%A4%E3%83%B3EXPRESS%E6%9D%BE%E6%B1%9F%22%20%E3%81%98%E3%82%83%E3%82%89%E3%82%93,https://www.jalan.net/yad377442/,2026-08-08T16:27:48+09:00,
693,stage-231-3,ホテルルートイン松江,島根県,松江,松江,stage-231,231,島根県民会館 大ホール,3,stage,,天然温泉「旅人の湯」 ホテルルートイン松江,needs_review,0.97,True,True,multiple Jalan candidates have similar scores,https://search.yahoo.co.jp/search?p=%22%E3%83%9B%E3%83%86%E3%83%AB%E3%83%AB%E3%83%BC%E3%83%88%E3%82%A4%E3%83%B3%E6%9D%BE%E6%B1%9F%22%20%E3%81%98%E3%82%83%E3%82%89%E3%82%93,https://www.jalan.net/yad386217/,2026-08-08T16:27:51+09:00,
694,stage-232-1,ANAクラウンプラザホテル米子,鳥取県,米子,米子,stage-232,232,米子コンベンションセンター BiG SHiP 多目的ホール,1,stage,https://www.jalan.net/yad331034/,ANAクラウンプラザホテル米子 by IHG,verified,1.0,True,True,hotel name matches Jalan page; location context consistent,https://search.yahoo.co.jp/search?p=%22ANA%E3%82%AF%E3%83%A9%E3%82%A6%E3%83%B3%E3%83%97%E3%83%A9%E3%82%B6%E3%83%9B%E3%83%86%E3%83%AB%E7%B1%B3%E5%AD%90%22%20%E3%81%98%E3%82%83%E3%82%89%E3%82%93,https://www.jalan.net/yad331034/,2026-08-08T16:27:53+09:00,
695,stage-232-2,グリーンリッチホテル米子駅前,鳥取県,米子,米子,stage-232,232,米子コンベンションセンター BiG SHiP 多目的ホール,2,stage,https://www.jalan.net/yad337668/,グリーンリッチホテル米子駅前（人工温泉 二股湯の華）,verified,0.97,True,True,hotel name matches Jalan page; location context consistent,https://search.yahoo.co.jp/search?p=%22%E3%82%B0%E3%83%AA%E3%83%BC%E3%83%B3%E3%83%AA%E3%83%83%E3%83%81%E3%83%9B%E3%83%86%E3%83%AB%E7%B1%B3%E5%AD%90%E9%A7%85%E5%89%8D%22%20%E3%81%98%E3%82%83%E3%82%89%E3%82%93,https://www.jalan.net/yad337668/,2026-08-08T16:27:55+09:00,
696,stage-232-3,東横INN米子駅前,鳥取県,米子,米子,stage-232,232,米子コンベンションセンター BiG SHiP 多目的ホール,3,stage,https://www.jalan.net/yad326150/,東横ＩＮＮ米子駅前,verified,1.0,True,True,hotel name matches Jalan page; location context consistent,https://search.yahoo.co.jp/search?p=%22%E6%9D%B1%E6%A8%AAINN%E7%B1%B3%E5%AD%90%E9%A7%85%E5%89%8D%22%20%E3%81%98%E3%82%83%E3%82%89%E3%82%93,https://www.jalan.net/yad326150/,2026-08-08T16:27:58+09:00,
697,stage-233-1,JRホテルクレメント高松,香川県,高松,高松,stage-233,233,レクザムホール 大ホール,1,stage,https://www.jalan.net/yad302830/,ＪＲホテルクレメント高松,verified,1.0,True,True,hotel name matches Jalan page; location context consistent,https://search.yahoo.co.jp/search?p=%22JR%E3%83%9B%E3%83%86%E3%83%AB%E3%82%AF%E3%83%AC%E3%83%A1%E3%83%B3%E3%83%88%E9%AB%98%E6%9D%BE%22%20%E3%81%98%E3%82%83%E3%82%89%E3%82%93,https://www.jalan.net/yad302830/,2026-08-08T16:28:00+09:00,
698,stage-233-2,ダイワロイネットホテル高松,香川県,高松,高松,stage-233,233,レクザムホール 大ホール,2,stage,https://www.jalan.net/yad345014/,ダイワロイネットホテル高松,verified,1.0,True,True,hotel name matches Jalan page; location context consistent,https://search.yahoo.co.jp/search?p=%22%E3%83%80%E3%82%A4%E3%83%AF%E3%83%AD%E3%82%A4%E3%83%8D%E3%83%83%E3%83%88%E3%83%9B%E3%83%86%E3%83%AB%E9%AB%98%E6%9D%BE%22%20%E3%81%98%E3%82%83%E3%82%89%E3%82%93,https://www.jalan.net/yad345014/,2026-08-08T16:28:03+09:00,
699,stage-233-3,コンフォートホテル高松,香川県,高松,高松,stage-233,233,レクザムホール 大ホール,3,stage,https://www.jalan.net/yad304080/,コンフォートホテル高松,verified,1.0,True,True,hotel name matches Jalan page; location context consistent,https://search.yahoo.co.jp/search?p=%22%E3%82%B3%E3%83%B3%E3%83%95%E3%82%A9%E3%83%BC%E3%83%88%E3%83%9B%E3%83%86%E3%83%AB%E9%AB%98%E6%9D%BE%22%20%E3%81%98%E3%82%83%E3%82%89%E3%82%93,https://www.jalan.net/yad304080/,2026-08-08T16:28:06+09:00,
700,stage-234-1,JRホテルクレメント徳島,徳島県,徳島,徳島,stage-234,234,あわぎんホール,1,stage,https://www.jalan.net/yad312572/,ＪＲホテルクレメント徳島,verified,1.0,True,True,hotel name matches Jalan page; location context consistent,https://search.yahoo.co.jp/search?p=%22JR%E3%83%9B%E3%83%86%E3%83%AB%E3%82%AF%E3%83%AC%E3%83%A1%E3%83%B3%E3%83%88%E5%BE%B3%E5%B3%B6%22%20%E3%81%98%E3%82%83%E3%82%89%E3%82%93,https://www.jalan.net/yad312572/,2026-08-08T16:28:09+09:00,
701,stage-234-2,ダイワロイネットホテル徳島駅前,徳島県,徳島,徳島,stage-234,234,あわぎんホール,2,stage,https://www.jalan.net/yad370940/,ダイワロイネットホテル徳島駅前,verified,1.0,True,True,hotel name matches Jalan page; location context consistent,https://search.yahoo.co.jp/search?p=%22%E3%83%80%E3%82%A4%E3%83%AF%E3%83%AD%E3%82%A4%E3%83%8D%E3%83%83%E3%83%88%E3%83%9B%E3%83%86%E3%83%AB%E5%BE%B3%E5%B3%B6%E9%A7%85%E5%89%8D%22%20%E3%81%98%E3%82%83%E3%82%89%E3%82%93,https://www.jalan.net/yad370940/,2026-08-08T16:28:11+09:00,
702,stage-234-3,スマイルホテル徳島,徳島県,徳島,徳島,stage-234,234,あわぎんホール,3,stage,https://www.jalan.net/yad307165/,スマイルホテル徳島,verified,1.0,True,True,hotel name matches Jalan page; location context consistent,https://search.yahoo.co.jp/search?p=%22%E3%82%B9%E3%83%9E%E3%82%A4%E3%83%AB%E3%83%9B%E3%83%86%E3%83%AB%E5%BE%B3%E5%B3%B6%22%20%E3%81%98%E3%82%83%E3%82%89%E3%82%93,https://www.jalan.net/yad307165/,2026-08-08T16:28:14+09:00,
703,stage-235-1,ANAクラウンプラザホテル松山,愛媛県,松山,松山,stage-235,235,愛媛県県民文化会館 メインホール,1,stage,https://www.jalan.net/yad310390/,ANAクラウンプラザホテル松山 by IHG,verified,1.0,True,True,hotel name matches Jalan page; location context consistent,https://search.yahoo.co.jp/search?p=%22ANA%E3%82%AF%E3%83%A9%E3%82%A6%E3%83%B3%E3%83%97%E3%83%A9%E3%82%B6%E3%83%9B%E3%83%86%E3%83%AB%E6%9D%BE%E5%B1%B1%22%20%E3%81%98%E3%82%83%E3%82%89%E3%82%93,https://www.jalan.net/yad310390/,2026-08-08T16:28:16+09:00,
704,stage-235-2,ダイワロイネットホテル松山,愛媛県,松山,松山,stage-235,235,愛媛県県民文化会館 メインホール,2,stage,https://www.jalan.net/yad389020/,ダイワロイネットホテル松山,verified,1.0,True,True,hotel name matches Jalan page; location context consistent,https://search.yahoo.co.jp/search?p=%22%E3%83%80%E3%82%A4%E3%83%AF%E3%83%AD%E3%82%A4%E3%83%8D%E3%83%83%E3%83%88%E3%83%9B%E3%83%86%E3%83%AB%E6%9D%BE%E5%B1%B1%22%20%E3%81%98%E3%82%83%E3%82%89%E3%82%93,https://www.jalan.net/yad389020/,2026-08-08T16:28:18+09:00,
705,stage-235-3,コンフォートホテル松山,愛媛県,松山,松山,stage-235,235,愛媛県県民文化会館 メインホール,3,stage,https://www.jalan.net/yad324324/,コンフォートホテル松山,verified,1.0,True,True,hotel name matches Jalan page; location context consistent,https://search.yahoo.co.jp/search?p=%22%E3%82%B3%E3%83%B3%E3%83%95%E3%82%A9%E3%83%BC%E3%83%88%E3%83%9B%E3%83%86%E3%83%AB%E6%9D%BE%E5%B1%B1%22%20%E3%81%98%E3%82%83%E3%82%89%E3%82%93,https://www.jalan.net/yad324324/,2026-08-08T16:28:21+09:00,
706,stage-236-1,ザ クラウンパレス新阪急高知,高知県,高知,高知,stage-236,236,高知県立県民文化ホール オレンジホール,1,stage,,ANAクラウンプラザホテル高知by IHG,needs_review,0.3636,True,True,candidate exists but name/location match is not strong enough,https://search.yahoo.co.jp/search?p=%22%E3%82%B6%20%E3%82%AF%E3%83%A9%E3%82%A6%E3%83%B3%E3%83%91%E3%83%AC%E3%82%B9%E6%96%B0%E9%98%AA%E6%80%A5%E9%AB%98%E7%9F%A5%22%20%E3%81%98%E3%82%83%E3%82%89%E3%82%93,https://www.jalan.net/yad322158/,2026-08-08T16:28:23+09:00,
707,stage-236-2,ドーミーイン高知,高知県,高知,高知,stage-236,236,高知県立県民文化ホール オレンジホール,2,stage,https://www.jalan.net/yad384040/,天然温泉 紺碧の湯 ドーミーイン高知,verified,0.97,True,True,hotel name matches Jalan page; location context consistent,https://search.yahoo.co.jp/search?p=%22%E3%83%89%E3%83%BC%E3%83%9F%E3%83%BC%E3%82%A4%E3%83%B3%E9%AB%98%E7%9F%A5%22%20%E3%81%98%E3%82%83%E3%82%89%E3%82%93,https://www.jalan.net/yad384040/,2026-08-08T16:28:25+09:00,
708,stage-236-3,コンフォートホテル高知,高知県,高知,高知,stage-236,236,高知県立県民文化ホール オレンジホール,3,stage,https://www.jalan.net/yad317306/,コンフォートホテル高知,verified,1.0,True,True,hotel name matches Jalan page; location context consistent,https://search.yahoo.co.jp/search?p=%22%E3%82%B3%E3%83%B3%E3%83%95%E3%82%A9%E3%83%BC%E3%83%88%E3%83%9B%E3%83%86%E3%83%AB%E9%AB%98%E7%9F%A5%22%20%E3%81%98%E3%82%83%E3%82%89%E3%82%93,https://www.jalan.net/yad317306/,2026-08-08T16:28:28+09:00,
709,stage-237-1,三井ガーデンホテル福岡祇園,福岡県,中洲川端,祇園,stage-237,237,博多座,1,stage,https://www.jalan.net/yad384068/,三井ガーデンホテル福岡祇園,verified,1.0,True,True,hotel name matches Jalan page; location context consistent,https://search.yahoo.co.jp/search?p=%22%E4%B8%89%E4%BA%95%E3%82%AC%E3%83%BC%E3%83%87%E3%83%B3%E3%83%9B%E3%83%86%E3%83%AB%E7%A6%8F%E5%B2%A1%E7%A5%87%E5%9C%92%22%20%E3%81%98%E3%82%83%E3%82%89%E3%82%93,https://www.jalan.net/yad384068/,2026-08-08T16:28:31+09:00,
710,stage-237-2,西鉄ホテル クルーム博多祇園 櫛田神社前,福岡県,中洲川端,祇園,stage-237,237,博多座,2,stage,https://www.jalan.net/yad356362/,西鉄ホテル クルーム 博多祇園 櫛田神社前,verified,1.0,True,True,hotel name matches Jalan page; location context consistent,https://search.yahoo.co.jp/search?p=%22%E8%A5%BF%E9%89%84%E3%83%9B%E3%83%86%E3%83%AB%20%E3%82%AF%E3%83%AB%E3%83%BC%E3%83%A0%E5%8D%9A%E5%A4%9A%E7%A5%87%E5%9C%92%20%E6%AB%9B%E7%94%B0%E7%A5%9E%E7%A4%BE%E5%89%8D%22%20%E3%81%98%E3%82%83%E3%82%89%E3%82%93,https://www.jalan.net/yad356362/,2026-08-08T16:28:34+09:00,
711,stage-237-3,ホテルリソルトリニティ博多,福岡県,中洲川端,中洲川端,stage-237,237,博多座,3,stage,https://www.jalan.net/yad356316/,ホテルリソルトリニティ博多,verified,1.0,True,True,hotel name matches Jalan page; location context consistent,https://search.yahoo.co.jp/search?p=%22%E3%83%9B%E3%83%86%E3%83%AB%E3%83%AA%E3%82%BD%E3%83%AB%E3%83%88%E3%83%AA%E3%83%8B%E3%83%86%E3%82%A3%E5%8D%9A%E5%A4%9A%22%20%E3%81%98%E3%82%83%E3%82%89%E3%82%93,https://www.jalan.net/yad356316/,2026-08-08T16:28:36+09:00,
712,stage-238-1,三井ガーデンホテル福岡祇園,福岡県,祇園・中洲川端,祇園,stage-238,238,キャナルシティ劇場,1,stage,https://www.jalan.net/yad384068/,三井ガーデンホテル福岡祇園,verified,1.0,True,True,hotel name matches Jalan page; location context consistent,https://search.yahoo.co.jp/search?p=%22%E4%B8%89%E4%BA%95%E3%82%AC%E3%83%BC%E3%83%87%E3%83%B3%E3%83%9B%E3%83%86%E3%83%AB%E7%A6%8F%E5%B2%A1%E7%A5%87%E5%9C%92%22%20%E3%81%98%E3%82%83%E3%82%89%E3%82%93,https://www.jalan.net/yad384068/,2026-08-08T16:28:31+09:00,
713,stage-238-2,西鉄ホテル クルーム博多祇園 櫛田神社前,福岡県,祇園・中洲川端,祇園,stage-238,238,キャナルシティ劇場,2,stage,https://www.jalan.net/yad356362/,西鉄ホテル クルーム 博多祇園 櫛田神社前,verified,1.0,True,True,hotel name matches Jalan page; location context consistent,https://search.yahoo.co.jp/search?p=%22%E8%A5%BF%E9%89%84%E3%83%9B%E3%83%86%E3%83%AB%20%E3%82%AF%E3%83%AB%E3%83%BC%E3%83%A0%E5%8D%9A%E5%A4%9A%E7%A5%87%E5%9C%92%20%E6%AB%9B%E7%94%B0%E7%A5%9E%E7%A4%BE%E5%89%8D%22%20%E3%81%98%E3%82%83%E3%82%89%E3%82%93,https://www.jalan.net/yad356362/,2026-08-08T16:28:34+09:00,
714,stage-238-3,ホテルリソルトリニティ博多,福岡県,祇園・中洲川端,中洲川端,stage-238,238,キャナルシティ劇場,3,stage,https://www.jalan.net/yad356316/,ホテルリソルトリニティ博多,verified,1.0,True,True,hotel name matches Jalan page; location context consistent,https://search.yahoo.co.jp/search?p=%22%E3%83%9B%E3%83%86%E3%83%AB%E3%83%AA%E3%82%BD%E3%83%AB%E3%83%88%E3%83%AA%E3%83%8B%E3%83%86%E3%82%A3%E5%8D%9A%E5%A4%9A%22%20%E3%81%98%E3%82%83%E3%82%89%E3%82%93,https://www.jalan.net/yad356316/,2026-08-08T16:28:36+09:00,
715,stage-239-1,ホテル博多プレイス,福岡県,天神・須崎公園,博多ふ頭,stage-239,239,福岡市民ホール 大ホール,1,stage,https://www.jalan.net/yad346759/,ホテル博多プレイス,verified,1.0,True,True,hotel name matches Jalan page; location context consistent,https://search.yahoo.co.jp/search?p=%22%E3%83%9B%E3%83%86%E3%83%AB%E5%8D%9A%E5%A4%9A%E3%83%97%E3%83%AC%E3%82%A4%E3%82%B9%22%20%E3%81%98%E3%82%83%E3%82%89%E3%82%93,https://www.jalan.net/yad346759/,2026-08-08T16:28:39+09:00,
716,stage-239-2,ザ・ワンファイブマリン福岡,福岡県,天神・須崎公園,呉服町,stage-239,239,福岡市民ホール 大ホール,2,stage,https://www.jalan.net/yad344616/,ザ・ワンファイブマリン福岡,verified,1.0,True,True,hotel name matches Jalan page; location context consistent,https://search.yahoo.co.jp/search?p=%22%E3%82%B6%E3%83%BB%E3%83%AF%E3%83%B3%E3%83%95%E3%82%A1%E3%82%A4%E3%83%96%E3%83%9E%E3%83%AA%E3%83%B3%E7%A6%8F%E5%B2%A1%22%20%E3%81%98%E3%82%83%E3%82%89%E3%82%93,https://www.jalan.net/yad344616/,2026-08-08T16:28:42+09:00,
717,stage-239-3,ホテルニューガイア上呉服,福岡県,天神・須崎公園,呉服町,stage-239,239,福岡市民ホール 大ホール,3,stage,https://www.jalan.net/yad373877/,ホテルニューガイア博多メッセ南（旧ホテルニューガイア上呉服）,verified,0.97,True,True,hotel name matches Jalan page; location context consistent,https://search.yahoo.co.jp/search?p=%22%E3%83%9B%E3%83%86%E3%83%AB%E3%83%8B%E3%83%A5%E3%83%BC%E3%82%AC%E3%82%A4%E3%82%A2%E4%B8%8A%E5%91%89%E6%9C%8D%22%20%E3%81%98%E3%82%83%E3%82%89%E3%82%93,https://www.jalan.net/yad373877/,2026-08-08T16:28:46+09:00,
718,stage-240-1,ホテル博多プレイス,福岡県,博多ふ頭,博多ふ頭,stage-240,240,福岡サンパレス ホテル&ホール コンサートホール,1,stage,https://www.jalan.net/yad346759/,ホテル博多プレイス,verified,1.0,True,True,hotel name matches Jalan page; location context consistent,https://search.yahoo.co.jp/search?p=%22%E3%83%9B%E3%83%86%E3%83%AB%E5%8D%9A%E5%A4%9A%E3%83%97%E3%83%AC%E3%82%A4%E3%82%B9%22%20%E3%81%98%E3%82%83%E3%82%89%E3%82%93,https://www.jalan.net/yad346759/,2026-08-08T16:28:39+09:00,
719,stage-240-2,ザ・ワンファイブマリン福岡,福岡県,博多ふ頭,呉服町,stage-240,240,福岡サンパレス ホテル&ホール コンサートホール,2,stage,https://www.jalan.net/yad344616/,ザ・ワンファイブマリン福岡,verified,1.0,True,True,hotel name matches Jalan page; location context consistent,https://search.yahoo.co.jp/search?p=%22%E3%82%B6%E3%83%BB%E3%83%AF%E3%83%B3%E3%83%95%E3%82%A1%E3%82%A4%E3%83%96%E3%83%9E%E3%83%AA%E3%83%B3%E7%A6%8F%E5%B2%A1%22%20%E3%81%98%E3%82%83%E3%82%89%E3%82%93,https://www.jalan.net/yad344616/,2026-08-08T16:28:42+09:00,
720,stage-240-3,ホテルニューガイア上呉服,福岡県,博多ふ頭,呉服町,stage-240,240,福岡サンパレス ホテル&ホール コンサートホール,3,stage,https://www.jalan.net/yad373877/,ホテルニューガイア博多メッセ南（旧ホテルニューガイア上呉服）,verified,0.97,True,True,hotel name matches Jalan page; location context consistent,https://search.yahoo.co.jp/search?p=%22%E3%83%9B%E3%83%86%E3%83%AB%E3%83%8B%E3%83%A5%E3%83%BC%E3%82%AC%E3%82%A4%E3%82%A2%E4%B8%8A%E5%91%89%E6%9C%8D%22%20%E3%81%98%E3%82%83%E3%82%89%E3%82%93,https://www.jalan.net/yad373877/,2026-08-08T16:28:46+09:00,
721,stage-241-1,JR九州ステーションホテル小倉,福岡県,小倉,小倉,stage-241,241,北九州メッセ,1,stage,https://www.jalan.net/yad341343/,ＪＲ九州ステーションホテル小倉,verified,1.0,True,True,hotel name matches Jalan page; location context consistent,https://search.yahoo.co.jp/search?p=%22JR%E4%B9%9D%E5%B7%9E%E3%82%B9%E3%83%86%E3%83%BC%E3%82%B7%E3%83%A7%E3%83%B3%E3%83%9B%E3%83%86%E3%83%AB%E5%B0%8F%E5%80%89%22%20%E3%81%98%E3%82%83%E3%82%89%E3%82%93,https://www.jalan.net/yad341343/,2026-08-08T16:28:48+09:00,
722,stage-241-2,ダイワロイネットホテル小倉駅前,福岡県,小倉,小倉,stage-241,241,北九州メッセ,2,stage,https://www.jalan.net/yad386180/,ダイワロイネットホテル小倉駅前,verified,1.0,True,True,hotel name matches Jalan page; location context consistent,https://search.yahoo.co.jp/search?p=%22%E3%83%80%E3%82%A4%E3%83%AF%E3%83%AD%E3%82%A4%E3%83%8D%E3%83%83%E3%83%88%E3%83%9B%E3%83%86%E3%83%AB%E5%B0%8F%E5%80%89%E9%A7%85%E5%89%8D%22%20%E3%81%98%E3%82%83%E3%82%89%E3%82%93,https://www.jalan.net/yad386180/,2026-08-08T16:28:51+09:00,
723,stage-241-3,クインテッサホテル小倉 Comic & Books,福岡県,小倉,小倉,stage-241,241,北九州メッセ,3,stage,https://www.jalan.net/yad332917/,クインテッサホテル小倉 Comic&Books,verified,1.0,True,True,hotel name matches Jalan page; location context consistent,https://search.yahoo.co.jp/search?p=%22%E3%82%AF%E3%82%A4%E3%83%B3%E3%83%86%E3%83%83%E3%82%B5%E3%83%9B%E3%83%86%E3%83%AB%E5%B0%8F%E5%80%89%20Comic%20%26%20Books%22%20%E3%81%98%E3%82%83%E3%82%89%E3%82%93,https://www.jalan.net/yad332917/,2026-08-08T16:27:31+09:00,
724,stage-242-1,JR九州ステーションホテル小倉,福岡県,小倉,小倉,stage-242,242,J:COM北九州芸術劇場 大ホール,1,stage,https://www.jalan.net/yad341343/,ＪＲ九州ステーションホテル小倉,verified,1.0,True,True,hotel name matches Jalan page; location context consistent,https://search.yahoo.co.jp/search?p=%22JR%E4%B9%9D%E5%B7%9E%E3%82%B9%E3%83%86%E3%83%BC%E3%82%B7%E3%83%A7%E3%83%B3%E3%83%9B%E3%83%86%E3%83%AB%E5%B0%8F%E5%80%89%22%20%E3%81%98%E3%82%83%E3%82%89%E3%82%93,https://www.jalan.net/yad341343/,2026-08-08T16:27:35+09:00,
725,stage-242-2,ダイワロイネットホテル小倉駅前,福岡県,小倉,小倉,stage-242,242,J:COM北九州芸術劇場 大ホール,2,stage,https://www.jalan.net/yad386180/,ダイワロイネットホテル小倉駅前,verified,1.0,True,True,hotel name matches Jalan page; location context consistent,https://search.yahoo.co.jp/search?p=%22%E3%83%80%E3%82%A4%E3%83%AF%E3%83%AD%E3%82%A4%E3%83%8D%E3%83%83%E3%83%88%E3%83%9B%E3%83%86%E3%83%AB%E5%B0%8F%E5%80%89%E9%A7%85%E5%89%8D%22%20%E3%81%98%E3%82%83%E3%82%89%E3%82%93,https://www.jalan.net/yad386180/,2026-08-08T16:27:38+09:00,
726,stage-242-3,クインテッサホテル小倉 Comic & Books,福岡県,小倉,小倉,stage-242,242,J:COM北九州芸術劇場 大ホール,3,stage,https://www.jalan.net/yad332917/,クインテッサホテル小倉 Comic&Books,verified,1.0,True,True,hotel name matches Jalan page; location context consistent,https://search.yahoo.co.jp/search?p=%22%E3%82%AF%E3%82%A4%E3%83%B3%E3%83%86%E3%83%83%E3%82%B5%E3%83%9B%E3%83%86%E3%83%AB%E5%B0%8F%E5%80%89%20Comic%20%26%20Books%22%20%E3%81%98%E3%82%83%E3%82%89%E3%82%93,https://www.jalan.net/yad332917/,2026-08-08T16:27:31+09:00,
727,stage-243-1,ザ・セレクトン久留米,福岡県,久留米,久留米,stage-243,243,久留米シティプラザ ザ・グランドホール,1,stage,https://www.jalan.net/yad380511/,ザ・セレクトン久留米,verified,1.0,True,True,hotel name matches Jalan page; location context consistent,https://search.yahoo.co.jp/search?p=%22%E3%82%B6%E3%83%BB%E3%82%BB%E3%83%AC%E3%82%AF%E3%83%88%E3%83%B3%E4%B9%85%E7%95%99%E7%B1%B3%22%20%E3%81%98%E3%82%83%E3%82%89%E3%82%93,https://www.jalan.net/yad380511/,2026-08-08T16:27:42+09:00,
728,stage-243-2,グリーンリッチホテル久留米,福岡県,久留米,久留米,stage-243,243,久留米シティプラザ ザ・グランドホール,2,stage,https://www.jalan.net/yad317845/,グリーンリッチホテル久留米【天然温泉・有馬六ツ門の湯】,verified,0.97,True,True,hotel name matches Jalan page; location context consistent,https://search.yahoo.co.jp/search?p=%22%E3%82%B0%E3%83%AA%E3%83%BC%E3%83%B3%E3%83%AA%E3%83%83%E3%83%81%E3%83%9B%E3%83%86%E3%83%AB%E4%B9%85%E7%95%99%E7%B1%B3%22%20%E3%81%98%E3%82%83%E3%82%89%E3%82%93,https://www.jalan.net/yad317845/,2026-08-08T16:27:47+09:00,
729,stage-243-3,久留米ワシントンホテルプラザ,福岡県,久留米,久留米,stage-243,243,久留米シティプラザ ザ・グランドホール,3,stage,https://www.jalan.net/yad311805/,久留米ワシントンホテルプラザ,verified,1.0,True,True,hotel name matches Jalan page; location context consistent,https://search.yahoo.co.jp/search?p=%22%E4%B9%85%E7%95%99%E7%B1%B3%E3%83%AF%E3%82%B7%E3%83%B3%E3%83%88%E3%83%B3%E3%83%9B%E3%83%86%E3%83%AB%E3%83%97%E3%83%A9%E3%82%B6%22%20%E3%81%98%E3%82%83%E3%82%89%E3%82%93,https://www.jalan.net/yad311805/,2026-08-08T16:27:50+09:00,
730,stage-244-1,KOKO HOTEL Premier 熊本,熊本県,熊本・桜町,桜町,stage-244,244,熊本城ホール メインホール,1,stage,https://www.jalan.net/yad334744/,ＫＯＫＯ ＨＯＴＥＬ Ｐｒｅｍｉｅｒ 熊本,verified,1.0,True,True,hotel name matches Jalan page; location context consistent,https://search.yahoo.co.jp/search?p=%22KOKO%20HOTEL%20Premier%20%E7%86%8A%E6%9C%AC%22%20%E3%81%98%E3%82%83%E3%82%89%E3%82%93,https://www.jalan.net/yad334744/,2026-08-08T16:27:54+09:00,
731,stage-244-2,ダイワロイネットホテル熊本銀座通り PREMIER,熊本県,熊本・桜町,熊本,stage-244,244,熊本城ホール メインホール,2,stage,https://www.jalan.net/yad308775/,ダイワロイネットホテル熊本銀座通り PREMIER,verified,1.0,True,True,hotel name matches Jalan page; location context consistent,https://search.yahoo.co.jp/search?p=%22%E3%83%80%E3%82%A4%E3%83%AF%E3%83%AD%E3%82%A4%E3%83%8D%E3%83%83%E3%83%88%E3%83%9B%E3%83%86%E3%83%AB%E7%86%8A%E6%9C%AC%E9%8A%80%E5%BA%A7%E9%80%9A%E3%82%8A%20PREMIER%22%20%E3%81%98%E3%82%83%E3%82%89%E3%82%93,https://www.jalan.net/yad308775/,2026-08-08T16:27:58+09:00,
732,stage-244-3,三井ガーデンホテル熊本,熊本県,熊本・桜町,熊本,stage-244,244,熊本城ホール メインホール,3,stage,https://www.jalan.net/yad316105/,三井ガーデンホテル熊本,verified,1.0,True,True,hotel name matches Jalan page; location context consistent,https://search.yahoo.co.jp/search?p=%22%E4%B8%89%E4%BA%95%E3%82%AC%E3%83%BC%E3%83%87%E3%83%B3%E3%83%9B%E3%83%86%E3%83%AB%E7%86%8A%E6%9C%AC%22%20%E3%81%98%E3%82%83%E3%82%89%E3%82%93,https://www.jalan.net/yad316105/,2026-08-08T16:28:02+09:00,
733,stage-245-1,KOKO HOTEL Premier 熊本,熊本県,熊本,桜町,stage-245,245,熊本県立劇場 演劇ホール,1,stage,https://www.jalan.net/yad334744/,ＫＯＫＯ ＨＯＴＥＬ Ｐｒｅｍｉｅｒ 熊本,verified,1.0,True,True,hotel name matches Jalan page; location context consistent,https://search.yahoo.co.jp/search?p=%22KOKO%20HOTEL%20Premier%20%E7%86%8A%E6%9C%AC%22%20%E3%81%98%E3%82%83%E3%82%89%E3%82%93,https://www.jalan.net/yad334744/,2026-08-08T16:27:54+09:00,
734,stage-245-2,ダイワロイネットホテル熊本銀座通り PREMIER,熊本県,熊本,熊本,stage-245,245,熊本県立劇場 演劇ホール,2,stage,https://www.jalan.net/yad308775/,ダイワロイネットホテル熊本銀座通り PREMIER,verified,1.0,True,True,hotel name matches Jalan page; location context consistent,https://search.yahoo.co.jp/search?p=%22%E3%83%80%E3%82%A4%E3%83%AF%E3%83%AD%E3%82%A4%E3%83%8D%E3%83%83%E3%83%88%E3%83%9B%E3%83%86%E3%83%AB%E7%86%8A%E6%9C%AC%E9%8A%80%E5%BA%A7%E9%80%9A%E3%82%8A%20PREMIER%22%20%E3%81%98%E3%82%83%E3%82%89%E3%82%93,https://www.jalan.net/yad308775/,2026-08-08T16:27:58+09:00,
735,stage-245-3,三井ガーデンホテル熊本,熊本県,熊本,熊本,stage-245,245,熊本県立劇場 演劇ホール,3,stage,https://www.jalan.net/yad316105/,三井ガーデンホテル熊本,verified,1.0,True,True,hotel name matches Jalan page; location context consistent,https://search.yahoo.co.jp/search?p=%22%E4%B8%89%E4%BA%95%E3%82%AC%E3%83%BC%E3%83%87%E3%83%B3%E3%83%9B%E3%83%86%E3%83%AB%E7%86%8A%E6%9C%AC%22%20%E3%81%98%E3%82%83%E3%82%89%E3%82%93,https://www.jalan.net/yad316105/,2026-08-08T16:28:02+09:00,
736,stage-246-1,JR九州ホテル ブラッサム大分,大分県,大分,大分,stage-246,246,iichikoグランシアタ,1,stage,https://www.jalan.net/yad339266/,ＪＲ九州ホテルブラッサム大分,verified,1.0,True,True,hotel name matches Jalan page; location context consistent,https://search.yahoo.co.jp/search?p=%22JR%E4%B9%9D%E5%B7%9E%E3%83%9B%E3%83%86%E3%83%AB%20%E3%83%96%E3%83%A9%E3%83%83%E3%82%B5%E3%83%A0%E5%A4%A7%E5%88%86%22%20%E3%81%98%E3%82%83%E3%82%89%E3%82%93,https://www.jalan.net/yad339266/,2026-08-08T16:28:05+09:00,
737,stage-246-2,ダイワロイネットホテル大分,大分県,大分,大分,stage-246,246,iichikoグランシアタ,2,stage,https://www.jalan.net/yad342480/,ダイワロイネットホテル大分,verified,1.0,True,True,hotel name matches Jalan page; location context consistent,https://search.yahoo.co.jp/search?p=%22%E3%83%80%E3%82%A4%E3%83%AF%E3%83%AD%E3%82%A4%E3%83%8D%E3%83%83%E3%83%88%E3%83%9B%E3%83%86%E3%83%AB%E5%A4%A7%E5%88%86%22%20%E3%81%98%E3%82%83%E3%82%89%E3%82%93,https://www.jalan.net/yad342480/,2026-08-08T16:28:09+09:00,
738,stage-246-3,ホテル日航大分 オアシスタワー,大分県,大分,大分,stage-246,246,iichikoグランシアタ,3,stage,https://www.jalan.net/yad338475/,ホテル日航大分 オアシスタワー,verified,1.0,True,True,hotel name matches Jalan page; location context consistent,https://search.yahoo.co.jp/search?p=%22%E3%83%9B%E3%83%86%E3%83%AB%E6%97%A5%E8%88%AA%E5%A4%A7%E5%88%86%20%E3%82%AA%E3%82%A2%E3%82%B7%E3%82%B9%E3%82%BF%E3%83%AF%E3%83%BC%22%20%E3%81%98%E3%82%83%E3%82%89%E3%82%93,https://www.jalan.net/yad338475/,2026-08-08T16:28:13+09:00,
739,stage-247-1,JR九州ホテル長崎,長崎県,長崎・浦上,長崎,stage-247,247,ベネックス長崎ブリックホール 大ホール,1,stage,https://www.jalan.net/yad318707/,ＪＲ九州ホテル長崎,verified,1.0,True,True,hotel name matches Jalan page; location context consistent,https://search.yahoo.co.jp/search?p=%22JR%E4%B9%9D%E5%B7%9E%E3%83%9B%E3%83%86%E3%83%AB%E9%95%B7%E5%B4%8E%22%20%E3%81%98%E3%82%83%E3%82%89%E3%82%93,https://www.jalan.net/yad318707/,2026-08-08T16:28:16+09:00,
740,stage-247-2,ホテルフォルツァ長崎,長崎県,長崎・浦上,長崎,stage-247,247,ベネックス長崎ブリックホール 大ホール,2,stage,https://www.jalan.net/yad308596/,FORZA ホテルフォルツァ長崎,verified,0.97,True,True,hotel name matches Jalan page; location context consistent,https://search.yahoo.co.jp/search?p=%22%E3%83%9B%E3%83%86%E3%83%AB%E3%83%95%E3%82%A9%E3%83%AB%E3%83%84%E3%82%A1%E9%95%B7%E5%B4%8E%22%20%E3%81%98%E3%82%83%E3%82%89%E3%82%93,https://www.jalan.net/yad308596/,2026-08-08T16:28:20+09:00,
741,stage-247-3,ドーミーインPREMIUM長崎駅前,長崎県,長崎・浦上,長崎,stage-247,247,ベネックス長崎ブリックホール 大ホール,3,stage,https://www.jalan.net/yad396693/,天然温泉 鶴港の湯 ドーミーインPREMIUM長崎駅前,verified,0.97,True,True,hotel name matches Jalan page; location context consistent,https://search.yahoo.co.jp/search?p=%22%E3%83%89%E3%83%BC%E3%83%9F%E3%83%BC%E3%82%A4%E3%83%B3PREMIUM%E9%95%B7%E5%B4%8E%E9%A7%85%E5%89%8D%22%20%E3%81%98%E3%82%83%E3%82%89%E3%82%93,https://www.jalan.net/yad396693/,2026-08-08T16:28:25+09:00,
742,stage-248-1,JR九州ホテル宮崎,宮崎県,宮崎,宮崎,stage-248,248,メディキット県民文化センター 演劇ホール,1,stage,https://www.jalan.net/yad361436/,ＪＲ九州ホテル宮崎,verified,1.0,True,True,hotel name matches Jalan page; location context consistent,https://search.yahoo.co.jp/search?p=%22JR%E4%B9%9D%E5%B7%9E%E3%83%9B%E3%83%86%E3%83%AB%E5%AE%AE%E5%B4%8E%22%20%E3%81%98%E3%82%83%E3%82%89%E3%82%93,https://www.jalan.net/yad361436/,2026-08-08T16:28:29+09:00,
743,stage-248-2,コンフォートホテル宮崎,宮崎県,宮崎,宮崎,stage-248,248,メディキット県民文化センター 演劇ホール,2,stage,https://www.jalan.net/yad369616/,コンフォートホテル宮崎,verified,1.0,True,True,hotel name matches Jalan page; location context consistent,https://search.yahoo.co.jp/search?p=%22%E3%82%B3%E3%83%B3%E3%83%95%E3%82%A9%E3%83%BC%E3%83%88%E3%83%9B%E3%83%86%E3%83%AB%E5%AE%AE%E5%B4%8E%22%20%E3%81%98%E3%82%83%E3%82%89%E3%82%93,https://www.jalan.net/yad369616/,2026-08-08T16:28:33+09:00,
744,stage-248-3,ドーミーイン宮崎,宮崎県,宮崎,宮崎,stage-248,248,メディキット県民文化センター 演劇ホール,3,stage,https://www.jalan.net/yad398448/,天然温泉 日向の湯 ドーミーイン宮崎,verified,0.97,True,True,hotel name matches Jalan page; location context consistent,https://search.yahoo.co.jp/search?p=%22%E3%83%89%E3%83%BC%E3%83%9F%E3%83%BC%E3%82%A4%E3%83%B3%E5%AE%AE%E5%B4%8E%22%20%E3%81%98%E3%82%83%E3%82%89%E3%82%93,https://www.jalan.net/yad398448/,2026-08-08T16:28:36+09:00,
745,stage-249-1,JR九州ホテル鹿児島,鹿児島県,鹿児島,鹿児島中央,stage-249,249,川商ホール 第1ホール,1,stage,https://www.jalan.net/yad399054/,ＪＲ九州ホテル鹿児島,verified,1.0,True,True,hotel name matches Jalan page; location context consistent,https://search.yahoo.co.jp/search?p=%22JR%E4%B9%9D%E5%B7%9E%E3%83%9B%E3%83%86%E3%83%AB%E9%B9%BF%E5%85%90%E5%B3%B6%22%20%E3%81%98%E3%82%83%E3%82%89%E3%82%93,https://www.jalan.net/yad399054/,2026-08-08T16:28:40+09:00,
746,stage-249-2,ソラリア西鉄ホテル鹿児島,鹿児島県,鹿児島,鹿児島中央,stage-249,249,川商ホール 第1ホール,2,stage,https://www.jalan.net/yad346291/,ソラリア西鉄ホテル鹿児島,verified,1.0,True,True,hotel name matches Jalan page; location context consistent,https://search.yahoo.co.jp/search?p=%22%E3%82%BD%E3%83%A9%E3%83%AA%E3%82%A2%E8%A5%BF%E9%89%84%E3%83%9B%E3%83%86%E3%83%AB%E9%B9%BF%E5%85%90%E5%B3%B6%22%20%E3%81%98%E3%82%83%E3%82%89%E3%82%93,https://www.jalan.net/yad346291/,2026-08-08T16:28:44+09:00,
747,stage-249-3,ダイワロイネットホテル鹿児島天文館 PREMIER,鹿児島県,鹿児島,天文館,stage-249,249,川商ホール 第1ホール,3,stage,https://www.jalan.net/yad388886/,ダイワロイネットホテル鹿児島天文館 PREMIER,verified,1.0,True,True,hotel name matches Jalan page; location context consistent,https://search.yahoo.co.jp/search?p=%22%E3%83%80%E3%82%A4%E3%83%AF%E3%83%AD%E3%82%A4%E3%83%8D%E3%83%83%E3%83%88%E3%83%9B%E3%83%86%E3%83%AB%E9%B9%BF%E5%85%90%E5%B3%B6%E5%A4%A9%E6%96%87%E9%A4%A8%20PREMIER%22%20%E3%81%98%E3%82%83%E3%82%89%E3%82%93,https://www.jalan.net/yad388886/,2026-08-08T16:28:47+09:00,
748,stage-250-1,ホテル コレクティブ,沖縄県,那覇・国際通り,国際通り,stage-250,250,那覇文化芸術劇場なはーと 大劇場,1,stage,https://www.jalan.net/yad382520/,ホテルコレクティブ,verified,1.0,True,True,hotel name matches Jalan page; location context consistent,https://search.yahoo.co.jp/search?p=%22%E3%83%9B%E3%83%86%E3%83%AB%20%E3%82%B3%E3%83%AC%E3%82%AF%E3%83%86%E3%82%A3%E3%83%96%22%20%E3%81%98%E3%82%83%E3%82%89%E3%82%93,https://www.jalan.net/yad382520/,2026-08-08T16:28:50+09:00,
749,stage-250-2,ダイワロイネットホテル那覇国際通り,沖縄県,那覇・国際通り,牧志,stage-250,250,那覇文化芸術劇場なはーと 大劇場,2,stage,https://www.jalan.net/yad304700/,ダイワロイネットホテル那覇国際通り,verified,1.0,True,True,hotel name matches Jalan page; location context consistent,https://search.yahoo.co.jp/search?p=%22%E3%83%80%E3%82%A4%E3%83%AF%E3%83%AD%E3%82%A4%E3%83%8D%E3%83%83%E3%83%88%E3%83%9B%E3%83%86%E3%83%AB%E9%82%A3%E8%A6%87%E5%9B%BD%E9%9A%9B%E9%80%9A%E3%82%8A%22%20%E3%81%98%E3%82%83%E3%82%89%E3%82%93,https://www.jalan.net/yad304700/,2026-08-08T16:28:54+09:00,
750,stage-250-3,ホテルグレイスリー那覇,沖縄県,那覇・国際通り,国際通り,stage-250,250,那覇文化芸術劇場なはーと 大劇場,3,stage,https://www.jalan.net/yad306815/,ホテルグレイスリー那覇,verified,1.0,True,True,hotel name matches Jalan page; location context consistent,https://search.yahoo.co.jp/search?p=%22%E3%83%9B%E3%83%86%E3%83%AB%E3%82%B0%E3%83%AC%E3%82%A4%E3%82%B9%E3%83%AA%E3%83%BC%E9%82%A3%E8%A6%87%22%20%E3%81%98%E3%82%83%E3%82%89%E3%82%93,https://www.jalan.net/yad306815/,2026-08-08T16:28:58+09:00,
