research_no,id,hotel_name,prefecture,station,jalan_url,jalan_hotel_name,verification_status,live_h1,live_title,name_similarity,prefecture_on_page,audit_status,error
1,stage-001-1,東横INN品川港南口天王洲アイル,東京都,天王洲アイル,https://www.jalan.net/yad390736/,東横ＩＮＮ品川港南口天王洲アイル,verified,東横ＩＮＮ品川港南口天王洲アイルの施設概要,東横ＩＮＮ品川港南口天王洲アイル - 宿泊予約は＜じゃらんnet＞,0.97,True,match,
2,stage-001-2,ANAホリデイ・イン東京ベイ,東京都,天王洲アイル,https://www.jalan.net/yad349696/,ANAホリデイ・イン東京ベイ by IHG,verified,ANAホリデイ・イン東京ベイ by IHGの施設概要,ANAホリデイ・イン東京ベイ by IHG - 宿泊予約は＜じゃらんnet＞,0.97,True,match,
3,stage-001-3,スーパーホテル品川・新馬場,東京都,新馬場,https://www.jalan.net/yad304182/,スーパーホテル品川・新馬場 高濃度炭酸泉 七福神の湯,verified,スーパーホテル品川・新馬場 高濃度炭酸泉 七福神の湯の施設概要,スーパーホテル品川・新馬場 高濃度炭酸泉 七福神の湯 - 宿泊予約は＜じゃらんnet＞,0.97,True,match,
4,stage-002-1,アワーズイン阪急,東京都,大井町,https://www.jalan.net/yad302472/,アワーズイン阪急,verified,アワーズイン阪急の施設概要,アワーズイン阪急 - 宿泊予約は＜じゃらんnet＞,0.97,True,match,
5,stage-002-2,ヴィアイン品川大井町,東京都,大井町,https://www.jalan.net/yad317259/,ＪＲ西日本グループ ヴィアイン品川大井町,verified,ＪＲ西日本グループ ヴィアイン品川大井町の施設概要,ＪＲ西日本グループ ヴィアイン品川大井町 - 宿泊予約は＜じゃらんnet＞,0.97,True,match,
6,stage-002-3,ホテルマイステイズプレミア大森,東京都,大森,https://www.jalan.net/yad314382/,ホテルマイステイズプレミア大森,verified,ホテルマイステイズプレミア大森の施設概要,ホテルマイステイズプレミア大森 - 宿泊予約は＜じゃらんnet＞,0.97,True,match,
7,stage-003-1,日本青年館ホテル,東京都,外苑前・国立競技場,https://www.jalan.net/yad335762/,日本青年館ホテル,verified,日本青年館ホテルの施設概要,日本青年館ホテル - 宿泊予約は＜じゃらんnet＞,0.97,True,match,
8,stage-003-2,東急ステイ青山プレミア,東京都,外苑前,https://www.jalan.net/yad381958/,東急ステイ青山プレミア,verified,東急ステイ青山プレミアの施設概要,東急ステイ青山プレミア - 宿泊予約は＜じゃらんnet＞,0.97,True,match,
9,stage-003-3,ホテルウィングインターナショナルプレミアム東京四谷,東京都,四谷三丁目,https://www.jalan.net/yad370441/,KOKO HOTEL 新宿四谷,rebranded_current_page,KOKO HOTEL 新宿四谷の施設概要,KOKO HOTEL 新宿四谷 - 宿泊予約は＜じゃらんnet＞,0.093,True,suspect,
10,stage-004-1,ホテルグランドシティ,東京都,池袋東口,https://www.jalan.net/yad317472/,ホテルグランドシティ,verified,ホテルグランドシティの施設概要,ホテルグランドシティ - 宿泊予約は＜じゃらんnet＞,0.97,True,match,
11,stage-004-2,ホテルリソル池袋,東京都,東池袋・池袋,https://www.jalan.net/yad386545/,ホテルリソル池袋,verified,ホテルリソル池袋の施設概要,ホテルリソル池袋 - 宿泊予約は＜じゃらんnet＞,0.97,True,match,
12,stage-004-3,京王プレッソイン池袋,東京都,東池袋・池袋,https://www.jalan.net/yad333355/,京王プレッソイン池袋,verified,京王プレッソイン池袋の施設概要,京王プレッソイン池袋 - 宿泊予約は＜じゃらんnet＞,0.97,True,match,
13,stage-005-1,ホテルグランドシティ,東京都,池袋東口,https://www.jalan.net/yad317472/,ホテルグランドシティ,verified,ホテルグランドシティの施設概要,ホテルグランドシティ - 宿泊予約は＜じゃらんnet＞,0.97,True,match,
14,stage-005-2,ホテルリソル池袋,東京都,東池袋・池袋,https://www.jalan.net/yad386545/,ホテルリソル池袋,verified,ホテルリソル池袋の施設概要,ホテルリソル池袋 - 宿泊予約は＜じゃらんnet＞,0.97,True,match,
15,stage-005-3,京王プレッソイン池袋,東京都,東池袋・池袋,https://www.jalan.net/yad333355/,京王プレッソイン池袋,verified,京王プレッソイン池袋の施設概要,京王プレッソイン池袋 - 宿泊予約は＜じゃらんnet＞,0.97,True,match,
16,stage-006-1,リッチモンドホテル東京水道橋,東京都,水道橋・後楽園,https://www.jalan.net/yad332210/,リッチモンドホテル東京水道橋,verified,リッチモンドホテル東京水道橋の施設概要,リッチモンドホテル東京水道橋 - 宿泊予約は＜じゃらんnet＞,0.97,True,match,
17,stage-006-2,ホテルウィングインターナショナル後楽園,東京都,水道橋・後楽園,https://www.jalan.net/yad317436/,KOKO HOTEL 後楽園,rebranded_current_page,KOKO HOTEL 後楽園の施設概要,KOKO HOTEL 後楽園 - 宿泊予約は＜じゃらんnet＞,0.1667,True,suspect,
18,stage-006-3,the b 水道橋,東京都,水道橋・春日,https://www.jalan.net/yad369889/,the b 水道橋（ザビーすいどうばし）,verified,the b 水道橋（ザビーすいどうばし）の施設概要,the b 水道橋（ザビーすいどうばし） - 宿泊予約は＜じゃらんnet＞,0.97,True,match,
19,stage-007-1,リッチモンドホテル東京水道橋,東京都,水道橋・後楽園,https://www.jalan.net/yad332210/,リッチモンドホテル東京水道橋,verified,リッチモンドホテル東京水道橋の施設概要,リッチモンドホテル東京水道橋 - 宿泊予約は＜じゃらんnet＞,0.97,True,match,
20,stage-007-2,ホテルウィングインターナショナル後楽園,東京都,水道橋・後楽園,https://www.jalan.net/yad317436/,KOKO HOTEL 後楽園,rebranded_current_page,KOKO HOTEL 後楽園の施設概要,KOKO HOTEL 後楽園 - 宿泊予約は＜じゃらんnet＞,0.1667,True,suspect,
21,stage-007-3,the b 水道橋,東京都,水道橋・春日,https://www.jalan.net/yad369889/,the b 水道橋（ザビーすいどうばし）,verified,the b 水道橋（ザビーすいどうばし）の施設概要,the b 水道橋（ザビーすいどうばし） - 宿泊予約は＜じゃらんnet＞,0.97,True,match,
22,stage-008-1,ホテルサンライト新宿,東京都,新宿三丁目,https://www.jalan.net/yad343909/,ホテルサンライト新宿,verified,ホテルサンライト新宿の施設概要,ホテルサンライト新宿 - 宿泊予約は＜じゃらんnet＞,0.97,True,match,
23,stage-008-2,新宿アーバンホテル,東京都,新宿三丁目・東新宿,https://www.jalan.net/yad321016/,新宿アーバンホテル,verified,新宿アーバンホテルの施設概要,新宿アーバンホテル - 宿泊予約は＜じゃらんnet＞,0.97,True,match,
24,stage-008-3,ホテルアマネク新宿歌舞伎町,東京都,新宿・西武新宿,https://www.jalan.net/yad357994/,ホテルアマネク新宿歌舞伎町,verified,ホテルアマネク新宿歌舞伎町の施設概要,ホテルアマネク新宿歌舞伎町 - 宿泊予約は＜じゃらんnet＞,0.97,True,match,
25,stage-009-1,ホテル ヴィラフォンテーヌ グランド 東京有明,東京都,有明・国際展示場,https://www.jalan.net/yad379750/,ヴィラフォンテーヌ グランド 東京有明｜住友不動産,verified_fuzzy,ヴィラフォンテーヌ グランド 東京有明｜住友不動産の施設概要,ヴィラフォンテーヌ グランド 東京有明｜住友不動産 - 宿泊予約は＜じゃらんnet＞,0.7083,True,review_name,
26,stage-009-2,相鉄グランドフレッサ 東京ベイ有明,東京都,国際展示場・東京ビッグサイト,https://www.jalan.net/yad350291/,相鉄グランドフレッサ 東京ベイ有明（旧ホテルサンルート有明）,verified,相鉄グランドフレッサ 東京ベイ有明（旧ホテルサンルート有明）の施設概要,相鉄グランドフレッサ 東京ベイ有明（旧ホテルサンルート有明） - 宿泊予約は＜じゃらんnet＞,0.97,True,match,
27,stage-009-3,ファーイーストビレッジホテル東京有明,東京都,有明テニスの森,https://www.jalan.net/yad320700/,ファーイーストビレッジホテル東京有明,verified,ファーイーストビレッジホテル東京有明の施設概要,ファーイーストビレッジホテル東京有明 - 宿泊予約は＜じゃらんnet＞,0.97,True,match,
28,stage-010-1,レム日比谷,東京都,有楽町・日比谷,https://www.jalan.net/yad334400/,レム日比谷,verified,レム日比谷の施設概要,レム日比谷 - 宿泊予約は＜じゃらんnet＞,0.97,True,match,
29,stage-010-2,銀座ベルビューホテル,東京都,有楽町・銀座,https://www.jalan.net/yad303626/,銀座ベルビューホテル,verified,銀座ベルビューホテルの施設概要,銀座ベルビューホテル - 宿泊予約は＜じゃらんnet＞,0.97,True,match,
30,stage-010-3,ダイワロイネットホテル新橋,東京都,新橋,https://www.jalan.net/yad344290/,ダイワロイネットホテル新橋,verified,ダイワロイネットホテル新橋の施設概要,ダイワロイネットホテル新橋 - 宿泊予約は＜じゃらんnet＞,0.97,True,match,
31,stage-011-1,東横INN日本橋浜町明治座前,東京都,浜町,https://www.jalan.net/yad380797/,東横ＩＮＮ日本橋浜町明治座前,verified,東横ＩＮＮ日本橋浜町明治座前の施設概要,東横ＩＮＮ日本橋浜町明治座前 - 宿泊予約は＜じゃらんnet＞,0.97,True,match,
32,stage-011-2,アパホテル〈人形町駅北〉,東京都,人形町,https://www.jalan.net/yad323155/,アパホテル〈人形町駅北〉,verified,アパホテル〈人形町駅北〉の施設概要,アパホテル〈人形町駅北〉 - 宿泊予約は＜じゃらんnet＞,0.97,True,match,
33,stage-011-3,コンフォートホテル東京東日本橋,東京都,馬喰町・東日本橋,https://www.jalan.net/yad379871/,コンフォートホテル東京東日本橋,verified,コンフォートホテル東京東日本橋の施設概要,コンフォートホテル東京東日本橋 - 宿泊予約は＜じゃらんnet＞,0.97,True,match,
34,stage-012-1,相鉄フレッサイン 銀座三丁目,東京都,銀座・東銀座,https://www.jalan.net/yad398781/,相鉄フレッサイン銀座三丁目,verified,相鉄フレッサイン銀座三丁目の施設概要,相鉄フレッサイン銀座三丁目 - 宿泊予約は＜じゃらんnet＞,0.97,True,match,
35,stage-012-2,ホテルモントレ銀座,東京都,銀座一丁目,https://www.jalan.net/yad347902/,ホテルモントレ銀座,verified,ホテルモントレ銀座の施設概要,ホテルモントレ銀座 - 宿泊予約は＜じゃらんnet＞,0.97,True,match,
36,stage-012-3,ダイワロイネットホテル東京京橋 PREMIER,東京都,京橋・東京,https://www.jalan.net/yad370598/,ダイワロイネットホテル東京京橋 PREMIER,verified,ダイワロイネットホテル東京京橋 PREMIERの施設概要,ダイワロイネットホテル東京京橋 PREMIER - 宿泊予約は＜じゃらんnet＞,0.97,True,match,
37,stage-013-1,レム日比谷,東京都,有楽町・日比谷,https://www.jalan.net/yad334400/,レム日比谷,verified,レム日比谷の施設概要,レム日比谷 - 宿泊予約は＜じゃらんnet＞,0.97,True,match,
38,stage-013-2,銀座ベルビューホテル,東京都,有楽町・銀座,https://www.jalan.net/yad303626/,銀座ベルビューホテル,verified,銀座ベルビューホテルの施設概要,銀座ベルビューホテル - 宿泊予約は＜じゃらんnet＞,0.97,True,match,
39,stage-013-3,ダイワロイネットホテル新橋,東京都,新橋,https://www.jalan.net/yad344290/,ダイワロイネットホテル新橋,verified,ダイワロイネットホテル新橋の施設概要,ダイワロイネットホテル新橋 - 宿泊予約は＜じゃらんnet＞,0.97,True,match,
40,stage-014-1,品川プリンスホテル イーストタワー,東京都,品川,https://www.jalan.net/yad353540/,品川プリンスホテル イーストタワー,verified,品川プリンスホテル イーストタワーの施設概要,品川プリンスホテル イーストタワー - 宿泊予約は＜じゃらんnet＞,0.97,True,match,
41,stage-014-2,京急EXホテル高輪,東京都,品川・高輪台,https://www.jalan.net/yad349259/,京急ＥＸホテル高輪（2026年2月リニューアルオープン）,verified,京急ＥＸホテル高輪（2026年2月リニューアルオープン）の施設概要,京急ＥＸホテル高輪（2026年2月リニューアルオープン） - 宿泊予約は＜じゃらんnet＞,0.97,True,match,
42,stage-014-3,アパホテル〈品川 泉岳寺駅前〉,東京都,泉岳寺・高輪ゲートウェイ,https://www.jalan.net/yad354769/,アパホテル〈品川 泉岳寺駅前〉,verified,アパホテル〈品川 泉岳寺駅前〉の施設概要,アパホテル〈品川 泉岳寺駅前〉 - 宿泊予約は＜じゃらんnet＞,0.97,True,match,
43,stage-015-1,品川プリンスホテル イーストタワー,東京都,品川,https://www.jalan.net/yad353540/,品川プリンスホテル イーストタワー,verified,品川プリンスホテル イーストタワーの施設概要,品川プリンスホテル イーストタワー - 宿泊予約は＜じゃらんnet＞,0.97,True,match,
44,stage-015-2,京急EXホテル高輪,東京都,品川・高輪台,https://www.jalan.net/yad349259/,京急ＥＸホテル高輪（2026年2月リニューアルオープン）,verified,京急ＥＸホテル高輪（2026年2月リニューアルオープン）の施設概要,京急ＥＸホテル高輪（2026年2月リニューアルオープン） - 宿泊予約は＜じゃらんnet＞,0.97,True,match,
45,stage-015-3,アパホテル〈品川 泉岳寺駅前〉,東京都,泉岳寺・高輪ゲートウェイ,https://www.jalan.net/yad354769/,アパホテル〈品川 泉岳寺駅前〉,verified,アパホテル〈品川 泉岳寺駅前〉の施設概要,アパホテル〈品川 泉岳寺駅前〉 - 宿泊予約は＜じゃらんnet＞,0.97,True,match,
46,stage-016-1,レム六本木,東京都,六本木,https://www.jalan.net/yad382341/,レム六本木,verified,レム六本木の施設概要,レム六本木 - 宿泊予約は＜じゃらんnet＞,0.97,True,match,
47,stage-016-2,相鉄フレッサイン 東京六本木,東京都,六本木,https://www.jalan.net/yad364444/,相鉄フレッサイン東京六本木,verified,相鉄フレッサイン東京六本木の施設概要,相鉄フレッサイン東京六本木 - 宿泊予約は＜じゃらんnet＞,0.97,True,match,
48,stage-016-3,コンフォートイン東京六本木,東京都,六本木,https://www.jalan.net/yad330535/,コンフォートイン東京六本木,verified,コンフォートイン東京六本木の施設概要,コンフォートイン東京六本木 - 宿泊予約は＜じゃらんnet＞,0.97,True,match,
49,stage-017-1,レム日比谷,東京都,有楽町・日比谷,https://www.jalan.net/yad334400/,レム日比谷,verified,レム日比谷の施設概要,レム日比谷 - 宿泊予約は＜じゃらんnet＞,0.97,True,match,
50,stage-017-2,銀座ベルビューホテル,東京都,有楽町・銀座,https://www.jalan.net/yad303626/,銀座ベルビューホテル,verified,銀座ベルビューホテルの施設概要,銀座ベルビューホテル - 宿泊予約は＜じゃらんnet＞,0.97,True,match,
51,stage-017-3,ダイワロイネットホテル新橋,東京都,新橋,https://www.jalan.net/yad344290/,ダイワロイネットホテル新橋,verified,ダイワロイネットホテル新橋の施設概要,ダイワロイネットホテル新橋 - 宿泊予約は＜じゃらんnet＞,0.97,True,match,
52,stage-018-1,ホテルヴィラフォンテーヌ東京大手町,東京都,大手町・神田,https://www.jalan.net/yad365524/,ヴィラフォンテーヌ東京大手町｜住友不動産,manual_verified,ヴィラフォンテーヌ東京大手町｜住友不動産の施設概要,ヴィラフォンテーヌ東京大手町｜住友不動産 - 宿泊予約は＜じゃらんnet＞,0.6667,True,review_name,
53,stage-018-2,相鉄フレッサイン 神田大手町,東京都,神田・大手町,https://www.jalan.net/yad359984/,相鉄フレッサイン神田大手町,verified,相鉄フレッサイン神田大手町の施設概要,相鉄フレッサイン神田大手町 - 宿泊予約は＜じゃらんnet＞,0.97,True,match,
54,stage-018-3,グランドセントラルホテル,東京都,神田,https://www.jalan.net/yad323236/,グランドセントラルホテル,verified,グランドセントラルホテルの施設概要,グランドセントラルホテル - 宿泊予約は＜じゃらんnet＞,0.97,True,match,
55,stage-019-1,レム日比谷,東京都,有楽町・日比谷,https://www.jalan.net/yad334400/,レム日比谷,verified,レム日比谷の施設概要,レム日比谷 - 宿泊予約は＜じゃらんnet＞,0.97,True,match,
56,stage-019-2,銀座ベルビューホテル,東京都,有楽町・銀座,https://www.jalan.net/yad303626/,銀座ベルビューホテル,verified,銀座ベルビューホテルの施設概要,銀座ベルビューホテル - 宿泊予約は＜じゃらんnet＞,0.97,True,match,
57,stage-019-3,ダイワロイネットホテル新橋,東京都,新橋,https://www.jalan.net/yad344290/,ダイワロイネットホテル新橋,verified,ダイワロイネットホテル新橋の施設概要,ダイワロイネットホテル新橋 - 宿泊予約は＜じゃらんnet＞,0.97,True,match,
58,stage-020-1,レム日比谷,東京都,有楽町・日比谷,https://www.jalan.net/yad334400/,レム日比谷,verified,レム日比谷の施設概要,レム日比谷 - 宿泊予約は＜じゃらんnet＞,0.97,True,match,
59,stage-020-2,銀座ベルビューホテル,東京都,有楽町・銀座,https://www.jalan.net/yad303626/,銀座ベルビューホテル,verified,銀座ベルビューホテルの施設概要,銀座ベルビューホテル - 宿泊予約は＜じゃらんnet＞,0.97,True,match,
60,stage-020-3,ダイワロイネットホテル新橋,東京都,新橋,https://www.jalan.net/yad344290/,ダイワロイネットホテル新橋,verified,ダイワロイネットホテル新橋の施設概要,ダイワロイネットホテル新橋 - 宿泊予約は＜じゃらんnet＞,0.97,True,match,
61,stage-021-1,レム日比谷,東京都,有楽町・日比谷,https://www.jalan.net/yad334400/,レム日比谷,verified,レム日比谷の施設概要,レム日比谷 - 宿泊予約は＜じゃらんnet＞,0.97,True,match,
62,stage-021-2,銀座ベルビューホテル,東京都,有楽町・銀座,https://www.jalan.net/yad303626/,銀座ベルビューホテル,verified,銀座ベルビューホテルの施設概要,銀座ベルビューホテル - 宿泊予約は＜じゃらんnet＞,0.97,True,match,
63,stage-021-3,ダイワロイネットホテル新橋,東京都,新橋,https://www.jalan.net/yad344290/,ダイワロイネットホテル新橋,verified,ダイワロイネットホテル新橋の施設概要,ダイワロイネットホテル新橋 - 宿泊予約は＜じゃらんnet＞,0.97,True,match,
64,stage-022-1,相鉄フレッサイン 銀座三丁目,東京都,銀座・東銀座,https://www.jalan.net/yad398781/,相鉄フレッサイン銀座三丁目,verified,相鉄フレッサイン銀座三丁目の施設概要,相鉄フレッサイン銀座三丁目 - 宿泊予約は＜じゃらんnet＞,0.97,True,match,
65,stage-022-2,ホテルモントレ銀座,東京都,銀座一丁目,https://www.jalan.net/yad347902/,ホテルモントレ銀座,verified,ホテルモントレ銀座の施設概要,ホテルモントレ銀座 - 宿泊予約は＜じゃらんnet＞,0.97,True,match,
66,stage-022-3,ダイワロイネットホテル東京京橋 PREMIER,東京都,京橋・東京,https://www.jalan.net/yad370598/,ダイワロイネットホテル東京京橋 PREMIER,verified,ダイワロイネットホテル東京京橋 PREMIERの施設概要,ダイワロイネットホテル東京京橋 PREMIER - 宿泊予約は＜じゃらんnet＞,0.97,True,match,
67,stage-023-1,the b 三軒茶屋,東京都,三軒茶屋,https://www.jalan.net/yad323781/,the b 三軒茶屋（ザビーさんげんぢゃや）,verified,the b 三軒茶屋（ザビーさんげんぢゃや）の施設概要,the b 三軒茶屋（ザビーさんげんぢゃや） - 宿泊予約は＜じゃらんnet＞,0.97,True,match,
68,stage-023-2,東急ステイ用賀,東京都,用賀,https://www.jalan.net/yad376499/,東急ステイ用賀,verified,東急ステイ用賀の施設概要,東急ステイ用賀 - 宿泊予約は＜じゃらんnet＞,0.97,True,match,
69,stage-023-3,東急ステイ渋谷,東京都,神泉・渋谷,https://www.jalan.net/yad329696/,東急ステイ渋谷（道玄坂上）,manual_verified,東急ステイ渋谷（道玄坂上）の施設概要,東急ステイ渋谷（道玄坂上） - 宿泊予約は＜じゃらんnet＞,0.97,True,match,
70,stage-024-1,The OneFive Tokyo Shibuya,東京都,渋谷・原宿,https://www.jalan.net/yad375986/,ザ・ワンファイブ東京渋谷,manual_verified,ザ・ワンファイブ東京渋谷の施設概要,ザ・ワンファイブ東京渋谷 - 宿泊予約は＜じゃらんnet＞,0.0,True,suspect,
71,stage-024-2,渋谷東武ホテル,東京都,渋谷,https://www.jalan.net/yad316476/,渋谷東武ホテル,verified,渋谷東武ホテルの施設概要,渋谷東武ホテル - 宿泊予約は＜じゃらんnet＞,0.97,True,match,
72,stage-024-3,渋谷クレストンホテル,東京都,渋谷・神泉,https://www.jalan.net/yad312949/,渋谷クレストンホテル（HMIホテルグループ）,verified,渋谷クレストンホテル（HMIホテルグループ）の施設概要,渋谷クレストンホテル（HMIホテルグループ） - 宿泊予約は＜じゃらんnet＞,0.97,True,match,
73,stage-025-1,The OneFive Tokyo Shibuya,東京都,渋谷・原宿,https://www.jalan.net/yad375986/,ザ・ワンファイブ東京渋谷,manual_verified,ザ・ワンファイブ東京渋谷の施設概要,ザ・ワンファイブ東京渋谷 - 宿泊予約は＜じゃらんnet＞,0.0,True,suspect,
74,stage-025-2,渋谷東武ホテル,東京都,渋谷,https://www.jalan.net/yad316476/,渋谷東武ホテル,verified,渋谷東武ホテルの施設概要,渋谷東武ホテル - 宿泊予約は＜じゃらんnet＞,0.97,True,match,
75,stage-025-3,渋谷クレストンホテル,東京都,渋谷・神泉,https://www.jalan.net/yad312949/,渋谷クレストンホテル（HMIホテルグループ）,verified,渋谷クレストンホテル（HMIホテルグループ）の施設概要,渋谷クレストンホテル（HMIホテルグループ） - 宿泊予約は＜じゃらんnet＞,0.97,True,match,
76,stage-026-1,ART HOTELS SHIBUYA,東京都,初台・幡ヶ谷,,,no_current_jalan_link,,,,,no_url,
77,stage-026-2,THE KNOT TOKYO Shinjuku,東京都,都庁前・西新宿五丁目,https://www.jalan.net/yad327330/,ザ ノット 東京新宿(THE KNOT TOKYO Shinjuku),verified,ザ ノット 東京新宿(THE KNOT TOKYO Shinjuku)の施設概要,ザ ノット 東京新宿(THE KNOT TOKYO Shinjuku) - 宿泊予約は＜じゃらんnet＞,0.97,True,match,
78,stage-026-3,アパホテル&リゾート〈西新宿五丁目駅タワー〉,東京都,西新宿五丁目,https://www.jalan.net/yad301471/,アパホテル＆リゾート〈西新宿五丁目駅前タワー〉,verified,アパホテル＆リゾート〈西新宿五丁目駅前タワー〉の施設概要,アパホテル＆リゾート〈西新宿五丁目駅前タワー〉 - 宿泊予約は＜じゃらんnet＞,0.8636,True,likely_match,
79,stage-027-1,ART HOTELS SHIBUYA,東京都,初台・幡ヶ谷,,,no_current_jalan_link,,,,,no_url,
80,stage-027-2,THE KNOT TOKYO Shinjuku,東京都,都庁前・西新宿五丁目,https://www.jalan.net/yad327330/,ザ ノット 東京新宿(THE KNOT TOKYO Shinjuku),verified,ザ ノット 東京新宿(THE KNOT TOKYO Shinjuku)の施設概要,ザ ノット 東京新宿(THE KNOT TOKYO Shinjuku) - 宿泊予約は＜じゃらんnet＞,0.97,True,match,
81,stage-027-3,アパホテル&リゾート〈西新宿五丁目駅タワー〉,東京都,西新宿五丁目,https://www.jalan.net/yad301471/,アパホテル＆リゾート〈西新宿五丁目駅前タワー〉,verified,アパホテル＆リゾート〈西新宿五丁目駅前タワー〉の施設概要,アパホテル＆リゾート〈西新宿五丁目駅前タワー〉 - 宿泊予約は＜じゃらんnet＞,0.8636,True,likely_match,
82,stage-028-1,ホテルサンシティ池袋,東京都,池袋西口,https://www.jalan.net/yad363660/,ホテルサンシティ池袋,verified,ホテルサンシティ池袋の施設概要,ホテルサンシティ池袋 - 宿泊予約は＜じゃらんnet＞,0.97,True,match,
83,stage-028-2,ホテルアーバン,東京都,池袋西口,https://www.jalan.net/yad329080/,ホテルアーバン,verified,ホテルアーバンの施設概要,ホテルアーバン - 宿泊予約は＜じゃらんnet＞,0.97,True,match,
84,stage-028-3,スーパーホテルPremier池袋天然温泉,東京都,池袋西口・北口,https://www.jalan.net/yad316663/,スーパーホテルPremier池袋天然温泉 奥湯河原美肌の湯,verified,スーパーホテルPremier池袋天然温泉 奥湯河原美肌の湯の施設概要,スーパーホテルPremier池袋天然温泉 奥湯河原美肌の湯 - 宿泊予約は＜じゃらんnet＞,0.97,True,match,
85,stage-029-1,ホテルサンシティ池袋,東京都,池袋西口,https://www.jalan.net/yad363660/,ホテルサンシティ池袋,verified,ホテルサンシティ池袋の施設概要,ホテルサンシティ池袋 - 宿泊予約は＜じゃらんnet＞,0.97,True,match,
86,stage-029-2,ホテルアーバン,東京都,池袋西口,https://www.jalan.net/yad329080/,ホテルアーバン,verified,ホテルアーバンの施設概要,ホテルアーバン - 宿泊予約は＜じゃらんnet＞,0.97,True,match,
87,stage-029-3,スーパーホテルPremier池袋天然温泉,東京都,池袋西口・北口,https://www.jalan.net/yad316663/,スーパーホテルPremier池袋天然温泉 奥湯河原美肌の湯,verified,スーパーホテルPremier池袋天然温泉 奥湯河原美肌の湯の施設概要,スーパーホテルPremier池袋天然温泉 奥湯河原美肌の湯 - 宿泊予約は＜じゃらんnet＞,0.97,True,match,
88,stage-030-1,ホテルサンシティ池袋,東京都,池袋西口,https://www.jalan.net/yad363660/,ホテルサンシティ池袋,verified,ホテルサンシティ池袋の施設概要,ホテルサンシティ池袋 - 宿泊予約は＜じゃらんnet＞,0.97,True,match,
89,stage-030-2,ホテルアーバン,東京都,池袋西口,https://www.jalan.net/yad329080/,ホテルアーバン,verified,ホテルアーバンの施設概要,ホテルアーバン - 宿泊予約は＜じゃらんnet＞,0.97,True,match,
90,stage-030-3,スーパーホテルPremier池袋天然温泉,東京都,池袋西口・北口,https://www.jalan.net/yad316663/,スーパーホテルPremier池袋天然温泉 奥湯河原美肌の湯,verified,スーパーホテルPremier池袋天然温泉 奥湯河原美肌の湯の施設概要,スーパーホテルPremier池袋天然温泉 奥湯河原美肌の湯 - 宿泊予約は＜じゃらんnet＞,0.97,True,match,
91,stage-031-1,the b 三軒茶屋,東京都,三軒茶屋,https://www.jalan.net/yad323781/,the b 三軒茶屋（ザビーさんげんぢゃや）,verified,the b 三軒茶屋（ザビーさんげんぢゃや）の施設概要,the b 三軒茶屋（ザビーさんげんぢゃや） - 宿泊予約は＜じゃらんnet＞,0.97,True,match,
92,stage-031-2,東急ステイ用賀,東京都,用賀,https://www.jalan.net/yad376499/,東急ステイ用賀,verified,東急ステイ用賀の施設概要,東急ステイ用賀 - 宿泊予約は＜じゃらんnet＞,0.97,True,match,
93,stage-031-3,東急ステイ渋谷,東京都,神泉・渋谷,https://www.jalan.net/yad329696/,東急ステイ渋谷（道玄坂上）,manual_verified,東急ステイ渋谷（道玄坂上）の施設概要,東急ステイ渋谷（道玄坂上） - 宿泊予約は＜じゃらんnet＞,0.97,True,match,
94,stage-032-1,the b 三軒茶屋,東京都,三軒茶屋,https://www.jalan.net/yad323781/,the b 三軒茶屋（ザビーさんげんぢゃや）,verified,the b 三軒茶屋（ザビーさんげんぢゃや）の施設概要,the b 三軒茶屋（ザビーさんげんぢゃや） - 宿泊予約は＜じゃらんnet＞,0.97,True,match,
95,stage-032-2,東急ステイ用賀,東京都,用賀,https://www.jalan.net/yad376499/,東急ステイ用賀,verified,東急ステイ用賀の施設概要,東急ステイ用賀 - 宿泊予約は＜じゃらんnet＞,0.97,True,match,
96,stage-032-3,東急ステイ渋谷,東京都,神泉・渋谷,https://www.jalan.net/yad329696/,東急ステイ渋谷（道玄坂上）,manual_verified,東急ステイ渋谷（道玄坂上）の施設概要,東急ステイ渋谷（道玄坂上） - 宿泊予約は＜じゃらんnet＞,0.97,True,match,
97,stage-033-1,ホテルサンライト新宿,東京都,新宿三丁目,https://www.jalan.net/yad343909/,ホテルサンライト新宿,verified,ホテルサンライト新宿の施設概要,ホテルサンライト新宿 - 宿泊予約は＜じゃらんnet＞,0.97,True,match,
98,stage-033-2,新宿アーバンホテル,東京都,新宿三丁目・東新宿,https://www.jalan.net/yad321016/,新宿アーバンホテル,verified,新宿アーバンホテルの施設概要,新宿アーバンホテル - 宿泊予約は＜じゃらんnet＞,0.97,True,match,
99,stage-033-3,ホテルアマネク新宿歌舞伎町,東京都,新宿・西武新宿,https://www.jalan.net/yad357994/,ホテルアマネク新宿歌舞伎町,verified,ホテルアマネク新宿歌舞伎町の施設概要,ホテルアマネク新宿歌舞伎町 - 宿泊予約は＜じゃらんnet＞,0.97,True,match,
100,stage-034-1,ホテルサンルートプラザ新宿,東京都,新宿南口,https://www.jalan.net/yad351204/,ホテルサンルートプラザ新宿,verified,ホテルサンルートプラザ新宿の施設概要,ホテルサンルートプラザ新宿 - 宿泊予約は＜じゃらんnet＞,0.97,True,match,
101,stage-034-2,JR九州ホテル ブラッサム新宿,東京都,新宿南口,https://www.jalan.net/yad391743/,ＪＲ九州ホテルブラッサム新宿,verified,ＪＲ九州ホテルブラッサム新宿の施設概要,ＪＲ九州ホテルブラッサム新宿 - 宿泊予約は＜じゃらんnet＞,0.97,True,match,
102,stage-034-3,京王プレッソイン新宿,東京都,新宿・都庁前,https://www.jalan.net/yad399872/,京王プレッソイン新宿,verified,京王プレッソイン新宿の施設概要,京王プレッソイン新宿 - 宿泊予約は＜じゃらんnet＞,0.97,True,match,
103,stage-035-1,ホテルサンルートプラザ新宿,東京都,新宿南口,https://www.jalan.net/yad351204/,ホテルサンルートプラザ新宿,verified,ホテルサンルートプラザ新宿の施設概要,ホテルサンルートプラザ新宿 - 宿泊予約は＜じゃらんnet＞,0.97,True,match,
104,stage-035-2,JR九州ホテル ブラッサム新宿,東京都,新宿南口,https://www.jalan.net/yad391743/,ＪＲ九州ホテルブラッサム新宿,verified,ＪＲ九州ホテルブラッサム新宿の施設概要,ＪＲ九州ホテルブラッサム新宿 - 宿泊予約は＜じゃらんnet＞,0.97,True,match,
105,stage-035-3,京王プレッソイン新宿,東京都,新宿・都庁前,https://www.jalan.net/yad399872/,京王プレッソイン新宿,verified,京王プレッソイン新宿の施設概要,京王プレッソイン新宿 - 宿泊予約は＜じゃらんnet＞,0.97,True,match,
106,stage-036-1,ホテルサンライト新宿,東京都,新宿三丁目,https://www.jalan.net/yad343909/,ホテルサンライト新宿,verified,ホテルサンライト新宿の施設概要,ホテルサンライト新宿 - 宿泊予約は＜じゃらんnet＞,0.97,True,match,
107,stage-036-2,新宿アーバンホテル,東京都,新宿三丁目・東新宿,https://www.jalan.net/yad321016/,新宿アーバンホテル,verified,新宿アーバンホテルの施設概要,新宿アーバンホテル - 宿泊予約は＜じゃらんnet＞,0.97,True,match,
108,stage-036-3,ホテルアマネク新宿歌舞伎町,東京都,新宿・西武新宿,https://www.jalan.net/yad357994/,ホテルアマネク新宿歌舞伎町,verified,ホテルアマネク新宿歌舞伎町の施設概要,ホテルアマネク新宿歌舞伎町 - 宿泊予約は＜じゃらんnet＞,0.97,True,match,
109,stage-037-1,ホテルサンライト新宿,東京都,新宿三丁目,https://www.jalan.net/yad343909/,ホテルサンライト新宿,verified,ホテルサンライト新宿の施設概要,ホテルサンライト新宿 - 宿泊予約は＜じゃらんnet＞,0.97,True,match,
110,stage-037-2,新宿アーバンホテル,東京都,新宿三丁目・東新宿,https://www.jalan.net/yad321016/,新宿アーバンホテル,verified,新宿アーバンホテルの施設概要,新宿アーバンホテル - 宿泊予約は＜じゃらんnet＞,0.97,True,match,
111,stage-037-3,ホテルアマネク新宿歌舞伎町,東京都,新宿・西武新宿,https://www.jalan.net/yad357994/,ホテルアマネク新宿歌舞伎町,verified,ホテルアマネク新宿歌舞伎町の施設概要,ホテルアマネク新宿歌舞伎町 - 宿泊予約は＜じゃらんnet＞,0.97,True,match,
112,stage-038-1,ホテルサンライト新宿,東京都,新宿三丁目,https://www.jalan.net/yad343909/,ホテルサンライト新宿,verified,ホテルサンライト新宿の施設概要,ホテルサンライト新宿 - 宿泊予約は＜じゃらんnet＞,0.97,True,match,
113,stage-038-2,新宿アーバンホテル,東京都,新宿三丁目・東新宿,https://www.jalan.net/yad321016/,新宿アーバンホテル,verified,新宿アーバンホテルの施設概要,新宿アーバンホテル - 宿泊予約は＜じゃらんnet＞,0.97,True,match,
114,stage-038-3,ホテルアマネク新宿歌舞伎町,東京都,新宿・西武新宿,https://www.jalan.net/yad357994/,ホテルアマネク新宿歌舞伎町,verified,ホテルアマネク新宿歌舞伎町の施設概要,ホテルアマネク新宿歌舞伎町 - 宿泊予約は＜じゃらんnet＞,0.97,True,match,
115,stage-039-1,ホテルアジア会館,東京都,青山一丁目・乃木坂,https://www.jalan.net/yad344328/,ホテル アジア会館,verified,ホテル アジア会館の施設概要,ホテル アジア会館 - 宿泊予約は＜じゃらんnet＞,0.97,True,match,
116,stage-039-2,the b 赤坂,東京都,赤坂,https://www.jalan.net/yad383484/,the b 赤坂（ザビーあかさか）,manual_verified,the b 赤坂（ザビーあかさか）の施設概要,the b 赤坂（ザビーあかさか） - 宿泊予約は＜じゃらんnet＞,0.97,True,match,
117,stage-039-3,ホテルモントレ赤坂,東京都,赤坂見附・青山一丁目,https://www.jalan.net/yad380660/,ホテルモントレ赤坂,verified,ホテルモントレ赤坂の施設概要,ホテルモントレ赤坂 - 宿泊予約は＜じゃらんnet＞,0.97,True,match,
118,stage-040-1,ホテルアジア会館,東京都,青山一丁目・乃木坂,https://www.jalan.net/yad344328/,ホテル アジア会館,verified,ホテル アジア会館の施設概要,ホテル アジア会館 - 宿泊予約は＜じゃらんnet＞,0.97,True,match,
119,stage-040-2,the b 赤坂,東京都,赤坂,https://www.jalan.net/yad383484/,the b 赤坂（ザビーあかさか）,manual_verified,the b 赤坂（ザビーあかさか）の施設概要,the b 赤坂（ザビーあかさか） - 宿泊予約は＜じゃらんnet＞,0.97,True,match,
120,stage-040-3,ホテルモントレ赤坂,東京都,赤坂見附・青山一丁目,https://www.jalan.net/yad380660/,ホテルモントレ赤坂,verified,ホテルモントレ赤坂の施設概要,ホテルモントレ赤坂 - 宿泊予約は＜じゃらんnet＞,0.97,True,match,
121,stage-041-1,相鉄フレッサイン 銀座三丁目,東京都,銀座・東銀座,https://www.jalan.net/yad398781/,相鉄フレッサイン銀座三丁目,verified,相鉄フレッサイン銀座三丁目の施設概要,相鉄フレッサイン銀座三丁目 - 宿泊予約は＜じゃらんnet＞,0.97,True,match,
122,stage-041-2,ホテルモントレ銀座,東京都,銀座一丁目,https://www.jalan.net/yad347902/,ホテルモントレ銀座,verified,ホテルモントレ銀座の施設概要,ホテルモントレ銀座 - 宿泊予約は＜じゃらんnet＞,0.97,True,match,
123,stage-041-3,ダイワロイネットホテル東京京橋 PREMIER,東京都,京橋・東京,https://www.jalan.net/yad370598/,ダイワロイネットホテル東京京橋 PREMIER,verified,ダイワロイネットホテル東京京橋 PREMIERの施設概要,ダイワロイネットホテル東京京橋 PREMIER - 宿泊予約は＜じゃらんnet＞,0.97,True,match,
124,stage-042-1,The OneFive Tokyo Shibuya,東京都,渋谷・原宿,https://www.jalan.net/yad375986/,ザ・ワンファイブ東京渋谷,manual_verified,ザ・ワンファイブ東京渋谷の施設概要,ザ・ワンファイブ東京渋谷 - 宿泊予約は＜じゃらんnet＞,0.0,True,suspect,
125,stage-042-2,渋谷東武ホテル,東京都,渋谷,https://www.jalan.net/yad316476/,渋谷東武ホテル,verified,渋谷東武ホテルの施設概要,渋谷東武ホテル - 宿泊予約は＜じゃらんnet＞,0.97,True,match,
126,stage-042-3,渋谷クレストンホテル,東京都,渋谷・神泉,https://www.jalan.net/yad312949/,渋谷クレストンホテル（HMIホテルグループ）,verified,渋谷クレストンホテル（HMIホテルグループ）の施設概要,渋谷クレストンホテル（HMIホテルグループ） - 宿泊予約は＜じゃらんnet＞,0.97,True,match,
127,stage-043-1,The OneFive Tokyo Shibuya,東京都,渋谷・原宿,https://www.jalan.net/yad375986/,ザ・ワンファイブ東京渋谷,manual_verified,ザ・ワンファイブ東京渋谷の施設概要,ザ・ワンファイブ東京渋谷 - 宿泊予約は＜じゃらんnet＞,0.0,True,suspect,
128,stage-043-2,渋谷東武ホテル,東京都,渋谷,https://www.jalan.net/yad316476/,渋谷東武ホテル,verified,渋谷東武ホテルの施設概要,渋谷東武ホテル - 宿泊予約は＜じゃらんnet＞,0.97,True,match,
129,stage-043-3,渋谷クレストンホテル,東京都,渋谷・神泉,https://www.jalan.net/yad312949/,渋谷クレストンホテル（HMIホテルグループ）,verified,渋谷クレストンホテル（HMIホテルグループ）の施設概要,渋谷クレストンホテル（HMIホテルグループ） - 宿泊予約は＜じゃらんnet＞,0.97,True,match,
130,stage-044-1,The OneFive Tokyo Shibuya,東京都,渋谷・原宿,https://www.jalan.net/yad375986/,ザ・ワンファイブ東京渋谷,manual_verified,ザ・ワンファイブ東京渋谷の施設概要,ザ・ワンファイブ東京渋谷 - 宿泊予約は＜じゃらんnet＞,0.0,True,suspect,
131,stage-044-2,渋谷東武ホテル,東京都,渋谷,https://www.jalan.net/yad316476/,渋谷東武ホテル,verified,渋谷東武ホテルの施設概要,渋谷東武ホテル - 宿泊予約は＜じゃらんnet＞,0.97,True,match,
132,stage-044-3,渋谷クレストンホテル,東京都,渋谷・神泉,https://www.jalan.net/yad312949/,渋谷クレストンホテル（HMIホテルグループ）,verified,渋谷クレストンホテル（HMIホテルグループ）の施設概要,渋谷クレストンホテル（HMIホテルグループ） - 宿泊予約は＜じゃらんnet＞,0.97,True,match,
133,stage-045-1,アーバイン東京・上野 北千住,東京都,北千住,https://www.jalan.net/yad381076/,アーバイン東京・上野 北千住,verified,アーバイン東京・上野 北千住の施設概要,アーバイン東京・上野 北千住 - 宿泊予約は＜じゃらんnet＞,0.97,True,match,
134,stage-045-2,ホテル ココ・グラン北千住,東京都,北千住,https://www.jalan.net/yad323264/,ホテルココ・グラン北千住,verified,ホテルココ・グラン北千住の施設概要,ホテルココ・グラン北千住 - 宿泊予約は＜じゃらんnet＞,0.97,True,match,
135,stage-045-3,ホテルリブマックス東京綾瀬駅前,東京都,綾瀬,https://www.jalan.net/yad359437/,ホテルリブマックス東京綾瀬駅前,verified,ホテルリブマックス東京綾瀬駅前の施設概要,ホテルリブマックス東京綾瀬駅前 - 宿泊予約は＜じゃらんnet＞,0.97,True,match,
136,stage-046-1,スマイルホテル東京綾瀬駅前,東京都,綾瀬,https://www.jalan.net/yad386875/,スマイルホテル東京綾瀬駅前,verified,スマイルホテル東京綾瀬駅前の施設概要,スマイルホテル東京綾瀬駅前 - 宿泊予約は＜じゃらんnet＞,0.97,True,match,
137,stage-046-2,ホテルリブマックス東京綾瀬駅前,東京都,綾瀬,https://www.jalan.net/yad359437/,ホテルリブマックス東京綾瀬駅前,verified,ホテルリブマックス東京綾瀬駅前の施設概要,ホテルリブマックス東京綾瀬駅前 - 宿泊予約は＜じゃらんnet＞,0.97,True,match,
138,stage-046-3,アーバイン東京・上野 北千住,東京都,北千住,https://www.jalan.net/yad381076/,アーバイン東京・上野 北千住,verified,アーバイン東京・上野 北千住の施設概要,アーバイン東京・上野 北千住 - 宿泊予約は＜じゃらんnet＞,0.97,True,match,
139,stage-047-1,くれたけイン東京船堀,東京都,船堀,https://www.jalan.net/yad367968/,くれたけイン東京船堀,verified,くれたけイン東京船堀の施設概要,くれたけイン東京船堀 - 宿泊予約は＜じゃらんnet＞,0.97,True,match,
140,stage-047-2,レンブラントスタイル東京西葛西,東京都,西葛西,https://www.jalan.net/yad398420/,レンブラントスタイル東京西葛西グランデ,verified,レンブラントスタイル東京西葛西グランデの施設概要,レンブラントスタイル東京西葛西グランデ - 宿泊予約は＜じゃらんnet＞,0.97,True,match,
141,stage-047-3,アパホテル〈TKP東京西葛西〉,東京都,西葛西,https://www.jalan.net/yad317197/,アパホテル〈TKP東京西葛西〉,verified,アパホテル〈TKP東京西葛西〉の施設概要,アパホテル〈TKP東京西葛西〉 - 宿泊予約は＜じゃらんnet＞,0.97,True,match,
142,stage-048-1,スマイルホテル東京新小岩,東京都,新小岩,https://www.jalan.net/yad318472/,スマイルホテル東京新小岩,verified,スマイルホテル東京新小岩の施設概要,スマイルホテル東京新小岩 - 宿泊予約は＜じゃらんnet＞,0.97,True,match,
143,stage-048-2,スーパーホテル東京・JR新小岩,東京都,新小岩,https://www.jalan.net/yad330980/,スーパーホテル東京・ＪＲ新小岩,verified,スーパーホテル東京・ＪＲ新小岩の施設概要,スーパーホテル東京・ＪＲ新小岩 - 宿泊予約は＜じゃらんnet＞,0.97,True,match,
144,stage-048-3,サイプレスイン東京,東京都,新小岩,https://www.jalan.net/yad360845/,サイプレスイン東京,verified,サイプレスイン東京の施設概要,サイプレスイン東京 - 宿泊予約は＜じゃらんnet＞,0.97,True,match,
145,stage-049-1,スマイルホテル東京新小岩,東京都,新小岩,https://www.jalan.net/yad318472/,スマイルホテル東京新小岩,verified,スマイルホテル東京新小岩の施設概要,スマイルホテル東京新小岩 - 宿泊予約は＜じゃらんnet＞,0.97,True,match,
146,stage-049-2,スーパーホテル東京・JR新小岩,東京都,新小岩,https://www.jalan.net/yad330980/,スーパーホテル東京・ＪＲ新小岩,verified,スーパーホテル東京・ＪＲ新小岩の施設概要,スーパーホテル東京・ＪＲ新小岩 - 宿泊予約は＜じゃらんnet＞,0.97,True,match,
147,stage-049-3,サイプレスイン東京,東京都,新小岩,https://www.jalan.net/yad360845/,サイプレスイン東京,verified,サイプレスイン東京の施設概要,サイプレスイン東京 - 宿泊予約は＜じゃらんnet＞,0.97,True,match,
148,stage-050-1,フレックステイイン江古田,東京都,江古田・新江古田,https://www.jalan.net/yad378405/,フレックステイイン江古田,verified,フレックステイイン江古田の施設概要,フレックステイイン江古田 - 宿泊予約は＜じゃらんnet＞,0.97,True,match,
149,stage-050-2,ホテルカデンツァ東京,東京都,光が丘,https://www.jalan.net/yad318646/,ホテルカデンツァ東京,verified,ホテルカデンツァ東京の施設概要,ホテルカデンツァ東京 - 宿泊予約は＜じゃらんnet＞,0.97,True,match,
150,stage-050-3,和光市東武ホテル,東京都,和光市,https://www.jalan.net/yad370584/,和光市東武ホテル,verified,和光市東武ホテルの施設概要,和光市東武ホテル - 宿泊予約は＜じゃらんnet＞,0.97,False,suspect,
151,stage-051-1,フレックステイイン江古田,東京都,江古田・新江古田,https://www.jalan.net/yad378405/,フレックステイイン江古田,verified,フレックステイイン江古田の施設概要,フレックステイイン江古田 - 宿泊予約は＜じゃらんnet＞,0.97,True,match,
152,stage-051-2,ホテルカデンツァ東京,東京都,光が丘,https://www.jalan.net/yad318646/,ホテルカデンツァ東京,verified,ホテルカデンツァ東京の施設概要,ホテルカデンツァ東京 - 宿泊予約は＜じゃらんnet＞,0.97,True,match,
153,stage-051-3,和光市東武ホテル,東京都,和光市,https://www.jalan.net/yad370584/,和光市東武ホテル,verified,和光市東武ホテルの施設概要,和光市東武ホテル - 宿泊予約は＜じゃらんnet＞,0.97,False,suspect,
154,stage-052-1,吉祥寺東急REIホテル,東京都,吉祥寺,https://www.jalan.net/yad311450/,吉祥寺東急REIホテル,verified,吉祥寺東急REIホテルの施設概要,吉祥寺東急REIホテル - 宿泊予約は＜じゃらんnet＞,0.97,True,match,
155,stage-052-2,吉祥寺エクセルホテル東急,東京都,吉祥寺,https://www.jalan.net/yad364620/,吉祥寺エクセルホテル東急,verified,吉祥寺エクセルホテル東急の施設概要,吉祥寺エクセルホテル東急 - 宿泊予約は＜じゃらんnet＞,0.97,True,match,
156,stage-052-3,リッチモンドホテル東京武蔵野,東京都,三鷹,https://www.jalan.net/yad328441/,リッチモンドホテル東京武蔵野,verified,リッチモンドホテル東京武蔵野の施設概要,リッチモンドホテル東京武蔵野 - 宿泊予約は＜じゃらんnet＞,0.97,True,match,
157,stage-053-1,リッチモンドホテル東京武蔵野,東京都,三鷹,https://www.jalan.net/yad328441/,リッチモンドホテル東京武蔵野,verified,リッチモンドホテル東京武蔵野の施設概要,リッチモンドホテル東京武蔵野 - 宿泊予約は＜じゃらんnet＞,0.97,True,match,
158,stage-053-2,三鷹シティホテル,東京都,三鷹,https://www.jalan.net/yad398198/,三鷹シティホテル,verified,三鷹シティホテルの施設概要,三鷹シティホテル - 宿泊予約は＜じゃらんnet＞,0.97,True,match,
159,stage-053-3,JR東日本ホテルメッツ 武蔵境,東京都,武蔵境,https://www.jalan.net/yad306355/,JR東日本ホテルメッツ 武蔵境,verified,JR東日本ホテルメッツ 武蔵境の施設概要,JR東日本ホテルメッツ 武蔵境 - 宿泊予約は＜じゃらんnet＞,0.97,True,match,
160,stage-054-1,リッチモンドホテル東京武蔵野,東京都,三鷹,https://www.jalan.net/yad328441/,リッチモンドホテル東京武蔵野,verified,リッチモンドホテル東京武蔵野の施設概要,リッチモンドホテル東京武蔵野 - 宿泊予約は＜じゃらんnet＞,0.97,True,match,
161,stage-054-2,三鷹シティホテル,東京都,三鷹,https://www.jalan.net/yad398198/,三鷹シティホテル,verified,三鷹シティホテルの施設概要,三鷹シティホテル - 宿泊予約は＜じゃらんnet＞,0.97,True,match,
162,stage-054-3,JR東日本ホテルメッツ 武蔵境,東京都,武蔵境,https://www.jalan.net/yad306355/,JR東日本ホテルメッツ 武蔵境,verified,JR東日本ホテルメッツ 武蔵境の施設概要,JR東日本ホテルメッツ 武蔵境 - 宿泊予約は＜じゃらんnet＞,0.97,True,match,
163,stage-055-1,JR東日本ホテルメッツ 高円寺,東京都,高円寺,https://www.jalan.net/yad360888/,JR東日本ホテルメッツ 高円寺,verified,JR東日本ホテルメッツ 高円寺の施設概要,JR東日本ホテルメッツ 高円寺 - 宿泊予約は＜じゃらんnet＞,0.97,True,match,
164,stage-055-2,ビジネスホテル クレセント,東京都,中野,https://www.jalan.net/yad326133/,ビジネスホテル クレセント,verified,ビジネスホテル クレセントの施設概要,ビジネスホテル クレセント - 宿泊予約は＜じゃらんnet＞,0.97,True,match,
165,stage-055-3,ホテルルートイン東京阿佐ヶ谷,東京都,南阿佐ヶ谷,https://www.jalan.net/yad340828/,ホテルルートイン東京阿佐ヶ谷,verified,ホテルルートイン東京阿佐ヶ谷の施設概要,ホテルルートイン東京阿佐ヶ谷 - 宿泊予約は＜じゃらんnet＞,0.97,True,match,
166,stage-056-1,JR東日本ホテルメッツ 高円寺,東京都,高円寺,https://www.jalan.net/yad360888/,JR東日本ホテルメッツ 高円寺,verified,JR東日本ホテルメッツ 高円寺の施設概要,JR東日本ホテルメッツ 高円寺 - 宿泊予約は＜じゃらんnet＞,0.97,True,match,
167,stage-056-2,ビジネスホテル クレセント,東京都,中野,https://www.jalan.net/yad326133/,ビジネスホテル クレセント,verified,ビジネスホテル クレセントの施設概要,ビジネスホテル クレセント - 宿泊予約は＜じゃらんnet＞,0.97,True,match,
168,stage-056-3,ホテルルートイン東京阿佐ヶ谷,東京都,南阿佐ヶ谷,https://www.jalan.net/yad340828/,ホテルルートイン東京阿佐ヶ谷,verified,ホテルルートイン東京阿佐ヶ谷の施設概要,ホテルルートイン東京阿佐ヶ谷 - 宿泊予約は＜じゃらんnet＞,0.97,True,match,
169,stage-057-1,ビジネスホテル クレセント,東京都,中野,https://www.jalan.net/yad326133/,ビジネスホテル クレセント,verified,ビジネスホテル クレセントの施設概要,ビジネスホテル クレセント - 宿泊予約は＜じゃらんnet＞,0.97,True,match,
170,stage-057-2,JR東日本ホテルメッツ 高円寺,東京都,高円寺,https://www.jalan.net/yad360888/,JR東日本ホテルメッツ 高円寺,verified,JR東日本ホテルメッツ 高円寺の施設概要,JR東日本ホテルメッツ 高円寺 - 宿泊予約は＜じゃらんnet＞,0.97,True,match,
171,stage-057-3,ホテルルートイン東京阿佐ヶ谷,東京都,南阿佐ヶ谷,https://www.jalan.net/yad340828/,ホテルルートイン東京阿佐ヶ谷,verified,ホテルルートイン東京阿佐ヶ谷の施設概要,ホテルルートイン東京阿佐ヶ谷 - 宿泊予約は＜じゃらんnet＞,0.97,True,match,
172,stage-058-1,ビジネスホテル クレセント,東京都,中野,https://www.jalan.net/yad326133/,ビジネスホテル クレセント,verified,ビジネスホテル クレセントの施設概要,ビジネスホテル クレセント - 宿泊予約は＜じゃらんnet＞,0.97,True,match,
173,stage-058-2,JR東日本ホテルメッツ 高円寺,東京都,高円寺,https://www.jalan.net/yad360888/,JR東日本ホテルメッツ 高円寺,verified,JR東日本ホテルメッツ 高円寺の施設概要,JR東日本ホテルメッツ 高円寺 - 宿泊予約は＜じゃらんnet＞,0.97,True,match,
174,stage-058-3,ホテルルートイン東京阿佐ヶ谷,東京都,南阿佐ヶ谷,https://www.jalan.net/yad340828/,ホテルルートイン東京阿佐ヶ谷,verified,ホテルルートイン東京阿佐ヶ谷の施設概要,ホテルルートイン東京阿佐ヶ谷 - 宿泊予約は＜じゃらんnet＞,0.97,True,match,
175,stage-059-1,ビジネスホテル クレセント,東京都,中野,https://www.jalan.net/yad326133/,ビジネスホテル クレセント,verified,ビジネスホテル クレセントの施設概要,ビジネスホテル クレセント - 宿泊予約は＜じゃらんnet＞,0.97,True,match,
176,stage-059-2,JR東日本ホテルメッツ 高円寺,東京都,高円寺,https://www.jalan.net/yad360888/,JR東日本ホテルメッツ 高円寺,verified,JR東日本ホテルメッツ 高円寺の施設概要,JR東日本ホテルメッツ 高円寺 - 宿泊予約は＜じゃらんnet＞,0.97,True,match,
177,stage-059-3,ホテルルートイン東京阿佐ヶ谷,東京都,南阿佐ヶ谷,https://www.jalan.net/yad340828/,ホテルルートイン東京阿佐ヶ谷,verified,ホテルルートイン東京阿佐ヶ谷の施設概要,ホテルルートイン東京阿佐ヶ谷 - 宿泊予約は＜じゃらんnet＞,0.97,True,match,
178,stage-060-1,ビジネスホテル クレセント,東京都,中野,https://www.jalan.net/yad326133/,ビジネスホテル クレセント,verified,ビジネスホテル クレセントの施設概要,ビジネスホテル クレセント - 宿泊予約は＜じゃらんnet＞,0.97,True,match,
179,stage-060-2,JR東日本ホテルメッツ 高円寺,東京都,高円寺,https://www.jalan.net/yad360888/,JR東日本ホテルメッツ 高円寺,verified,JR東日本ホテルメッツ 高円寺の施設概要,JR東日本ホテルメッツ 高円寺 - 宿泊予約は＜じゃらんnet＞,0.97,True,match,
180,stage-060-3,ホテルルートイン東京阿佐ヶ谷,東京都,南阿佐ヶ谷,https://www.jalan.net/yad340828/,ホテルルートイン東京阿佐ヶ谷,verified,ホテルルートイン東京阿佐ヶ谷の施設概要,ホテルルートイン東京阿佐ヶ谷 - 宿泊予約は＜じゃらんnet＞,0.97,True,match,
181,stage-061-1,ビジネスホテル クレセント,東京都,中野,https://www.jalan.net/yad326133/,ビジネスホテル クレセント,verified,ビジネスホテル クレセントの施設概要,ビジネスホテル クレセント - 宿泊予約は＜じゃらんnet＞,0.97,True,match,
182,stage-061-2,JR東日本ホテルメッツ 高円寺,東京都,高円寺,https://www.jalan.net/yad360888/,JR東日本ホテルメッツ 高円寺,verified,JR東日本ホテルメッツ 高円寺の施設概要,JR東日本ホテルメッツ 高円寺 - 宿泊予約は＜じゃらんnet＞,0.97,True,match,
183,stage-061-3,ホテルルートイン東京阿佐ヶ谷,東京都,南阿佐ヶ谷,https://www.jalan.net/yad340828/,ホテルルートイン東京阿佐ヶ谷,verified,ホテルルートイン東京阿佐ヶ谷の施設概要,ホテルルートイン東京阿佐ヶ谷 - 宿泊予約は＜じゃらんnet＞,0.97,True,match,
184,stage-062-1,ホテルグランドシティ,東京都,池袋東口,https://www.jalan.net/yad317472/,ホテルグランドシティ,verified,ホテルグランドシティの施設概要,ホテルグランドシティ - 宿泊予約は＜じゃらんnet＞,0.97,True,match,
185,stage-062-2,ホテルリソル池袋,東京都,東池袋・池袋,https://www.jalan.net/yad386545/,ホテルリソル池袋,verified,ホテルリソル池袋の施設概要,ホテルリソル池袋 - 宿泊予約は＜じゃらんnet＞,0.97,True,match,
186,stage-062-3,京王プレッソイン池袋,東京都,東池袋・池袋,https://www.jalan.net/yad333355/,京王プレッソイン池袋,verified,京王プレッソイン池袋の施設概要,京王プレッソイン池袋 - 宿泊予約は＜じゃらんnet＞,0.97,True,match,
187,stage-063-1,TOKIO's HOTEL,東京都,王子,,,no_current_jalan_link,,,,,no_url,
188,stage-063-2,東横INN京浜東北線王子駅北口,東京都,王子,https://www.jalan.net/yad378762/,東横ＩＮＮ京浜東北線王子駅北口,verified,東横ＩＮＮ京浜東北線王子駅北口の施設概要,東横ＩＮＮ京浜東北線王子駅北口 - 宿泊予約は＜じゃらんnet＞,0.97,True,match,
189,stage-063-3,JR東日本ホテルメッツ 赤羽,東京都,赤羽,https://www.jalan.net/yad312583/,JR東日本ホテルメッツ 赤羽,verified,JR東日本ホテルメッツ 赤羽の施設概要,JR東日本ホテルメッツ 赤羽 - 宿泊予約は＜じゃらんnet＞,0.97,True,match,
190,stage-064-1,ホテルカデンツァ東京,東京都,光が丘,https://www.jalan.net/yad318646/,ホテルカデンツァ東京,verified,ホテルカデンツァ東京の施設概要,ホテルカデンツァ東京 - 宿泊予約は＜じゃらんnet＞,0.97,True,match,
191,stage-064-2,和光市東武ホテル,東京都,和光市,https://www.jalan.net/yad370584/,和光市東武ホテル,verified,和光市東武ホテルの施設概要,和光市東武ホテル - 宿泊予約は＜じゃらんnet＞,0.97,False,suspect,
192,stage-064-3,東横INN和光市駅前,東京都,和光市,https://www.jalan.net/yad329704/,東横ＩＮＮ和光市駅前,verified,東横ＩＮＮ和光市駅前の施設概要,東横ＩＮＮ和光市駅前 - 宿泊予約は＜じゃらんnet＞,0.97,False,suspect,
193,stage-065-1,東急ステイ目黒・祐天寺,東京都,祐天寺,https://www.jalan.net/yad322009/,東急ステイ目黒・祐天寺,verified,東急ステイ目黒・祐天寺の施設概要,東急ステイ目黒・祐天寺 - 宿泊予約は＜じゃらんnet＞,0.97,True,match,
194,stage-065-2,ホテルミッドイン目黒駅前,東京都,目黒,https://www.jalan.net/yad351481/,ネストホテルオルト目黒駅前,rebranded_current_page,ネストホテルオルト目黒駅前の施設概要,ネストホテルオルト目黒駅前 - 宿泊予約は＜じゃらんnet＞,0.4667,True,suspect,
195,stage-065-3,ホテルアベスト目黒,東京都,目黒,https://www.jalan.net/yad375748/,ホテルアベスト目黒,verified,ホテルアベスト目黒の施設概要,ホテルアベスト目黒 - 宿泊予約は＜じゃらんnet＞,0.97,True,match,
196,stage-066-1,ホテルマイステイズ蒲田,東京都,蒲田,https://www.jalan.net/yad328010/,ホテルマイステイズ蒲田,verified,ホテルマイステイズ蒲田の施設概要,ホテルマイステイズ蒲田 - 宿泊予約は＜じゃらんnet＞,0.97,True,match,
197,stage-066-2,ビジネスイン和,東京都,蒲田,https://www.jalan.net/yad380776/,ビジネスイン和,verified,ビジネスイン和の施設概要,ビジネスイン和 - 宿泊予約は＜じゃらんnet＞,0.97,True,match,
198,stage-066-3,グランパークホテル パネックス東京,東京都,蒲田,https://www.jalan.net/yad332385/,グランパークホテル パネックス東京,verified,グランパークホテル パネックス東京の施設概要,グランパークホテル パネックス東京 - 宿泊予約は＜じゃらんnet＞,0.97,True,match,
199,stage-067-1,ホテル トレンド 浅草,東京都,浅草,https://www.jalan.net/yad337634/,ホテルトレンド浅草,verified,ホテルトレンド浅草の施設概要,ホテルトレンド浅草 - 宿泊予約は＜じゃらんnet＞,0.97,True,match,
200,stage-067-2,アパホテル〈浅草 田原町駅前〉,東京都,田原町・浅草,https://www.jalan.net/yad347008/,アパホテル〈浅草 田原町駅前〉,verified,アパホテル〈浅草 田原町駅前〉の施設概要,アパホテル〈浅草 田原町駅前〉 - 宿泊予約は＜じゃらんnet＞,0.97,True,match,
201,stage-067-3,ホテルウィングインターナショナルセレクト浅草駒形,東京都,浅草・蔵前,https://www.jalan.net/yad357688/,KOKO HOTEL 浅草駒形,rebranded_current_page,KOKO HOTEL 浅草駒形の施設概要,KOKO HOTEL 浅草駒形 - 宿泊予約は＜じゃらんnet＞,0.1905,True,suspect,
202,stage-068-1,ホテル トレンド 浅草,東京都,浅草,https://www.jalan.net/yad337634/,ホテルトレンド浅草,verified,ホテルトレンド浅草の施設概要,ホテルトレンド浅草 - 宿泊予約は＜じゃらんnet＞,0.97,True,match,
203,stage-068-2,アパホテル〈浅草 田原町駅前〉,東京都,田原町・浅草,https://www.jalan.net/yad347008/,アパホテル〈浅草 田原町駅前〉,verified,アパホテル〈浅草 田原町駅前〉の施設概要,アパホテル〈浅草 田原町駅前〉 - 宿泊予約は＜じゃらんnet＞,0.97,True,match,
204,stage-068-3,ホテルウィングインターナショナルセレクト浅草駒形,東京都,浅草・蔵前,https://www.jalan.net/yad357688/,KOKO HOTEL 浅草駒形,rebranded_current_page,KOKO HOTEL 浅草駒形の施設概要,KOKO HOTEL 浅草駒形 - 宿泊予約は＜じゃらんnet＞,0.1905,True,suspect,
205,stage-069-1,スーパーホテル品川・新馬場,東京都,新馬場,https://www.jalan.net/yad304182/,スーパーホテル品川・新馬場 高濃度炭酸泉 七福神の湯,verified,スーパーホテル品川・新馬場 高濃度炭酸泉 七福神の湯の施設概要,スーパーホテル品川・新馬場 高濃度炭酸泉 七福神の湯 - 宿泊予約は＜じゃらんnet＞,0.97,True,match,
206,stage-069-2,東横INN品川港南口天王洲アイル,東京都,天王洲アイル,https://www.jalan.net/yad390736/,東横ＩＮＮ品川港南口天王洲アイル,verified,東横ＩＮＮ品川港南口天王洲アイルの施設概要,東横ＩＮＮ品川港南口天王洲アイル - 宿泊予約は＜じゃらんnet＞,0.97,True,match,
207,stage-069-3,アパホテル〈品川 泉岳寺駅前〉,東京都,泉岳寺,https://www.jalan.net/yad354769/,アパホテル〈品川 泉岳寺駅前〉,verified,アパホテル〈品川 泉岳寺駅前〉の施設概要,アパホテル〈品川 泉岳寺駅前〉 - 宿泊予約は＜じゃらんnet＞,0.97,True,match,
208,stage-070-1,ホテルグランドシティ,東京都,池袋東口,https://www.jalan.net/yad317472/,ホテルグランドシティ,verified,ホテルグランドシティの施設概要,ホテルグランドシティ - 宿泊予約は＜じゃらんnet＞,0.97,True,match,
209,stage-070-2,ホテルリソル池袋,東京都,東池袋・池袋,https://www.jalan.net/yad386545/,ホテルリソル池袋,verified,ホテルリソル池袋の施設概要,ホテルリソル池袋 - 宿泊予約は＜じゃらんnet＞,0.97,True,match,
210,stage-070-3,京王プレッソイン池袋,東京都,東池袋・池袋,https://www.jalan.net/yad333355/,京王プレッソイン池袋,verified,京王プレッソイン池袋の施設概要,京王プレッソイン池袋 - 宿泊予約は＜じゃらんnet＞,0.97,True,match,
211,stage-071-1,アパホテル〈上野駅前〉,東京都,上野,https://www.jalan.net/yad309641/,アパホテル〈上野駅前〉,verified,アパホテル〈上野駅前〉の施設概要,アパホテル〈上野駅前〉 - 宿泊予約は＜じゃらんnet＞,0.97,True,match,
212,stage-071-2,上野ホテル,東京都,上野・入谷,https://www.jalan.net/yad349496/,Uhome上野ホテル,verified,Uhome上野ホテルの施設概要,Uhome上野ホテル - 宿泊予約は＜じゃらんnet＞,0.97,True,match,
213,stage-071-3,ベッセルイン上野入谷駅前,東京都,入谷,https://www.jalan.net/yad316610/,ベッセルイン上野入谷駅前,verified,ベッセルイン上野入谷駅前の施設概要,ベッセルイン上野入谷駅前 - 宿泊予約は＜じゃらんnet＞,0.97,True,match,
214,stage-072-1,ホテルエミシア東京立川,東京都,立川,https://www.jalan.net/yad322793/,ホテルエミシア東京立川,verified,ホテルエミシア東京立川の施設概要,ホテルエミシア東京立川 - 宿泊予約は＜じゃらんnet＞,0.97,True,match,
215,stage-072-2,立川リージェントホテル,東京都,立川,https://www.jalan.net/yad378921/,立川リージェントホテル,verified,立川リージェントホテルの施設概要,立川リージェントホテル - 宿泊予約は＜じゃらんnet＞,0.97,True,match,
216,stage-072-3,ホテルマイステイズ立川,東京都,立川,https://www.jalan.net/yad314924/,ホテルマイステイズ立川,verified,ホテルマイステイズ立川の施設概要,ホテルマイステイズ立川 - 宿泊予約は＜じゃらんnet＞,0.97,True,match,
217,stage-073-1,京急EXイン 羽田イノベーションシティ,東京都,天空橋,https://www.jalan.net/yad317988/,京急ＥＸイン 羽田イノベーションシティ,verified,京急ＥＸイン 羽田イノベーションシティの施設概要,京急ＥＸイン 羽田イノベーションシティ - 宿泊予約は＜じゃらんnet＞,0.97,True,match,
218,stage-073-2,ホテルメトロポリタン 羽田,東京都,天空橋,https://www.jalan.net/yad308818/,ホテルメトロポリタン羽田,verified,ホテルメトロポリタン羽田の施設概要,ホテルメトロポリタン羽田 - 宿泊予約は＜じゃらんnet＞,0.97,True,match,
219,stage-073-3,京急EXイン 羽田,東京都,天空橋・穴守稲荷,https://www.jalan.net/yad354515/,京急ＥＸイン羽田[天空橋駅前Ａ２出口徒歩３分],manual_verified,京急ＥＸイン羽田[天空橋駅前Ａ２出口徒歩３分]の施設概要,京急ＥＸイン羽田[天空橋駅前Ａ２出口徒歩３分] - 宿泊予約は＜じゃらんnet＞,0.97,True,match,
220,stage-074-1,東横INN鶯谷駅前,東京都,鶯谷,https://www.jalan.net/yad356514/,東横ＩＮＮ鶯谷駅前,verified,東横ＩＮＮ鶯谷駅前の施設概要,東横ＩＮＮ鶯谷駅前 - 宿泊予約は＜じゃらんnet＞,0.97,True,match,
221,stage-074-2,ホテルセレッソ,東京都,鶯谷・日暮里,https://www.jalan.net/yad304178/,ホテル セレッソ,verified,ホテル セレッソの施設概要,ホテル セレッソ - 宿泊予約は＜じゃらんnet＞,0.97,True,match,
222,stage-074-3,ベッセルイン上野入谷駅前,東京都,入谷,https://www.jalan.net/yad316610/,ベッセルイン上野入谷駅前,verified,ベッセルイン上野入谷駅前の施設概要,ベッセルイン上野入谷駅前 - 宿泊予約は＜じゃらんnet＞,0.97,True,match,
223,stage-075-1,ホテルJALシティ関内 横浜,神奈川県,日本大通り,https://www.jalan.net/yad362892/,ホテルＪＡＬシティ関内横浜,verified,ホテルＪＡＬシティ関内横浜の施設概要,ホテルＪＡＬシティ関内横浜 - 宿泊予約は＜じゃらんnet＞,0.97,True,match,
224,stage-075-2,コンフォートホテル横浜関内,神奈川県,関内,https://www.jalan.net/yad332780/,コンフォートホテル横浜関内,verified,コンフォートホテル横浜関内の施設概要,コンフォートホテル横浜関内 - 宿泊予約は＜じゃらんnet＞,0.97,True,match,
225,stage-075-3,ダイワロイネットホテル横浜公園,神奈川県,日本大通り・関内,https://www.jalan.net/yad385556/,ダイワロイネットホテル横浜公園,verified,ダイワロイネットホテル横浜公園の施設概要,ダイワロイネットホテル横浜公園 - 宿泊予約は＜じゃらんnet＞,0.97,True,match,
226,stage-076-1,ホテルJALシティ関内 横浜,神奈川県,日本大通り,https://www.jalan.net/yad362892/,ホテルＪＡＬシティ関内横浜,verified,ホテルＪＡＬシティ関内横浜の施設概要,ホテルＪＡＬシティ関内横浜 - 宿泊予約は＜じゃらんnet＞,0.97,True,match,
227,stage-076-2,コンフォートホテル横浜関内,神奈川県,関内,https://www.jalan.net/yad332780/,コンフォートホテル横浜関内,verified,コンフォートホテル横浜関内の施設概要,コンフォートホテル横浜関内 - 宿泊予約は＜じゃらんnet＞,0.97,True,match,
228,stage-076-3,ダイワロイネットホテル横浜公園,神奈川県,日本大通り・関内,https://www.jalan.net/yad385556/,ダイワロイネットホテル横浜公園,verified,ダイワロイネットホテル横浜公園の施設概要,ダイワロイネットホテル横浜公園 - 宿泊予約は＜じゃらんnet＞,0.97,True,match,
229,stage-077-1,横浜桜木町ワシントンホテル,神奈川県,桜木町,https://www.jalan.net/yad322644/,横浜桜木町ワシントンホテル,verified,横浜桜木町ワシントンホテルの施設概要,横浜桜木町ワシントンホテル - 宿泊予約は＜じゃらんnet＞,0.97,True,match,
230,stage-077-2,ニューオータニイン横浜プレミアム,神奈川県,桜木町,https://www.jalan.net/yad362198/,ニューオータニイン横浜プレミアム,verified,ニューオータニイン横浜プレミアムの施設概要,ニューオータニイン横浜プレミアム - 宿泊予約は＜じゃらんnet＞,0.97,True,match,
231,stage-077-3,相鉄フレッサイン 横浜桜木町,神奈川県,馬車道,https://www.jalan.net/yad369618/,相鉄フレッサイン横浜桜木町,verified,相鉄フレッサイン横浜桜木町の施設概要,相鉄フレッサイン横浜桜木町 - 宿泊予約は＜じゃらんnet＞,0.97,True,match,
232,stage-078-1,横浜桜木町ワシントンホテル,神奈川県,桜木町,https://www.jalan.net/yad322644/,横浜桜木町ワシントンホテル,verified,横浜桜木町ワシントンホテルの施設概要,横浜桜木町ワシントンホテル - 宿泊予約は＜じゃらんnet＞,0.97,True,match,
233,stage-078-2,ニューオータニイン横浜プレミアム,神奈川県,桜木町,https://www.jalan.net/yad362198/,ニューオータニイン横浜プレミアム,verified,ニューオータニイン横浜プレミアムの施設概要,ニューオータニイン横浜プレミアム - 宿泊予約は＜じゃらんnet＞,0.97,True,match,
234,stage-078-3,相鉄フレッサイン 横浜桜木町,神奈川県,馬車道,https://www.jalan.net/yad369618/,相鉄フレッサイン横浜桜木町,verified,相鉄フレッサイン横浜桜木町の施設概要,相鉄フレッサイン横浜桜木町 - 宿泊予約は＜じゃらんnet＞,0.97,True,match,
235,stage-079-1,横浜桜木町ワシントンホテル,神奈川県,桜木町,https://www.jalan.net/yad322644/,横浜桜木町ワシントンホテル,verified,横浜桜木町ワシントンホテルの施設概要,横浜桜木町ワシントンホテル - 宿泊予約は＜じゃらんnet＞,0.97,True,match,
236,stage-079-2,ニューオータニイン横浜プレミアム,神奈川県,桜木町,https://www.jalan.net/yad362198/,ニューオータニイン横浜プレミアム,verified,ニューオータニイン横浜プレミアムの施設概要,ニューオータニイン横浜プレミアム - 宿泊予約は＜じゃらんnet＞,0.97,True,match,
237,stage-079-3,相鉄フレッサイン 横浜桜木町,神奈川県,馬車道,https://www.jalan.net/yad369618/,相鉄フレッサイン横浜桜木町,verified,相鉄フレッサイン横浜桜木町の施設概要,相鉄フレッサイン横浜桜木町 - 宿泊予約は＜じゃらんnet＞,0.97,True,match,
238,stage-080-1,ホテルJALシティ関内 横浜,神奈川県,日本大通り,https://www.jalan.net/yad362892/,ホテルＪＡＬシティ関内横浜,verified,ホテルＪＡＬシティ関内横浜の施設概要,ホテルＪＡＬシティ関内横浜 - 宿泊予約は＜じゃらんnet＞,0.97,True,match,
239,stage-080-2,コンフォートホテル横浜関内,神奈川県,関内,https://www.jalan.net/yad332780/,コンフォートホテル横浜関内,verified,コンフォートホテル横浜関内の施設概要,コンフォートホテル横浜関内 - 宿泊予約は＜じゃらんnet＞,0.97,True,match,
240,stage-080-3,ダイワロイネットホテル横浜公園,神奈川県,日本大通り・関内,https://www.jalan.net/yad385556/,ダイワロイネットホテル横浜公園,verified,ダイワロイネットホテル横浜公園の施設概要,ダイワロイネットホテル横浜公園 - 宿泊予約は＜じゃらんnet＞,0.97,True,match,
241,stage-081-1,ホテルJALシティ関内 横浜,神奈川県,日本大通り,https://www.jalan.net/yad362892/,ホテルＪＡＬシティ関内横浜,verified,ホテルＪＡＬシティ関内横浜の施設概要,ホテルＪＡＬシティ関内横浜 - 宿泊予約は＜じゃらんnet＞,0.97,True,match,
242,stage-081-2,コンフォートホテル横浜関内,神奈川県,関内,https://www.jalan.net/yad332780/,コンフォートホテル横浜関内,verified,コンフォートホテル横浜関内の施設概要,コンフォートホテル横浜関内 - 宿泊予約は＜じゃらんnet＞,0.97,True,match,
243,stage-081-3,ダイワロイネットホテル横浜公園,神奈川県,日本大通り・関内,https://www.jalan.net/yad385556/,ダイワロイネットホテル横浜公園,verified,ダイワロイネットホテル横浜公園の施設概要,ダイワロイネットホテル横浜公園 - 宿泊予約は＜じゃらんnet＞,0.97,True,match,
244,stage-082-1,ホテルJALシティ関内 横浜,神奈川県,日本大通り,https://www.jalan.net/yad362892/,ホテルＪＡＬシティ関内横浜,verified,ホテルＪＡＬシティ関内横浜の施設概要,ホテルＪＡＬシティ関内横浜 - 宿泊予約は＜じゃらんnet＞,0.97,True,match,
245,stage-082-2,コンフォートホテル横浜関内,神奈川県,関内,https://www.jalan.net/yad332780/,コンフォートホテル横浜関内,verified,コンフォートホテル横浜関内の施設概要,コンフォートホテル横浜関内 - 宿泊予約は＜じゃらんnet＞,0.97,True,match,
246,stage-082-3,ダイワロイネットホテル横浜公園,神奈川県,日本大通り・関内,https://www.jalan.net/yad385556/,ダイワロイネットホテル横浜公園,verified,ダイワロイネットホテル横浜公園の施設概要,ダイワロイネットホテル横浜公園 - 宿泊予約は＜じゃらんnet＞,0.97,True,match,
247,stage-083-1,横浜桜木町ワシントンホテル,神奈川県,桜木町,https://www.jalan.net/yad322644/,横浜桜木町ワシントンホテル,verified,横浜桜木町ワシントンホテルの施設概要,横浜桜木町ワシントンホテル - 宿泊予約は＜じゃらんnet＞,0.97,True,match,
248,stage-083-2,ニューオータニイン横浜プレミアム,神奈川県,桜木町,https://www.jalan.net/yad362198/,ニューオータニイン横浜プレミアム,verified,ニューオータニイン横浜プレミアムの施設概要,ニューオータニイン横浜プレミアム - 宿泊予約は＜じゃらんnet＞,0.97,True,match,
249,stage-083-3,相鉄フレッサイン 横浜桜木町,神奈川県,馬車道,https://www.jalan.net/yad369618/,相鉄フレッサイン横浜桜木町,verified,相鉄フレッサイン横浜桜木町の施設概要,相鉄フレッサイン横浜桜木町 - 宿泊予約は＜じゃらんnet＞,0.97,True,match,
250,stage-084-1,横浜桜木町ワシントンホテル,神奈川県,桜木町,https://www.jalan.net/yad322644/,横浜桜木町ワシントンホテル,verified,横浜桜木町ワシントンホテルの施設概要,横浜桜木町ワシントンホテル - 宿泊予約は＜じゃらんnet＞,0.97,True,match,
251,stage-084-2,ニューオータニイン横浜プレミアム,神奈川県,桜木町,https://www.jalan.net/yad362198/,ニューオータニイン横浜プレミアム,verified,ニューオータニイン横浜プレミアムの施設概要,ニューオータニイン横浜プレミアム - 宿泊予約は＜じゃらんnet＞,0.97,True,match,
252,stage-084-3,相鉄フレッサイン 横浜桜木町,神奈川県,馬車道,https://www.jalan.net/yad369618/,相鉄フレッサイン横浜桜木町,verified,相鉄フレッサイン横浜桜木町の施設概要,相鉄フレッサイン横浜桜木町 - 宿泊予約は＜じゃらんnet＞,0.97,True,match,
253,stage-085-1,メルキュール横須賀,神奈川県,汐入,https://www.jalan.net/yad364572/,メルキュールホテル横須賀,verified_fuzzy,メルキュールホテル横須賀の施設概要,メルキュールホテル横須賀 - 宿泊予約は＜じゃらんnet＞,0.6923,True,review_name,
254,stage-085-2,ホテルニューヨコスカ,神奈川県,横須賀中央,https://www.jalan.net/yad325291/,横須賀を体感。アメリカンムード漂う ホテルニューヨコスカ,verified,横須賀を体感。アメリカンムード漂う ホテルニューヨコスカの施設概要,横須賀を体感。アメリカンムード漂う ホテルニューヨコスカ - 宿泊予約は＜じゃらんnet＞,0.97,True,match,
255,stage-085-3,セントラルホテル横須賀,神奈川県,横須賀中央,https://www.jalan.net/yad308664/,セントラルホテル 横須賀,verified,セントラルホテル 横須賀の施設概要,セントラルホテル 横須賀 - 宿泊予約は＜じゃらんnet＞,0.97,True,match,
256,stage-086-1,メルキュール横須賀,神奈川県,汐入,https://www.jalan.net/yad364572/,メルキュールホテル横須賀,verified_fuzzy,メルキュールホテル横須賀の施設概要,メルキュールホテル横須賀 - 宿泊予約は＜じゃらんnet＞,0.6923,True,review_name,
257,stage-086-2,ホテルニューヨコスカ,神奈川県,横須賀中央,https://www.jalan.net/yad325291/,横須賀を体感。アメリカンムード漂う ホテルニューヨコスカ,verified,横須賀を体感。アメリカンムード漂う ホテルニューヨコスカの施設概要,横須賀を体感。アメリカンムード漂う ホテルニューヨコスカ - 宿泊予約は＜じゃらんnet＞,0.97,True,match,
258,stage-086-3,セントラルホテル横須賀,神奈川県,横須賀中央,https://www.jalan.net/yad308664/,セントラルホテル 横須賀,verified,セントラルホテル 横須賀の施設概要,セントラルホテル 横須賀 - 宿泊予約は＜じゃらんnet＞,0.97,True,match,
259,stage-087-1,川崎日航ホテル,神奈川県,川崎,https://www.jalan.net/yad322153/,川崎日航ホテル,verified,川崎日航ホテルの施設概要,川崎日航ホテル - 宿泊予約は＜じゃらんnet＞,0.97,True,match,
260,stage-087-2,JR東日本ホテルメッツ 川崎,神奈川県,川崎,https://www.jalan.net/yad319398/,JR東日本ホテルメッツ 川崎,verified,JR東日本ホテルメッツ 川崎の施設概要,JR東日本ホテルメッツ 川崎 - 宿泊予約は＜じゃらんnet＞,0.97,True,match,
261,stage-087-3,相鉄フレッサイン 川崎駅東口,神奈川県,川崎,https://www.jalan.net/yad364516/,相鉄フレッサイン 川崎駅東口,verified,相鉄フレッサイン 川崎駅東口の施設概要,相鉄フレッサイン 川崎駅東口 - 宿泊予約は＜じゃらんnet＞,0.97,True,match,
262,stage-088-1,川崎日航ホテル,神奈川県,川崎,https://www.jalan.net/yad322153/,川崎日航ホテル,verified,川崎日航ホテルの施設概要,川崎日航ホテル - 宿泊予約は＜じゃらんnet＞,0.97,True,match,
263,stage-088-2,JR東日本ホテルメッツ 川崎,神奈川県,川崎,https://www.jalan.net/yad319398/,JR東日本ホテルメッツ 川崎,verified,JR東日本ホテルメッツ 川崎の施設概要,JR東日本ホテルメッツ 川崎 - 宿泊予約は＜じゃらんnet＞,0.97,True,match,
264,stage-088-3,相鉄フレッサイン 川崎駅東口,神奈川県,川崎,https://www.jalan.net/yad364516/,相鉄フレッサイン 川崎駅東口,verified,相鉄フレッサイン 川崎駅東口の施設概要,相鉄フレッサイン 川崎駅東口 - 宿泊予約は＜じゃらんnet＞,0.97,True,match,
265,stage-089-1,ホテルモリノ新百合丘,神奈川県,新百合ヶ丘,https://www.jalan.net/yad319930/,ホテルモリノ新百合丘,verified,ホテルモリノ新百合丘の施設概要,ホテルモリノ新百合丘 - 宿泊予約は＜じゃらんnet＞,0.97,True,match,
266,stage-089-2,ホテルリソル町田,神奈川県,町田,https://www.jalan.net/yad306138/,ホテルリソル町田,verified,ホテルリソル町田の施設概要,ホテルリソル町田 - 宿泊予約は＜じゃらんnet＞,0.97,False,suspect,
267,stage-089-3,レンブラントホテル東京町田,神奈川県,町田,https://www.jalan.net/yad344307/,レンブラントホテル東京町田,verified,レンブラントホテル東京町田の施設概要,レンブラントホテル東京町田 - 宿泊予約は＜じゃらんnet＞,0.97,False,suspect,
268,stage-090-1,小田急ホテルセンチュリー相模大野,神奈川県,相模大野,https://www.jalan.net/yad327534/,小田急ホテルセンチュリー相模大野,verified,小田急ホテルセンチュリー相模大野の施設概要,小田急ホテルセンチュリー相模大野 - 宿泊予約は＜じゃらんnet＞,0.97,True,match,
269,stage-090-2,ホテルクラウンヒルズ相模原,神奈川県,相模原,https://www.jalan.net/yad321546/,ホテルクラウンヒルズ相模原駅前（ＢＢＨホテルグループ）,verified,ホテルクラウンヒルズ相模原駅前（ＢＢＨホテルグループ）の施設概要,ホテルクラウンヒルズ相模原駅前（ＢＢＨホテルグループ） - 宿泊予約は＜じゃらんnet＞,0.97,True,match,
270,stage-090-3,ホテルウィングインターナショナル相模原,神奈川県,上溝,https://www.jalan.net/yad334192/,KOKO STAY 相模原,rebranded_current_page,KOKO STAY 相模原の施設概要,KOKO STAY 相模原 - 宿泊予約は＜じゃらんnet＞,0.1714,True,suspect,
271,stage-091-1,アパホテル〈相模原 橋本駅前〉,神奈川県,橋本,https://www.jalan.net/yad309326/,アパホテル〈相模原 橋本駅前〉,verified,アパホテル〈相模原 橋本駅前〉の施設概要,アパホテル〈相模原 橋本駅前〉 - 宿泊予約は＜じゃらんnet＞,0.97,True,match,
272,stage-091-2,アイホテル橋本,神奈川県,橋本,https://www.jalan.net/yad367436/,アパホテル〈相模原橋本駅東〉,rebranded_current_page,アパホテル〈相模原橋本駅東〉の施設概要,アパホテル〈相模原橋本駅東〉 - 宿泊予約は＜じゃらんnet＞,0.5,True,suspect,
273,stage-091-3,橋本パークホテル,神奈川県,橋本,https://www.jalan.net/yad310732/,橋本パークホテル,verified,橋本パークホテルの施設概要,橋本パークホテル - 宿泊予約は＜じゃらんnet＞,0.97,True,match,
274,stage-092-1,相鉄フレッサイン 鎌倉大船駅笠間口,神奈川県,大船,https://www.jalan.net/yad333858/,相鉄フレッサイン鎌倉大船駅笠間口,verified,相鉄フレッサイン鎌倉大船駅笠間口の施設概要,相鉄フレッサイン鎌倉大船駅笠間口 - 宿泊予約は＜じゃらんnet＞,0.97,True,match,
275,stage-092-2,相鉄フレッサイン 鎌倉大船駅東口,神奈川県,大船,https://www.jalan.net/yad387314/,相鉄フレッサイン 鎌倉大船駅東口,verified,相鉄フレッサイン 鎌倉大船駅東口の施設概要,相鉄フレッサイン 鎌倉大船駅東口 - 宿泊予約は＜じゃらんnet＞,0.97,True,match,
276,stage-092-3,JR東日本ホテルメッツ かまくら大船,神奈川県,大船,https://www.jalan.net/yad316007/,JR東日本ホテルメッツ かまくら大船,verified,JR東日本ホテルメッツ かまくら大船の施設概要,JR東日本ホテルメッツ かまくら大船 - 宿泊予約は＜じゃらんnet＞,0.97,True,match,
277,stage-093-1,東横INN小田原駅東口,神奈川県,小田原,https://www.jalan.net/yad383120/,東横ＩＮＮ小田原駅東口,verified,東横ＩＮＮ小田原駅東口の施設概要,東横ＩＮＮ小田原駅東口 - 宿泊予約は＜じゃらんnet＞,0.97,True,match,
278,stage-093-2,天成園 小田原駅 別館,神奈川県,小田原,https://www.jalan.net/yad384718/,天成園 小田原駅 別館,verified,天成園 小田原駅 別館の施設概要,天成園 小田原駅 別館 - 宿泊予約は＜じゃらんnet＞,0.97,True,match,
279,stage-093-3,小田原ターミナルホテル,神奈川県,小田原,https://www.jalan.net/yad337701/,小田原ターミナルホテル,verified,小田原ターミナルホテルの施設概要,小田原ターミナルホテル - 宿泊予約は＜じゃらんnet＞,0.97,True,match,
280,stage-094-1,東横INN湘南平塚駅北口1,神奈川県,平塚,https://www.jalan.net/yad376827/,東横ＩＮＮ湘南平塚駅北口１,verified,東横ＩＮＮ湘南平塚駅北口１の施設概要,東横ＩＮＮ湘南平塚駅北口１ - 宿泊予約は＜じゃらんnet＞,0.97,True,match,
281,stage-094-2,東横INN湘南平塚駅北口2,神奈川県,平塚,https://www.jalan.net/yad396704/,東横ＩＮＮ湘南平塚駅北口２,verified,東横ＩＮＮ湘南平塚駅北口２の施設概要,東横ＩＮＮ湘南平塚駅北口２ - 宿泊予約は＜じゃらんnet＞,0.97,True,match,
282,stage-094-3,3S HOTEL HIRATSUKA,神奈川県,平塚,https://www.jalan.net/yad319414/,３Ｓ ＨＯＴＥＬ ＨＩＲＡＴＳＵＫＡ,verified,３Ｓ ＨＯＴＥＬ ＨＩＲＡＴＳＵＫＡの施設概要,３Ｓ ＨＯＴＥＬ ＨＩＲＡＴＳＵＫＡ - 宿泊予約は＜じゃらんnet＞,0.97,True,match,
283,stage-095-1,日和ホテル舞浜,千葉県,舞浜・新浦安,https://www.jalan.net/yad339506/,日和(ひより)ホテル舞浜,verified_fuzzy,日和(ひより)ホテル舞浜の施設概要,日和(ひより)ホテル舞浜 - 宿泊予約は＜じゃらんnet＞,0.6364,True,review_name,
284,stage-095-2,ホテルマイステイズ舞浜,千葉県,舞浜,https://www.jalan.net/yad314138/,ホテルマイステイズ舞浜,verified,ホテルマイステイズ舞浜の施設概要,ホテルマイステイズ舞浜 - 宿泊予約は＜じゃらんnet＞,0.97,True,match,
285,stage-095-3,変なホテル舞浜 東京ベイ,千葉県,舞浜,https://www.jalan.net/yad374965/,変なホテル舞浜東京ベイ,verified,変なホテル舞浜東京ベイの施設概要,変なホテル舞浜東京ベイ - 宿泊予約は＜じゃらんnet＞,0.97,True,match,
286,stage-096-1,アパホテル&リゾート〈東京ベイ幕張〉,千葉県,海浜幕張,https://www.jalan.net/yad350664/,アパホテル＆リゾート〈東京ベイ幕張〉,verified,アパホテル＆リゾート〈東京ベイ幕張〉の施設概要,アパホテル＆リゾート〈東京ベイ幕張〉 - 宿泊予約は＜じゃらんnet＞,0.97,True,match,
287,stage-096-2,ホテルスプリングス幕張プレミア,千葉県,海浜幕張,https://www.jalan.net/yad369189/,ホテルスプリングス幕張プレミア,verified,ホテルスプリングス幕張プレミアの施設概要,ホテルスプリングス幕張プレミア - 宿泊予約は＜じゃらんnet＞,0.97,True,match,
288,stage-096-3,ホテルフランクス,千葉県,海浜幕張,https://www.jalan.net/yad321749/,ホテルフランクス,verified,ホテルフランクスの施設概要,ホテルフランクス - 宿泊予約は＜じゃらんnet＞,0.97,True,match,
289,stage-097-1,市川グランドホテル,千葉県,市川,https://www.jalan.net/yad320441/,市川グランドホテル（ＢＢＨホテルグループ）,verified,市川グランドホテル（ＢＢＨホテルグループ）の施設概要,市川グランドホテル（ＢＢＨホテルグループ） - 宿泊予約は＜じゃらんnet＞,0.97,True,match,
290,stage-097-2,スーパーホテル東西線・市川・妙典駅前,千葉県,妙典,https://www.jalan.net/yad320571/,スーパーホテル東西線・市川・妙典駅前,verified,スーパーホテル東西線・市川・妙典駅前の施設概要,スーパーホテル東西線・市川・妙典駅前 - 宿泊予約は＜じゃらんnet＞,0.97,True,match,
291,stage-097-3,東横INN西船橋原木インター,千葉県,原木中山,https://www.jalan.net/yad383235/,東横ＩＮＮ西船橋原木インター,verified,東横ＩＮＮ西船橋原木インターの施設概要,東横ＩＮＮ西船橋原木インター - 宿泊予約は＜じゃらんnet＞,0.97,True,match,
292,stage-098-1,東横INN松戸駅東口,千葉県,松戸,https://www.jalan.net/yad364124/,東横ＩＮＮ松戸駅東口,verified,東横ＩＮＮ松戸駅東口の施設概要,東横ＩＮＮ松戸駅東口 - 宿泊予約は＜じゃらんnet＞,0.97,True,match,
293,stage-098-2,ホテルルートイン北松戸駅前,千葉県,北松戸,https://www.jalan.net/yad319715/,ホテルルートイン北松戸駅前（25年10月17日リニューアルOPEN）,verified,ホテルルートイン北松戸駅前（25年10月17日リニューアルOPEN）の施設概要,ホテルルートイン北松戸駅前（25年10月17日リニューアルOPEN） - 宿泊予約は＜じゃらんnet＞,0.97,True,match,
294,stage-098-3,新松戸ステーションホテル,千葉県,新松戸,https://www.jalan.net/yad323070/,アーバンホテル東京 新松戸,rebranded_current_page,アーバンホテル東京 新松戸の施設概要,アーバンホテル東京 新松戸 - 宿泊予約は＜じゃらんnet＞,0.3448,True,suspect,
295,stage-099-1,ダイワロイネットホテル千葉中央,千葉県,千葉中央,https://www.jalan.net/yad326515/,ダイワロイネットホテル千葉中央,verified,ダイワロイネットホテル千葉中央の施設概要,ダイワロイネットホテル千葉中央 - 宿泊予約は＜じゃらんnet＞,0.97,True,match,
296,stage-099-2,京成ホテルミラマーレ,千葉県,千葉中央,https://www.jalan.net/yad316278/,京成ホテルミラマーレ,verified,京成ホテルミラマーレの施設概要,京成ホテルミラマーレ - 宿泊予約は＜じゃらんnet＞,0.97,True,match,
297,stage-099-3,アパホテル〈千葉中央駅前〉,千葉県,千葉中央,https://www.jalan.net/yad309713/,アパホテル〈千葉中央駅前〉,verified,アパホテル〈千葉中央駅前〉の施設概要,アパホテル〈千葉中央駅前〉 - 宿泊予約は＜じゃらんnet＞,0.97,True,match,
298,stage-100-1,ダイワロイネットホテル千葉中央,千葉県,千葉中央,https://www.jalan.net/yad326515/,ダイワロイネットホテル千葉中央,verified,ダイワロイネットホテル千葉中央の施設概要,ダイワロイネットホテル千葉中央 - 宿泊予約は＜じゃらんnet＞,0.97,True,match,
299,stage-100-2,京成ホテルミラマーレ,千葉県,千葉中央,https://www.jalan.net/yad316278/,京成ホテルミラマーレ,verified,京成ホテルミラマーレの施設概要,京成ホテルミラマーレ - 宿泊予約は＜じゃらんnet＞,0.97,True,match,
300,stage-100-3,アパホテル〈千葉中央駅前〉,千葉県,千葉中央,https://www.jalan.net/yad309713/,アパホテル〈千葉中央駅前〉,verified,アパホテル〈千葉中央駅前〉の施設概要,アパホテル〈千葉中央駅前〉 - 宿泊予約は＜じゃらんnet＞,0.97,True,match,
301,stage-101-1,ダイワロイネットホテル千葉中央,千葉県,千葉中央,https://www.jalan.net/yad326515/,ダイワロイネットホテル千葉中央,verified,ダイワロイネットホテル千葉中央の施設概要,ダイワロイネットホテル千葉中央 - 宿泊予約は＜じゃらんnet＞,0.97,True,match,
302,stage-101-2,京成ホテルミラマーレ,千葉県,千葉中央,https://www.jalan.net/yad316278/,京成ホテルミラマーレ,verified,京成ホテルミラマーレの施設概要,京成ホテルミラマーレ - 宿泊予約は＜じゃらんnet＞,0.97,True,match,
303,stage-101-3,アパホテル〈千葉中央駅前〉,千葉県,千葉中央,https://www.jalan.net/yad309713/,アパホテル〈千葉中央駅前〉,verified,アパホテル〈千葉中央駅前〉の施設概要,アパホテル〈千葉中央駅前〉 - 宿泊予約は＜じゃらんnet＞,0.97,True,match,
304,stage-102-1,浦安サンホテル,千葉県,浦安,https://www.jalan.net/yad360504/,浦安サンホテル,verified,浦安サンホテルの施設概要,浦安サンホテル - 宿泊予約は＜じゃらんnet＞,0.97,True,match,
305,stage-102-2,BAY HOTEL 浦安駅前,千葉県,浦安,https://www.jalan.net/yad332498/,BAY HOTEL浦安駅前,verified,BAY HOTEL浦安駅前の施設概要,BAY HOTEL浦安駅前 - 宿泊予約は＜じゃらんnet＞,0.97,True,match,
306,stage-102-3,マイステイズ新浦安コンファレンスセンター,千葉県,新浦安,https://www.jalan.net/yad380068/,マイステイズ新浦安,verified,マイステイズ新浦安の施設概要,マイステイズ新浦安 - 宿泊予約は＜じゃらんnet＞,0.5294,True,suspect,
307,stage-103-1,相鉄フレッサイン 千葉柏,千葉県,柏,https://www.jalan.net/yad379284/,相鉄フレッサイン千葉柏,verified,相鉄フレッサイン千葉柏の施設概要,相鉄フレッサイン千葉柏 - 宿泊予約は＜じゃらんnet＞,0.97,True,match,
308,stage-103-2,ザ・クレストホテル柏,千葉県,柏,https://www.jalan.net/yad320077/,ザ・クレストホテル柏(帝国ホテルグループ）,verified,ザ・クレストホテル柏(帝国ホテルグループ）の施設概要,ザ・クレストホテル柏(帝国ホテルグループ） - 宿泊予約は＜じゃらんnet＞,0.97,True,match,
309,stage-103-3,東横INN柏駅西口,千葉県,柏,https://www.jalan.net/yad325315/,東横ＩＮＮ柏駅西口,verified,東横ＩＮＮ柏駅西口の施設概要,東横ＩＮＮ柏駅西口 - 宿泊予約は＜じゃらんnet＞,0.97,True,match,
310,stage-104-1,JR東日本ホテルメッツ 船橋,千葉県,船橋,https://www.jalan.net/yad319502/,JR東日本ホテルメッツ 船橋,verified,JR東日本ホテルメッツ 船橋の施設概要,JR東日本ホテルメッツ 船橋 - 宿泊予約は＜じゃらんnet＞,0.97,True,match,
311,stage-104-2,ホテルフローラ船橋,千葉県,船橋,https://www.jalan.net/yad334045/,ホテルフローラ船橋,verified,ホテルフローラ船橋の施設概要,ホテルフローラ船橋 - 宿泊予約は＜じゃらんnet＞,0.97,True,match,
312,stage-104-3,X wave 船橋,千葉県,船橋,https://www.jalan.net/yad348715/,クロス・ウェーブ船橋,manual_verified,クロス・ウェーブ船橋の施設概要,クロス・ウェーブ船橋 - 宿泊予約は＜じゃらんnet＞,0.1905,True,suspect,
313,stage-105-1,パレスホテル大宮,埼玉県,大宮,https://www.jalan.net/yad319907/,パレスホテル大宮,verified,パレスホテル大宮の施設概要,パレスホテル大宮 - 宿泊予約は＜じゃらんnet＞,0.97,True,match,
314,stage-105-2,ダイワロイネットホテル大宮西口,埼玉県,大宮,https://www.jalan.net/yad340083/,ダイワロイネットホテル大宮西口,verified,ダイワロイネットホテル大宮西口の施設概要,ダイワロイネットホテル大宮西口 - 宿泊予約は＜じゃらんnet＞,0.97,True,match,
315,stage-105-3,カンデオホテルズ大宮,埼玉県,大宮,https://www.jalan.net/yad361737/,CANDEO HOTELS（カンデオホテルズ）大宮,verified,CANDEO HOTELS（カンデオホテルズ）大宮の施設概要,CANDEO HOTELS（カンデオホテルズ）大宮 - 宿泊予約は＜じゃらんnet＞,0.97,True,match,
316,stage-106-1,パレスホテル大宮,埼玉県,大宮,https://www.jalan.net/yad319907/,パレスホテル大宮,verified,パレスホテル大宮の施設概要,パレスホテル大宮 - 宿泊予約は＜じゃらんnet＞,0.97,True,match,
317,stage-106-2,ダイワロイネットホテル大宮西口,埼玉県,大宮,https://www.jalan.net/yad340083/,ダイワロイネットホテル大宮西口,verified,ダイワロイネットホテル大宮西口の施設概要,ダイワロイネットホテル大宮西口 - 宿泊予約は＜じゃらんnet＞,0.97,True,match,
318,stage-106-3,カンデオホテルズ大宮,埼玉県,大宮,https://www.jalan.net/yad361737/,CANDEO HOTELS（カンデオホテルズ）大宮,verified,CANDEO HOTELS（カンデオホテルズ）大宮の施設概要,CANDEO HOTELS（カンデオホテルズ）大宮 - 宿泊予約は＜じゃらんnet＞,0.97,True,match,
319,stage-107-1,ホテルニュー埼玉,埼玉県,南浦和,https://www.jalan.net/yad357309/,ホテルニュー埼玉,verified,ホテルニュー埼玉の施設概要,ホテルニュー埼玉 - 宿泊予約は＜じゃらんnet＞,0.97,True,match,
320,stage-107-2,JR東日本ホテルメッツ 浦和,埼玉県,浦和,https://www.jalan.net/yad385408/,JR東日本ホテルメッツ 浦和,verified,JR東日本ホテルメッツ 浦和の施設概要,JR東日本ホテルメッツ 浦和 - 宿泊予約は＜じゃらんnet＞,0.97,True,match,
321,stage-107-3,浦和ワシントンホテル,埼玉県,浦和,https://www.jalan.net/yad397986/,浦和ワシントンホテル,manual_verified_web,,,0.0,False,fetch_failed,<HTTPError 404: 'Not Found'>
322,stage-108-1,東横INNさいたま新都心,埼玉県,さいたま新都心,https://www.jalan.net/yad301522/,東横ＩＮＮさいたま新都心,verified,東横ＩＮＮさいたま新都心の施設概要,東横ＩＮＮさいたま新都心 - 宿泊予約は＜じゃらんnet＞,0.97,True,match,
323,stage-108-2,ホテルメトロポリタンさいたま新都心,埼玉県,さいたま新都心,https://www.jalan.net/yad389464/,ホテルメトロポリタンさいたま新都心,verified,ホテルメトロポリタンさいたま新都心の施設概要,ホテルメトロポリタンさいたま新都心 - 宿泊予約は＜じゃらんnet＞,0.97,True,match,
324,stage-108-3,アパホテル〈さいたま新都心駅北〉,埼玉県,さいたま新都心,https://www.jalan.net/yad315417/,アパホテル〈さいたま新都心駅北〉,verified,アパホテル〈さいたま新都心駅北〉の施設概要,アパホテル〈さいたま新都心駅北〉 - 宿泊予約は＜じゃらんnet＞,0.97,True,match,
325,stage-109-1,東横INNさいたま新都心,埼玉県,さいたま新都心,https://www.jalan.net/yad301522/,東横ＩＮＮさいたま新都心,verified,東横ＩＮＮさいたま新都心の施設概要,東横ＩＮＮさいたま新都心 - 宿泊予約は＜じゃらんnet＞,0.97,True,match,
326,stage-109-2,ホテルメトロポリタンさいたま新都心,埼玉県,さいたま新都心,https://www.jalan.net/yad389464/,ホテルメトロポリタンさいたま新都心,verified,ホテルメトロポリタンさいたま新都心の施設概要,ホテルメトロポリタンさいたま新都心 - 宿泊予約は＜じゃらんnet＞,0.97,True,match,
327,stage-109-3,アパホテル〈さいたま新都心駅北〉,埼玉県,さいたま新都心,https://www.jalan.net/yad315417/,アパホテル〈さいたま新都心駅北〉,verified,アパホテル〈さいたま新都心駅北〉の施設概要,アパホテル〈さいたま新都心駅北〉 - 宿泊予約は＜じゃらんnet＞,0.97,True,match,
328,stage-110-1,JR東日本ホテルメッツ 浦和,埼玉県,浦和,https://www.jalan.net/yad385408/,JR東日本ホテルメッツ 浦和,verified,JR東日本ホテルメッツ 浦和の施設概要,JR東日本ホテルメッツ 浦和 - 宿泊予約は＜じゃらんnet＞,0.97,True,match,
329,stage-110-2,浦和ワシントンホテル,埼玉県,浦和,https://www.jalan.net/yad397986/,浦和ワシントンホテル,manual_verified_web,,,0.0,False,fetch_failed,<HTTPError 404: 'Not Found'>
330,stage-110-3,ロイヤルパインズホテル浦和,埼玉県,浦和,https://www.jalan.net/yad330988/,ロイヤルパインズホテル浦和,verified,ロイヤルパインズホテル浦和の施設概要,ロイヤルパインズホテル浦和 - 宿泊予約は＜じゃらんnet＞,0.97,True,match,
331,stage-111-1,東横INN北戸田駅東口,埼玉県,北戸田,https://www.jalan.net/yad368499/,東横ＩＮＮ北戸田駅東口,verified,東横ＩＮＮ北戸田駅東口の施設概要,東横ＩＮＮ北戸田駅東口 - 宿泊予約は＜じゃらんnet＞,0.97,True,match,
332,stage-111-2,東横INN西川口駅,埼玉県,西川口,https://www.jalan.net/yad308785/,東横ＩＮＮ西川口駅,verified,東横ＩＮＮ西川口駅の施設概要,東横ＩＮＮ西川口駅 - 宿泊予約は＜じゃらんnet＞,0.97,True,match,
333,stage-111-3,西川口ステーションホテル ステイラウンジ,埼玉県,西川口,https://www.jalan.net/yad348776/,西川口ステーションホテル ステイラウンジ,verified,西川口ステーションホテル ステイラウンジの施設概要,西川口ステーションホテル ステイラウンジ - 宿泊予約は＜じゃらんnet＞,0.97,True,match,
334,stage-112-1,和光市東武ホテル,埼玉県,和光市,https://www.jalan.net/yad370584/,和光市東武ホテル,verified,和光市東武ホテルの施設概要,和光市東武ホテル - 宿泊予約は＜じゃらんnet＞,0.97,True,match,
335,stage-112-2,東横INN北朝霞駅西口,埼玉県,北朝霞,https://www.jalan.net/yad314581/,東横ＩＮＮ北朝霞駅西口,verified,東横ＩＮＮ北朝霞駅西口の施設概要,東横ＩＮＮ北朝霞駅西口 - 宿泊予約は＜じゃらんnet＞,0.97,True,match,
336,stage-112-3,スマイルホテル北朝霞,埼玉県,北朝霞,https://www.jalan.net/yad314505/,スマイルホテル北朝霞,verified,スマイルホテル北朝霞の施設概要,スマイルホテル北朝霞 - 宿泊予約は＜じゃらんnet＞,0.97,True,match,
337,stage-113-1,川越東武ホテル,埼玉県,川越,https://www.jalan.net/yad374288/,川越東武ホテル,verified,川越東武ホテルの施設概要,川越東武ホテル - 宿泊予約は＜じゃらんnet＞,0.97,True,match,
338,stage-113-2,川越プリンスホテル,埼玉県,本川越,https://www.jalan.net/yad305876/,川越プリンスホテル,verified,川越プリンスホテルの施設概要,川越プリンスホテル - 宿泊予約は＜じゃらんnet＞,0.97,True,match,
339,stage-113-3,スーパーホテル埼玉・川越,埼玉県,本川越,https://www.jalan.net/yad397364/,スーパーホテル埼玉・川越 天然温泉【赤城の湯】,verified,スーパーホテル埼玉・川越 天然温泉【赤城の湯】の施設概要,スーパーホテル埼玉・川越 天然温泉【赤城の湯】 - 宿泊予約は＜じゃらんnet＞,0.97,True,match,
340,stage-114-1,東横INN三郷中央駅前,埼玉県,三郷中央,https://www.jalan.net/yad369932/,東横ＩＮＮ三郷中央駅前,verified,東横ＩＮＮ三郷中央駅前の施設概要,東横ＩＮＮ三郷中央駅前 - 宿泊予約は＜じゃらんnet＞,0.97,True,match,
341,stage-114-2,ホテルサンクローバー三郷,埼玉県,三郷,https://www.jalan.net/yad382711/,ホテルサンクローバー三郷,verified,ホテルサンクローバー三郷の施設概要,ホテルサンクローバー三郷 - 宿泊予約は＜じゃらんnet＞,0.97,True,match,
342,stage-114-3,東横INN八潮駅前,埼玉県,八潮,https://www.jalan.net/yad381970/,東横ＩＮＮ八潮駅前,verified,東横ＩＮＮ八潮駅前の施設概要,東横ＩＮＮ八潮駅前 - 宿泊予約は＜じゃらんnet＞,0.97,True,match,
343,stage-115-1,所沢パークホテル,埼玉県,所沢,https://www.jalan.net/yad326366/,所沢パークホテル,verified,所沢パークホテルの施設概要,所沢パークホテル - 宿泊予約は＜じゃらんnet＞,0.97,True,match,
344,stage-115-2,久米川ウィングホテル,埼玉県,久米川,https://www.jalan.net/yad326418/,久米川ウイングホテル,verified_fuzzy,久米川ウイングホテルの施設概要,久米川ウイングホテル - 宿泊予約は＜じゃらんnet＞,0.72,False,suspect,
345,stage-115-3,ビジネスホテル マーキュリー,埼玉県,久米川,https://www.jalan.net/yad356334/,ビジネスホテル マーキュリー（ロイヤルイングループ）,verified,ビジネスホテル マーキュリー（ロイヤルイングループ）の施設概要,ビジネスホテル マーキュリー（ロイヤルイングループ） - 宿泊予約は＜じゃらんnet＞,0.97,False,suspect,
346,stage-116-1,所沢パークホテル,埼玉県,所沢,https://www.jalan.net/yad326366/,所沢パークホテル,verified,所沢パークホテルの施設概要,所沢パークホテル - 宿泊予約は＜じゃらんnet＞,0.97,True,match,
347,stage-116-2,久米川ウィングホテル,埼玉県,久米川,https://www.jalan.net/yad326418/,久米川ウイングホテル,verified_fuzzy,久米川ウイングホテルの施設概要,久米川ウイングホテル - 宿泊予約は＜じゃらんnet＞,0.72,False,suspect,
348,stage-116-3,ビジネスホテル マーキュリー,埼玉県,久米川,https://www.jalan.net/yad356334/,ビジネスホテル マーキュリー（ロイヤルイングループ）,verified,ビジネスホテル マーキュリー（ロイヤルイングループ）の施設概要,ビジネスホテル マーキュリー（ロイヤルイングループ） - 宿泊予約は＜じゃらんnet＞,0.97,False,suspect,
349,stage-117-1,ダイワロイネットホテル水戸,茨城県,水戸,https://www.jalan.net/yad314882/,ダイワロイネットホテル水戸,verified,ダイワロイネットホテル水戸の施設概要,ダイワロイネットホテル水戸 - 宿泊予約は＜じゃらんnet＞,0.97,True,match,
350,stage-117-2,JR東日本ホテルメッツ 水戸,茨城県,水戸,https://www.jalan.net/yad318263/,JR東日本ホテルメッツ 水戸,verified,JR東日本ホテルメッツ 水戸の施設概要,JR東日本ホテルメッツ 水戸 - 宿泊予約は＜じゃらんnet＞,0.97,True,match,
351,stage-117-3,水戸京成ホテル,茨城県,水戸,https://www.jalan.net/yad304132/,水戸京成ホテル,verified,水戸京成ホテルの施設概要,水戸京成ホテル - 宿泊予約は＜じゃらんnet＞,0.97,True,match,
352,stage-118-1,ダイワロイネットホテル水戸,茨城県,水戸,https://www.jalan.net/yad314882/,ダイワロイネットホテル水戸,verified,ダイワロイネットホテル水戸の施設概要,ダイワロイネットホテル水戸 - 宿泊予約は＜じゃらんnet＞,0.97,True,match,
353,stage-118-2,JR東日本ホテルメッツ 水戸,茨城県,水戸,https://www.jalan.net/yad318263/,JR東日本ホテルメッツ 水戸,verified,JR東日本ホテルメッツ 水戸の施設概要,JR東日本ホテルメッツ 水戸 - 宿泊予約は＜じゃらんnet＞,0.97,True,match,
354,stage-118-3,水戸京成ホテル,茨城県,水戸,https://www.jalan.net/yad304132/,水戸京成ホテル,verified,水戸京成ホテルの施設概要,水戸京成ホテル - 宿泊予約は＜じゃらんnet＞,0.97,True,match,
355,stage-119-1,ダイワロイネットホテルつくば,茨城県,つくば,https://www.jalan.net/yad386528/,ダイワロイネットホテルつくば,verified,ダイワロイネットホテルつくばの施設概要,ダイワロイネットホテルつくば - 宿泊予約は＜じゃらんnet＞,0.97,True,match,
356,stage-119-2,ホテル日航つくば,茨城県,つくば,https://www.jalan.net/yad324335/,ホテル日航つくば,verified,ホテル日航つくばの施設概要,ホテル日航つくば - 宿泊予約は＜じゃらんnet＞,0.97,True,match,
357,stage-119-3,ホテルJALシティつくば,茨城県,つくば,https://www.jalan.net/yad317932/,ホテルＪＡＬシティつくば,verified,ホテルＪＡＬシティつくばの施設概要,ホテルＪＡＬシティつくば - 宿泊予約は＜じゃらんnet＞,0.97,True,match,
358,stage-120-1,JR東日本ホテルメッツ 宇都宮,栃木県,宇都宮,https://www.jalan.net/yad355222/,JR東日本ホテルメッツ 宇都宮,verified,JR東日本ホテルメッツ 宇都宮の施設概要,JR東日本ホテルメッツ 宇都宮 - 宿泊予約は＜じゃらんnet＞,0.97,True,match,
359,stage-120-2,ダイワロイネットホテル宇都宮,栃木県,宇都宮,https://www.jalan.net/yad326434/,ダイワロイネットホテル宇都宮,verified,ダイワロイネットホテル宇都宮の施設概要,ダイワロイネットホテル宇都宮 - 宿泊予約は＜じゃらんnet＞,0.97,True,match,
360,stage-120-3,リッチモンドホテル宇都宮駅前,栃木県,宇都宮,https://www.jalan.net/yad330314/,リッチモンドホテル宇都宮駅前,verified,リッチモンドホテル宇都宮駅前の施設概要,リッチモンドホテル宇都宮駅前 - 宿泊予約は＜じゃらんnet＞,0.97,True,match,
361,stage-121-1,JR東日本ホテルメッツ 宇都宮,栃木県,宇都宮,https://www.jalan.net/yad355222/,JR東日本ホテルメッツ 宇都宮,verified,JR東日本ホテルメッツ 宇都宮の施設概要,JR東日本ホテルメッツ 宇都宮 - 宿泊予約は＜じゃらんnet＞,0.97,True,match,
362,stage-121-2,ダイワロイネットホテル宇都宮,栃木県,宇都宮,https://www.jalan.net/yad326434/,ダイワロイネットホテル宇都宮,verified,ダイワロイネットホテル宇都宮の施設概要,ダイワロイネットホテル宇都宮 - 宿泊予約は＜じゃらんnet＞,0.97,True,match,
363,stage-121-3,リッチモンドホテル宇都宮駅前,栃木県,宇都宮,https://www.jalan.net/yad330314/,リッチモンドホテル宇都宮駅前,verified,リッチモンドホテル宇都宮駅前の施設概要,リッチモンドホテル宇都宮駅前 - 宿泊予約は＜じゃらんnet＞,0.97,True,match,
364,stage-122-1,ホテルメトロポリタン高崎,群馬県,高崎,https://www.jalan.net/yad321008/,ホテルメトロポリタン高崎,verified,ホテルメトロポリタン高崎の施設概要,ホテルメトロポリタン高崎 - 宿泊予約は＜じゃらんnet＞,0.97,True,match,
365,stage-122-2,ホテルココ・グラン高崎,群馬県,高崎,https://www.jalan.net/yad353664/,ホテル ココ・グラン高崎,verified,ホテル ココ・グラン高崎の施設概要,ホテル ココ・グラン高崎 - 宿泊予約は＜じゃらんnet＞,0.97,True,match,
366,stage-122-3,アパホテル〈高崎駅前〉,群馬県,高崎,https://www.jalan.net/yad308306/,アパホテル〈高崎駅前〉2026年2月リニューアル,verified,アパホテル〈高崎駅前〉2026年2月リニューアルの施設概要,アパホテル〈高崎駅前〉2026年2月リニューアル - 宿泊予約は＜じゃらんnet＞,0.97,True,match,
367,stage-123-1,天然温泉 妙義の湯 ドーミーイン前橋,群馬県,前橋,https://www.jalan.net/yad384626/,天然温泉 妙義の湯 ドーミーイン前橋,verified,天然温泉 妙義の湯 ドーミーイン前橋の施設概要,天然温泉 妙義の湯 ドーミーイン前橋 - 宿泊予約は＜じゃらんnet＞,0.97,True,match,
368,stage-123-2,コンフォートホテル前橋,群馬県,前橋,https://www.jalan.net/yad336608/,コンフォートホテル前橋,verified,コンフォートホテル前橋の施設概要,コンフォートホテル前橋 - 宿泊予約は＜じゃらんnet＞,0.97,True,match,
369,stage-123-3,アパホテル〈前橋駅北〉,群馬県,前橋,https://www.jalan.net/yad365045/,アパホテル〈前橋駅北〉,verified,アパホテル〈前橋駅北〉の施設概要,アパホテル〈前橋駅北〉 - 宿泊予約は＜じゃらんnet＞,0.97,True,match,
370,stage-124-1,東横INN群馬太田駅南口,群馬県,太田,https://www.jalan.net/yad371125/,東横ＩＮＮ群馬太田駅南口,verified,東横ＩＮＮ群馬太田駅南口の施設概要,東横ＩＮＮ群馬太田駅南口 - 宿泊予約は＜じゃらんnet＞,0.97,True,match,
371,stage-124-2,ホテルルートインGrand太田駅前,群馬県,太田,https://www.jalan.net/yad375883/,ホテルルートインＧｒａｎｄ太田駅前,verified,ホテルルートインＧｒａｎｄ太田駅前の施設概要,ホテルルートインＧｒａｎｄ太田駅前 - 宿泊予約は＜じゃらんnet＞,0.97,True,match,
372,stage-124-3,太田グランドホテル,群馬県,太田,https://www.jalan.net/yad380626/,太田グランドホテル Ohta Grand Hotel,verified,太田グランドホテル Ohta Grand Hotelの施設概要,太田グランドホテル Ohta Grand Hotel - 宿泊予約は＜じゃらんnet＞,0.97,True,match,
373,stage-125-1,東横INN桐生駅南口,群馬県,桐生,https://www.jalan.net/yad332423/,東横ＩＮＮ桐生駅南口,verified,東横ＩＮＮ桐生駅南口の施設概要,東横ＩＮＮ桐生駅南口 - 宿泊予約は＜じゃらんnet＞,0.97,True,match,
374,stage-125-2,エースホテル,群馬県,桐生,https://www.jalan.net/yad334335/,庭の、桐生エースホテル,verified,庭の、桐生エースホテルの施設概要,庭の、桐生エースホテル - 宿泊予約は＜じゃらんnet＞,0.97,True,match,
375,stage-125-3,パークイン桐生,群馬県,桐生,https://www.jalan.net/yad327116/,パークイン桐生,verified,パークイン桐生の施設概要,パークイン桐生 - 宿泊予約は＜じゃらんnet＞,0.97,True,match,
376,stage-126-1,JRイン札幌北2条,北海道,札幌・大通,https://www.jalan.net/yad367273/,ＪＲイン札幌北２条,verified,ＪＲイン札幌北２条の施設概要,ＪＲイン札幌北２条 - 宿泊予約は＜じゃらんnet＞,0.97,True,match,
377,stage-126-2,ザ ノット 札幌,北海道,大通・すすきの,https://www.jalan.net/yad349825/,THE KNOT SAPPORO （ザ ノット 札幌）,verified,THE KNOT SAPPORO （ザ ノット 札幌）の施設概要,THE KNOT SAPPORO （ザ ノット 札幌） - 宿泊予約は＜じゃらんnet＞,0.97,True,match,
378,stage-126-3,札幌ビューホテル大通公園,北海道,大通,https://www.jalan.net/yad324274/,札幌ビューホテル大通公園,verified,札幌ビューホテル大通公園の施設概要,札幌ビューホテル大通公園 - 宿泊予約は＜じゃらんnet＞,0.97,True,match,
379,stage-127-1,JRイン札幌北2条,北海道,札幌・大通,https://www.jalan.net/yad367273/,ＪＲイン札幌北２条,verified,ＪＲイン札幌北２条の施設概要,ＪＲイン札幌北２条 - 宿泊予約は＜じゃらんnet＞,0.97,True,match,
380,stage-127-2,ザ ノット 札幌,北海道,大通・すすきの,https://www.jalan.net/yad349825/,THE KNOT SAPPORO （ザ ノット 札幌）,verified,THE KNOT SAPPORO （ザ ノット 札幌）の施設概要,THE KNOT SAPPORO （ザ ノット 札幌） - 宿泊予約は＜じゃらんnet＞,0.97,True,match,
381,stage-127-3,札幌ビューホテル大通公園,北海道,大通,https://www.jalan.net/yad324274/,札幌ビューホテル大通公園,verified,札幌ビューホテル大通公園の施設概要,札幌ビューホテル大通公園 - 宿泊予約は＜じゃらんnet＞,0.97,True,match,
382,stage-128-1,JRイン札幌北2条,北海道,札幌・大通,https://www.jalan.net/yad367273/,ＪＲイン札幌北２条,verified,ＪＲイン札幌北２条の施設概要,ＪＲイン札幌北２条 - 宿泊予約は＜じゃらんnet＞,0.97,True,match,
383,stage-128-2,ザ ノット 札幌,北海道,大通・すすきの,https://www.jalan.net/yad349825/,THE KNOT SAPPORO （ザ ノット 札幌）,verified,THE KNOT SAPPORO （ザ ノット 札幌）の施設概要,THE KNOT SAPPORO （ザ ノット 札幌） - 宿泊予約は＜じゃらんnet＞,0.97,True,match,
384,stage-128-3,札幌ビューホテル大通公園,北海道,大通,https://www.jalan.net/yad324274/,札幌ビューホテル大通公園,verified,札幌ビューホテル大通公園の施設概要,札幌ビューホテル大通公園 - 宿泊予約は＜じゃらんnet＞,0.97,True,match,
385,stage-129-1,JRイン札幌北2条,北海道,札幌・大通,https://www.jalan.net/yad367273/,ＪＲイン札幌北２条,verified,ＪＲイン札幌北２条の施設概要,ＪＲイン札幌北２条 - 宿泊予約は＜じゃらんnet＞,0.97,True,match,
386,stage-129-2,ザ ノット 札幌,北海道,大通・すすきの,https://www.jalan.net/yad349825/,THE KNOT SAPPORO （ザ ノット 札幌）,verified,THE KNOT SAPPORO （ザ ノット 札幌）の施設概要,THE KNOT SAPPORO （ザ ノット 札幌） - 宿泊予約は＜じゃらんnet＞,0.97,True,match,
387,stage-129-3,札幌ビューホテル大通公園,北海道,大通,https://www.jalan.net/yad324274/,札幌ビューホテル大通公園,verified,札幌ビューホテル大通公園の施設概要,札幌ビューホテル大通公園 - 宿泊予約は＜じゃらんnet＞,0.97,True,match,
388,stage-130-1,ベッセルイン札幌中島公園,北海道,中島公園,https://www.jalan.net/yad382870/,ベッセルイン札幌中島公園,verified,ベッセルイン札幌中島公園の施設概要,ベッセルイン札幌中島公園 - 宿泊予約は＜じゃらんnet＞,0.97,True,match,
389,stage-130-2,イビススタイルズ札幌,北海道,中島公園,https://www.jalan.net/yad342812/,イビススタイルズ札幌,verified,イビススタイルズ札幌の施設概要,イビススタイルズ札幌 - 宿泊予約は＜じゃらんnet＞,0.97,True,match,
390,stage-130-3,ホテルマイステイズ札幌中島公園,北海道,中島公園,https://www.jalan.net/yad327707/,ホテルマイステイズ札幌中島公園,verified,ホテルマイステイズ札幌中島公園の施設概要,ホテルマイステイズ札幌中島公園 - 宿泊予約は＜じゃらんnet＞,0.97,True,match,
391,stage-131-1,JRイン旭川,北海道,旭川,https://www.jalan.net/yad327682/,ＪＲイン旭川,verified,ＪＲイン旭川の施設概要,ＪＲイン旭川 - 宿泊予約は＜じゃらんnet＞,0.97,True,match,
392,stage-131-2,ホテルウィングインターナショナル旭川駅前,北海道,旭川,https://www.jalan.net/yad326154/,KOKO HOTEL 旭川駅前（旧 ホテルウィング旭川駅前）,rebranded_current_page,KOKO HOTEL 旭川駅前（旧 ホテルウィング旭川駅前）の施設概要,KOKO HOTEL 旭川駅前（旧 ホテルウィング旭川駅前） - 宿泊予約は＜じゃらんnet＞,0.2105,True,suspect,
393,stage-131-3,ワイズホテル旭川駅前,北海道,旭川,https://www.jalan.net/yad367376/,ワイズホテル旭川駅前,verified,ワイズホテル旭川駅前の施設概要,ワイズホテル旭川駅前 - 宿泊予約は＜じゃらんnet＞,0.97,True,match,
394,stage-132-1,JRイン函館,北海道,函館,https://www.jalan.net/yad319815/,ＪＲイン函館,verified,ＪＲイン函館の施設概要,ＪＲイン函館 - 宿泊予約は＜じゃらんnet＞,0.97,True,match,
395,stage-132-2,プレミアホテル-CABIN PRESIDENT-函館,北海道,函館,https://www.jalan.net/yad327575/,プレミアホテル−CABIN PRESIDENT−函館,verified,プレミアホテル−CABIN PRESIDENT−函館の施設概要,プレミアホテル−CABIN PRESIDENT−函館 - 宿泊予約は＜じゃらんnet＞,0.8679,True,likely_match,
396,stage-132-3,東横INN北海道函館駅前朝市,北海道,函館,https://www.jalan.net/yad388704/,東横ＩＮＮ函館駅前朝市,verified_fuzzy,東横ＩＮＮ函館駅前朝市の施設概要,東横ＩＮＮ函館駅前朝市 - 宿泊予約は＜じゃらんnet＞,0.7333,True,review_name,
397,stage-133-1,JRイン帯広,北海道,帯広,,,closed_no_current_link,,,,,no_url,
398,stage-133-2,リッチモンドホテル帯広駅前,北海道,帯広,https://www.jalan.net/yad352474/,リッチモンドホテル帯広駅前,verified,リッチモンドホテル帯広駅前の施設概要,リッチモンドホテル帯広駅前 - 宿泊予約は＜じゃらんnet＞,0.97,True,match,
399,stage-133-3,ホテルグランテラス帯広,北海道,帯広,https://www.jalan.net/yad310153/,薬湯風呂 ホテルグランテラス帯広（BBHホテルグループ）,manual_verified,薬湯風呂 ホテルグランテラス帯広（BBHホテルグループ）の施設概要,薬湯風呂 ホテルグランテラス帯広（BBHホテルグループ） - 宿泊予約は＜じゃらんnet＞,0.97,True,match,
400,stage-134-1,ANAクラウンプラザホテル釧路,北海道,釧路,https://www.jalan.net/yad311807/,ANAクラウンプラザホテル釧路 by IHG,verified,ANAクラウンプラザホテル釧路 by IHGの施設概要,ANAクラウンプラザホテル釧路 by IHG - 宿泊予約は＜じゃらんnet＞,0.97,True,match,
401,stage-134-2,コンフォートホテル釧路,北海道,釧路,https://www.jalan.net/yad338020/,コンフォートホテル釧路,verified,コンフォートホテル釧路の施設概要,コンフォートホテル釧路 - 宿泊予約は＜じゃらんnet＞,0.97,True,match,
402,stage-134-3,スーパーホテル釧路駅前,北海道,釧路,https://www.jalan.net/yad360972/,スーパーホテル釧路駅前 天然温泉 白鳥の湯,verified,スーパーホテル釧路駅前 天然温泉 白鳥の湯の施設概要,スーパーホテル釧路駅前 天然温泉 白鳥の湯 - 宿泊予約は＜じゃらんnet＞,0.97,True,match,
403,stage-135-1,ホテルJALシティ仙台,宮城県,仙台,https://www.jalan.net/yad317271/,ホテルJALシティ仙台,verified,ホテルJALシティ仙台の施設概要,ホテルJALシティ仙台 - 宿泊予約は＜じゃらんnet＞,0.97,True,match,
404,stage-135-2,ダイワロイネットホテル仙台西口 PREMIER,宮城県,仙台,https://www.jalan.net/yad377180/,ダイワロイネットホテル仙台西口 PREMIER,verified,ダイワロイネットホテル仙台西口 PREMIERの施設概要,ダイワロイネットホテル仙台西口 PREMIER - 宿泊予約は＜じゃらんnet＞,0.97,True,match,
405,stage-135-3,コンフォートホテル仙台西口,宮城県,仙台,https://www.jalan.net/yad385284/,コンフォートホテル仙台西口,verified,コンフォートホテル仙台西口の施設概要,コンフォートホテル仙台西口 - 宿泊予約は＜じゃらんnet＞,0.97,True,match,
406,stage-136-1,ホテル定禅寺,宮城県,勾当台公園,https://www.jalan.net/yad382812/,ホテル定禅寺,verified,ホテル定禅寺の施設概要,ホテル定禅寺 - 宿泊予約は＜じゃらんnet＞,0.97,True,match,
407,stage-136-2,アパホテル〈仙台勾当台公園〉,宮城県,勾当台公園,https://www.jalan.net/yad362752/,アパホテル〈仙台勾当台公園〉,verified,アパホテル〈仙台勾当台公園〉の施設概要,アパホテル〈仙台勾当台公園〉 - 宿泊予約は＜じゃらんnet＞,0.97,True,match,
408,stage-136-3,ホテルプレミアムグリーンソブリン,宮城県,勾当台公園,https://www.jalan.net/yad329258/,ホテルプレミアムグリーンソブリン,verified,ホテルプレミアムグリーンソブリンの施設概要,ホテルプレミアムグリーンソブリン - 宿泊予約は＜じゃらんnet＞,0.97,True,match,
409,stage-137-1,仙台ロイヤルパークホテル,宮城県,泉中央・泉区,https://www.jalan.net/yad330751/,仙台ロイヤルパークホテル,verified,仙台ロイヤルパークホテルの施設概要,仙台ロイヤルパークホテル - 宿泊予約は＜じゃらんnet＞,0.97,True,match,
410,stage-137-2,ホテルルートイン仙台泉インター,宮城県,泉区,https://www.jalan.net/yad304664/,ホテルルートイン仙台泉インター,verified,ホテルルートイン仙台泉インターの施設概要,ホテルルートイン仙台泉インター - 宿泊予約は＜じゃらんnet＞,0.97,True,match,
411,stage-137-3,スマイルホテル仙台泉インター,宮城県,泉区,https://www.jalan.net/yad327712/,スマイルホテル仙台泉インター,verified,スマイルホテル仙台泉インターの施設概要,スマイルホテル仙台泉インター - 宿泊予約は＜じゃらんnet＞,0.97,True,match,
412,stage-138-1,ホテル定禅寺,宮城県,勾当台公園,https://www.jalan.net/yad382812/,ホテル定禅寺,verified,ホテル定禅寺の施設概要,ホテル定禅寺 - 宿泊予約は＜じゃらんnet＞,0.97,True,match,
413,stage-138-2,アパホテル〈仙台勾当台公園〉,宮城県,勾当台公園,https://www.jalan.net/yad362752/,アパホテル〈仙台勾当台公園〉,verified,アパホテル〈仙台勾当台公園〉の施設概要,アパホテル〈仙台勾当台公園〉 - 宿泊予約は＜じゃらんnet＞,0.97,True,match,
414,stage-138-3,ホテルプレミアムグリーンソブリン,宮城県,勾当台公園,https://www.jalan.net/yad329258/,ホテルプレミアムグリーンソブリン,verified,ホテルプレミアムグリーンソブリンの施設概要,ホテルプレミアムグリーンソブリン - 宿泊予約は＜じゃらんnet＞,0.97,True,match,
415,stage-139-1,ホテルグリーンシティ,宮城県,北仙台,https://www.jalan.net/yad313534/,ホテルグリーンシティ,verified,ホテルグリーンシティの施設概要,ホテルグリーンシティ - 宿泊予約は＜じゃらんnet＞,0.97,True,match,
416,stage-139-2,アパホテル〈仙台勾当台公園〉,宮城県,勾当台公園,https://www.jalan.net/yad362752/,アパホテル〈仙台勾当台公園〉,verified,アパホテル〈仙台勾当台公園〉の施設概要,アパホテル〈仙台勾当台公園〉 - 宿泊予約は＜じゃらんnet＞,0.97,True,match,
417,stage-139-3,ホテル定禅寺,宮城県,勾当台公園,https://www.jalan.net/yad382812/,ホテル定禅寺,verified,ホテル定禅寺の施設概要,ホテル定禅寺 - 宿泊予約は＜じゃらんnet＞,0.97,True,match,
418,stage-140-1,ダイワロイネットホテル郡山駅前,福島県,郡山,https://www.jalan.net/yad340972/,ダイワロイネットホテル郡山駅前,verified,ダイワロイネットホテル郡山駅前の施設概要,ダイワロイネットホテル郡山駅前 - 宿泊予約は＜じゃらんnet＞,0.97,True,match,
419,stage-140-2,ホテルグローバルビュー郡山,福島県,郡山,https://www.jalan.net/yad392141/,ホテルグローバルビュー郡山,verified,ホテルグローバルビュー郡山の施設概要,ホテルグローバルビュー郡山 - 宿泊予約は＜じゃらんnet＞,0.97,True,match,
420,stage-140-3,コンフォートホテル郡山,福島県,郡山,https://www.jalan.net/yad319852/,コンフォートホテル郡山,verified,コンフォートホテル郡山の施設概要,コンフォートホテル郡山 - 宿泊予約は＜じゃらんnet＞,0.97,True,match,
421,stage-141-1,ホテルルートインいわき駅前,福島県,いわき,https://www.jalan.net/yad306494/,ホテルルートインいわき駅前,verified,ホテルルートインいわき駅前の施設概要,ホテルルートインいわき駅前 - 宿泊予約は＜じゃらんnet＞,0.97,True,match,
422,stage-141-2,東横INNいわき駅前,福島県,いわき,https://www.jalan.net/yad373085/,東横ＩＮＮいわき駅前,verified,東横ＩＮＮいわき駅前の施設概要,東横ＩＮＮいわき駅前 - 宿泊予約は＜じゃらんnet＞,0.97,True,match,
423,stage-141-3,サンライズインいわき,福島県,いわき,https://www.jalan.net/yad368925/,サンライズインいわき,verified,サンライズインいわきの施設概要,サンライズインいわき - 宿泊予約は＜じゃらんnet＞,0.97,True,match,
424,stage-142-1,リッチモンドホテル秋田駅前,秋田県,秋田,https://www.jalan.net/yad371528/,リッチモンドホテル秋田駅前,verified,リッチモンドホテル秋田駅前の施設概要,リッチモンドホテル秋田駅前 - 宿泊予約は＜じゃらんnet＞,0.97,True,match,
425,stage-142-2,ホテルメトロポリタン秋田,秋田県,秋田,https://www.jalan.net/yad329656/,ホテルメトロポリタン秋田,verified,ホテルメトロポリタン秋田の施設概要,ホテルメトロポリタン秋田 - 宿泊予約は＜じゃらんnet＞,0.97,True,match,
426,stage-142-3,ANAクラウンプラザホテル秋田,秋田県,秋田,https://www.jalan.net/yad313423/,ANAクラウンプラザホテル秋田 by IHG,verified,ANAクラウンプラザホテル秋田 by IHGの施設概要,ANAクラウンプラザホテル秋田 by IHG - 宿泊予約は＜じゃらんnet＞,0.97,True,match,
427,stage-143-1,リッチモンドホテル盛岡駅前,岩手県,盛岡,https://www.jalan.net/yad331739/,リッチモンドホテル盛岡駅前,verified,リッチモンドホテル盛岡駅前の施設概要,リッチモンドホテル盛岡駅前 - 宿泊予約は＜じゃらんnet＞,0.97,True,match,
428,stage-143-2,ダイワロイネットホテル盛岡駅前,岩手県,盛岡,https://www.jalan.net/yad351773/,ダイワロイネットホテル盛岡駅前,verified,ダイワロイネットホテル盛岡駅前の施設概要,ダイワロイネットホテル盛岡駅前 - 宿泊予約は＜じゃらんnet＞,0.97,True,match,
429,stage-143-3,ホテルメトロポリタン盛岡 NEW WING,岩手県,盛岡,https://www.jalan.net/yad309556/,ホテルメトロポリタン盛岡 ニューウイング,manual_verified,ホテルメトロポリタン盛岡 ニューウイングの施設概要,ホテルメトロポリタン盛岡 ニューウイング - 宿泊予約は＜じゃらんnet＞,0.5581,True,review_name,
430,stage-144-1,リッチモンドホテル盛岡駅前,岩手県,盛岡,https://www.jalan.net/yad331739/,リッチモンドホテル盛岡駅前,verified,リッチモンドホテル盛岡駅前の施設概要,リッチモンドホテル盛岡駅前 - 宿泊予約は＜じゃらんnet＞,0.97,True,match,
431,stage-144-2,ダイワロイネットホテル盛岡駅前,岩手県,盛岡,https://www.jalan.net/yad351773/,ダイワロイネットホテル盛岡駅前,verified,ダイワロイネットホテル盛岡駅前の施設概要,ダイワロイネットホテル盛岡駅前 - 宿泊予約は＜じゃらんnet＞,0.97,True,match,
432,stage-144-3,ホテルメトロポリタン盛岡 NEW WING,岩手県,盛岡,https://www.jalan.net/yad309556/,ホテルメトロポリタン盛岡 ニューウイング,manual_verified,ホテルメトロポリタン盛岡 ニューウイングの施設概要,ホテルメトロポリタン盛岡 ニューウイング - 宿泊予約は＜じゃらんnet＞,0.5581,True,review_name,
433,stage-145-1,ダイワロイネットホテル青森,青森県,青森,https://www.jalan.net/yad304122/,ダイワロイネットホテル青森,verified,ダイワロイネットホテル青森の施設概要,ダイワロイネットホテル青森 - 宿泊予約は＜じゃらんnet＞,0.97,True,match,
434,stage-145-2,ホテルJALシティ青森,青森県,青森,https://www.jalan.net/yad335975/,ホテルJALシティ青森,verified,ホテルJALシティ青森の施設概要,ホテルJALシティ青森 - 宿泊予約は＜じゃらんnet＞,0.97,True,match,
435,stage-145-3,リッチモンドホテル青森,青森県,青森,https://www.jalan.net/yad362925/,リッチモンドホテル青森,verified,リッチモンドホテル青森の施設概要,リッチモンドホテル青森 - 宿泊予約は＜じゃらんnet＞,0.97,True,match,
436,stage-146-1,ダイワロイネットホテル山形駅前,山形県,山形,https://www.jalan.net/yad326892/,ダイワロイネットホテル山形駅前,verified,ダイワロイネットホテル山形駅前の施設概要,ダイワロイネットホテル山形駅前 - 宿泊予約は＜じゃらんnet＞,0.97,True,match,
437,stage-146-2,ホテルメトロポリタン山形,山形県,山形,https://www.jalan.net/yad313105/,ホテルメトロポリタン山形,verified,ホテルメトロポリタン山形の施設概要,ホテルメトロポリタン山形 - 宿泊予約は＜じゃらんnet＞,0.97,True,match,
438,stage-146-3,コンフォートホテル山形,山形県,山形,https://www.jalan.net/yad346600/,コンフォートホテル山形,verified,コンフォートホテル山形の施設概要,コンフォートホテル山形 - 宿泊予約は＜じゃらんnet＞,0.97,True,match,
439,stage-147-1,ホテルフォルクローロ高畠,山形県,高畠,https://www.jalan.net/yad318885/,ホテル フォルクローロ高畠＜JR東日本ホテルズ＞,verified,ホテル フォルクローロ高畠＜JR東日本ホテルズ＞の施設概要,ホテル フォルクローロ高畠＜JR東日本ホテルズ＞ - 宿泊予約は＜じゃらんnet＞,0.97,True,match,
440,stage-147-2,ホテルモントビュー米沢,山形県,米沢,https://www.jalan.net/yad308308/,ホテルモントビュー米沢,verified,ホテルモントビュー米沢の施設概要,ホテルモントビュー米沢 - 宿泊予約は＜じゃらんnet＞,0.97,True,match,
441,stage-147-3,東横INN米沢駅前,山形県,米沢,https://www.jalan.net/yad386247/,東横ＩＮＮ 米沢駅前,verified,東横ＩＮＮ 米沢駅前の施設概要,東横ＩＮＮ 米沢駅前 - 宿泊予約は＜じゃらんnet＞,0.97,True,match,
442,stage-148-1,ホテル日航新潟,新潟県,新潟,https://www.jalan.net/yad387312/,ホテル日航新潟,verified,ホテル日航新潟の施設概要,ホテル日航新潟 - 宿泊予約は＜じゃらんnet＞,0.97,True,match,
443,stage-148-2,アパホテル&リゾート〈新潟駅前大通〉,新潟県,新潟,https://www.jalan.net/yad397576/,アパホテル＆リゾート〈新潟駅前大通〉,verified,アパホテル＆リゾート〈新潟駅前大通〉の施設概要,アパホテル＆リゾート〈新潟駅前大通〉 - 宿泊予約は＜じゃらんnet＞,0.97,True,match,
444,stage-148-3,JR東日本ホテルメッツ 新潟,新潟県,新潟,https://www.jalan.net/yad335918/,JR東日本ホテルメッツ 新潟,verified,JR東日本ホテルメッツ 新潟の施設概要,JR東日本ホテルメッツ 新潟 - 宿泊予約は＜じゃらんnet＞,0.97,True,match,
445,stage-149-1,ホテル日航新潟,新潟県,新潟,https://www.jalan.net/yad387312/,ホテル日航新潟,verified,ホテル日航新潟の施設概要,ホテル日航新潟 - 宿泊予約は＜じゃらんnet＞,0.97,True,match,
446,stage-149-2,アパホテル&リゾート〈新潟駅前大通〉,新潟県,新潟,https://www.jalan.net/yad397576/,アパホテル＆リゾート〈新潟駅前大通〉,verified,アパホテル＆リゾート〈新潟駅前大通〉の施設概要,アパホテル＆リゾート〈新潟駅前大通〉 - 宿泊予約は＜じゃらんnet＞,0.97,True,match,
447,stage-149-3,JR東日本ホテルメッツ 新潟,新潟県,新潟,https://www.jalan.net/yad335918/,JR東日本ホテルメッツ 新潟,verified,JR東日本ホテルメッツ 新潟の施設概要,JR東日本ホテルメッツ 新潟 - 宿泊予約は＜じゃらんnet＞,0.97,True,match,
448,stage-150-1,ホテル日航新潟,新潟県,新潟,https://www.jalan.net/yad387312/,ホテル日航新潟,verified,ホテル日航新潟の施設概要,ホテル日航新潟 - 宿泊予約は＜じゃらんnet＞,0.97,True,match,
449,stage-150-2,アパホテル&リゾート〈新潟駅前大通〉,新潟県,新潟,https://www.jalan.net/yad397576/,アパホテル＆リゾート〈新潟駅前大通〉,verified,アパホテル＆リゾート〈新潟駅前大通〉の施設概要,アパホテル＆リゾート〈新潟駅前大通〉 - 宿泊予約は＜じゃらんnet＞,0.97,True,match,
450,stage-150-3,JR東日本ホテルメッツ 新潟,新潟県,新潟,https://www.jalan.net/yad335918/,JR東日本ホテルメッツ 新潟,verified,JR東日本ホテルメッツ 新潟の施設概要,JR東日本ホテルメッツ 新潟 - 宿泊予約は＜じゃらんnet＞,0.97,True,match,
451,stage-151-1,ホテルニューオータニ長岡,新潟県,長岡,https://www.jalan.net/yad301332/,ホテルニューオータニ長岡,verified,ホテルニューオータニ長岡の施設概要,ホテルニューオータニ長岡 - 宿泊予約は＜じゃらんnet＞,0.97,True,match,
452,stage-151-2,JR東日本ホテルメッツ 長岡,新潟県,長岡,https://www.jalan.net/yad375795/,JR東日本ホテルメッツ 長岡,verified,JR東日本ホテルメッツ 長岡の施設概要,JR東日本ホテルメッツ 長岡 - 宿泊予約は＜じゃらんnet＞,0.97,True,match,
453,stage-151-3,ホテル法華クラブ新潟長岡,新潟県,長岡,https://www.jalan.net/yad336795/,ホテル法華クラブ新潟長岡,verified,ホテル法華クラブ新潟長岡の施設概要,ホテル法華クラブ新潟長岡 - 宿泊予約は＜じゃらんnet＞,0.97,True,match,
454,stage-152-1,ダイワロイネットホテル富山駅前,富山県,富山,https://www.jalan.net/yad366765/,ダイワロイネットホテル富山駅前,verified,ダイワロイネットホテル富山駅前の施設概要,ダイワロイネットホテル富山駅前 - 宿泊予約は＜じゃらんnet＞,0.97,True,match,
455,stage-152-2,ホテルJALシティ富山,富山県,富山,https://www.jalan.net/yad361004/,ホテルＪＡＬシティ富山,verified,ホテルＪＡＬシティ富山の施設概要,ホテルＪＡＬシティ富山 - 宿泊予約は＜じゃらんnet＞,0.97,True,match,
456,stage-152-3,富山エクセルホテル東急,富山県,富山,https://www.jalan.net/yad315174/,富山エクセルホテル東急,verified,富山エクセルホテル東急の施設概要,富山エクセルホテル東急 - 宿泊予約は＜じゃらんnet＞,0.97,True,match,
457,stage-153-1,ダイワロイネットホテル富山駅前,富山県,富山,https://www.jalan.net/yad366765/,ダイワロイネットホテル富山駅前,verified,ダイワロイネットホテル富山駅前の施設概要,ダイワロイネットホテル富山駅前 - 宿泊予約は＜じゃらんnet＞,0.97,True,match,
458,stage-153-2,ホテルJALシティ富山,富山県,富山,https://www.jalan.net/yad361004/,ホテルＪＡＬシティ富山,verified,ホテルＪＡＬシティ富山の施設概要,ホテルＪＡＬシティ富山 - 宿泊予約は＜じゃらんnet＞,0.97,True,match,
459,stage-153-3,富山エクセルホテル東急,富山県,富山,https://www.jalan.net/yad315174/,富山エクセルホテル東急,verified,富山エクセルホテル東急の施設概要,富山エクセルホテル東急 - 宿泊予約は＜じゃらんnet＞,0.97,True,match,
460,stage-154-1,ダイワロイネットホテル富山駅前,富山県,富山,https://www.jalan.net/yad366765/,ダイワロイネットホテル富山駅前,verified,ダイワロイネットホテル富山駅前の施設概要,ダイワロイネットホテル富山駅前 - 宿泊予約は＜じゃらんnet＞,0.97,True,match,
461,stage-154-2,ホテルJALシティ富山,富山県,富山,https://www.jalan.net/yad361004/,ホテルＪＡＬシティ富山,verified,ホテルＪＡＬシティ富山の施設概要,ホテルＪＡＬシティ富山 - 宿泊予約は＜じゃらんnet＞,0.97,True,match,
462,stage-154-3,富山エクセルホテル東急,富山県,富山,https://www.jalan.net/yad315174/,富山エクセルホテル東急,verified,富山エクセルホテル東急の施設概要,富山エクセルホテル東急 - 宿泊予約は＜じゃらんnet＞,0.97,True,match,
463,stage-155-1,ホテルフォルツァ金沢,石川県,金沢,https://www.jalan.net/yad378719/,FORZA ホテルフォルツァ金沢,verified,FORZA ホテルフォルツァ金沢の施設概要,FORZA ホテルフォルツァ金沢 - 宿泊予約は＜じゃらんnet＞,0.97,True,match,
464,stage-155-2,三井ガーデンホテル金沢,石川県,金沢,https://www.jalan.net/yad334419/,三井ガーデンホテル金沢,verified,三井ガーデンホテル金沢の施設概要,三井ガーデンホテル金沢 - 宿泊予約は＜じゃらんnet＞,0.97,True,match,
465,stage-155-3,東急ステイ金沢,石川県,金沢,https://www.jalan.net/yad329525/,東急ステイ金沢,verified,東急ステイ金沢の施設概要,東急ステイ金沢 - 宿泊予約は＜じゃらんnet＞,0.97,True,match,
466,stage-156-1,ホテルフォルツァ金沢,石川県,金沢,https://www.jalan.net/yad378719/,FORZA ホテルフォルツァ金沢,verified,FORZA ホテルフォルツァ金沢の施設概要,FORZA ホテルフォルツァ金沢 - 宿泊予約は＜じゃらんnet＞,0.97,True,match,
467,stage-156-2,三井ガーデンホテル金沢,石川県,金沢,https://www.jalan.net/yad334419/,三井ガーデンホテル金沢,verified,三井ガーデンホテル金沢の施設概要,三井ガーデンホテル金沢 - 宿泊予約は＜じゃらんnet＞,0.97,True,match,
468,stage-156-3,東急ステイ金沢,石川県,金沢,https://www.jalan.net/yad329525/,東急ステイ金沢,verified,東急ステイ金沢の施設概要,東急ステイ金沢 - 宿泊予約は＜じゃらんnet＞,0.97,True,match,
469,stage-157-1,ホテルフォルツァ金沢,石川県,金沢,https://www.jalan.net/yad378719/,FORZA ホテルフォルツァ金沢,verified,FORZA ホテルフォルツァ金沢の施設概要,FORZA ホテルフォルツァ金沢 - 宿泊予約は＜じゃらんnet＞,0.97,True,match,
470,stage-157-2,三井ガーデンホテル金沢,石川県,金沢,https://www.jalan.net/yad334419/,三井ガーデンホテル金沢,verified,三井ガーデンホテル金沢の施設概要,三井ガーデンホテル金沢 - 宿泊予約は＜じゃらんnet＞,0.97,True,match,
471,stage-157-3,東急ステイ金沢,石川県,金沢,https://www.jalan.net/yad329525/,東急ステイ金沢,verified,東急ステイ金沢の施設概要,東急ステイ金沢 - 宿泊予約は＜じゃらんnet＞,0.97,True,match,
472,stage-158-1,コートヤード・バイ・マリオット福井,福井県,福井,https://www.jalan.net/yad361196/,コートヤード・バイ・マリオット福井,verified,コートヤード・バイ・マリオット福井の施設概要,コートヤード・バイ・マリオット福井 - 宿泊予約は＜じゃらんnet＞,0.97,True,match,
473,stage-158-2,ホテルフジタ福井,福井県,福井,https://www.jalan.net/yad382628/,ホテルフジタ福井,verified,ホテルフジタ福井の施設概要,ホテルフジタ福井 - 宿泊予約は＜じゃらんnet＞,0.97,True,match,
474,stage-158-3,ドーミーインPREMIUM福井,福井県,福井,https://www.jalan.net/yad373624/,天然温泉 羽二重の湯 ドーミーインPREMIUM福井,verified,天然温泉 羽二重の湯 ドーミーインPREMIUM福井の施設概要,天然温泉 羽二重の湯 ドーミーインPREMIUM福井 - 宿泊予約は＜じゃらんnet＞,0.97,True,match,
475,stage-159-1,コートヤード・バイ・マリオット福井,福井県,福井,https://www.jalan.net/yad361196/,コートヤード・バイ・マリオット福井,verified,コートヤード・バイ・マリオット福井の施設概要,コートヤード・バイ・マリオット福井 - 宿泊予約は＜じゃらんnet＞,0.97,True,match,
476,stage-159-2,ホテルフジタ福井,福井県,福井,https://www.jalan.net/yad382628/,ホテルフジタ福井,verified,ホテルフジタ福井の施設概要,ホテルフジタ福井 - 宿泊予約は＜じゃらんnet＞,0.97,True,match,
477,stage-159-3,ドーミーインPREMIUM福井,福井県,福井,https://www.jalan.net/yad373624/,天然温泉 羽二重の湯 ドーミーインPREMIUM福井,verified,天然温泉 羽二重の湯 ドーミーインPREMIUM福井の施設概要,天然温泉 羽二重の湯 ドーミーインPREMIUM福井 - 宿泊予約は＜じゃらんnet＞,0.97,True,match,
478,stage-160-1,天然温泉 勝運の湯 ドーミーイン甲府丸の内,山梨県,甲府,https://www.jalan.net/yad359575/,天然温泉 勝運の湯 ドーミーイン甲府 丸の内,verified,天然温泉 勝運の湯 ドーミーイン甲府 丸の内の施設概要,天然温泉 勝運の湯 ドーミーイン甲府 丸の内 - 宿泊予約は＜じゃらんnet＞,0.97,True,match,
479,stage-160-2,東横INN甲府駅南口2,山梨県,甲府,https://www.jalan.net/yad309094/,東横ＩＮＮ甲府駅南口Ⅱ,verified_fuzzy,東横ＩＮＮ甲府駅南口Ⅱの施設概要,東横ＩＮＮ甲府駅南口Ⅱ - 宿泊予約は＜じゃらんnet＞,0.7143,True,review_name,
480,stage-160-3,古名屋ホテル,山梨県,甲府,https://www.jalan.net/yad324167/,古名屋ホテル,verified,古名屋ホテルの施設概要,古名屋ホテル - 宿泊予約は＜じゃらんnet＞,0.97,True,match,
481,stage-161-1,河口湖ホテル,山梨県,河口湖,https://www.jalan.net/yad362240/,河口湖ホテル,verified,河口湖ホテルの施設概要,河口湖ホテル - 宿泊予約は＜じゃらんnet＞,0.97,True,match,
482,stage-161-2,東横INN富士河口湖大橋,山梨県,河口湖,https://www.jalan.net/yad372158/,東横ＩＮＮ富士河口湖大橋,verified,東横ＩＮＮ富士河口湖大橋の施設概要,東横ＩＮＮ富士河口湖大橋 - 宿泊予約は＜じゃらんnet＞,0.97,True,match,
483,stage-161-3,ホテルルートイン河口湖,山梨県,河口湖,https://www.jalan.net/yad325352/,河口湖天然温泉 ホテルルートイン河口湖,verified,河口湖天然温泉 ホテルルートイン河口湖の施設概要,河口湖天然温泉 ホテルルートイン河口湖 - 宿泊予約は＜じゃらんnet＞,0.97,True,match,
484,stage-162-1,いろはグランホテル松本駅前,長野県,松本,https://www.jalan.net/yad315575/,いろはグランホテル松本駅前,verified,いろはグランホテル松本駅前の施設概要,いろはグランホテル松本駅前 - 宿泊予約は＜じゃらんnet＞,0.97,True,match,
485,stage-162-2,リッチモンドホテル松本,長野県,松本,https://www.jalan.net/yad327177/,リッチモンドホテル松本,verified,リッチモンドホテル松本の施設概要,リッチモンドホテル松本 - 宿泊予約は＜じゃらんnet＞,0.97,True,match,
486,stage-162-3,プレミアホテル-CABIN-松本,長野県,松本,,,closed_no_current_link,,,,,no_url,
487,stage-163-1,いろはグランホテル松本駅前,長野県,松本,https://www.jalan.net/yad315575/,いろはグランホテル松本駅前,verified,いろはグランホテル松本駅前の施設概要,いろはグランホテル松本駅前 - 宿泊予約は＜じゃらんnet＞,0.97,True,match,
488,stage-163-2,リッチモンドホテル松本,長野県,松本,https://www.jalan.net/yad327177/,リッチモンドホテル松本,verified,リッチモンドホテル松本の施設概要,リッチモンドホテル松本 - 宿泊予約は＜じゃらんnet＞,0.97,True,match,
489,stage-163-3,プレミアホテル-CABIN-松本,長野県,松本,,,closed_no_current_link,,,,,no_url,
490,stage-164-1,ホテルメトロポリタン長野,長野県,長野,https://www.jalan.net/yad314560/,ホテルメトロポリタン長野,verified,ホテルメトロポリタン長野の施設概要,ホテルメトロポリタン長野 - 宿泊予約は＜じゃらんnet＞,0.97,True,match,
491,stage-164-2,長野東急REIホテル,長野県,長野,https://www.jalan.net/yad350498/,長野東急REIホテル,verified,長野東急REIホテルの施設概要,長野東急REIホテル - 宿泊予約は＜じゃらんnet＞,0.97,True,match,
492,stage-164-3,チサングランド長野,長野県,長野,https://www.jalan.net/yad324498/,チサングランド長野,verified,チサングランド長野の施設概要,チサングランド長野 - 宿泊予約は＜じゃらんnet＞,0.97,True,match,
493,stage-165-1,西鉄ホテル クルーム名古屋,愛知県,久屋大通,https://www.jalan.net/yad391346/,西鉄ホテル クルーム名古屋,verified,西鉄ホテル クルーム名古屋の施設概要,西鉄ホテル クルーム名古屋 - 宿泊予約は＜じゃらんnet＞,0.97,True,match,
494,stage-165-2,ベッセルイン栄駅前,愛知県,栄,https://www.jalan.net/yad387545/,ベッセルイン栄駅前,verified,ベッセルイン栄駅前の施設概要,ベッセルイン栄駅前 - 宿泊予約は＜じゃらんnet＞,0.97,True,match,
495,stage-165-3,ホテルマイステイズ名古屋錦,愛知県,栄,https://www.jalan.net/yad321267/,ホテルマイステイズ名古屋錦,verified,ホテルマイステイズ名古屋錦の施設概要,ホテルマイステイズ名古屋錦 - 宿泊予約は＜じゃらんnet＞,0.97,True,match,
496,stage-166-1,リッチモンドホテル名古屋納屋橋,愛知県,伏見,https://www.jalan.net/yad349602/,リッチモンドホテル名古屋納屋橋,verified,リッチモンドホテル名古屋納屋橋の施設概要,リッチモンドホテル名古屋納屋橋 - 宿泊予約は＜じゃらんnet＞,0.97,True,match,
497,stage-166-2,ホテルJALシティ名古屋 錦,愛知県,伏見,https://www.jalan.net/yad391804/,ホテルＪＡＬシティ名古屋 錦,verified,ホテルＪＡＬシティ名古屋 錦の施設概要,ホテルＪＡＬシティ名古屋 錦 - 宿泊予約は＜じゃらんnet＞,0.97,True,match,
498,stage-166-3,名古屋クラウンホテル,愛知県,伏見,https://www.jalan.net/yad334176/,都心の天然温泉 名古屋クラウンホテル,verified,都心の天然温泉 名古屋クラウンホテルの施設概要,都心の天然温泉 名古屋クラウンホテル - 宿泊予約は＜じゃらんnet＞,0.97,True,match,
499,stage-167-1,西鉄ホテル クルーム名古屋,愛知県,久屋大通,https://www.jalan.net/yad391346/,西鉄ホテル クルーム名古屋,verified,西鉄ホテル クルーム名古屋の施設概要,西鉄ホテル クルーム名古屋 - 宿泊予約は＜じゃらんnet＞,0.97,True,match,
500,stage-167-2,ベッセルイン栄駅前,愛知県,栄,https://www.jalan.net/yad387545/,ベッセルイン栄駅前,verified,ベッセルイン栄駅前の施設概要,ベッセルイン栄駅前 - 宿泊予約は＜じゃらんnet＞,0.97,True,match,
501,stage-167-3,ホテルマイステイズ名古屋錦,愛知県,栄,https://www.jalan.net/yad321267/,ホテルマイステイズ名古屋錦,verified,ホテルマイステイズ名古屋錦の施設概要,ホテルマイステイズ名古屋錦 - 宿泊予約は＜じゃらんnet＞,0.97,True,match,
502,stage-168-1,名古屋笠寺ホテル,愛知県,笠寺,https://www.jalan.net/yad328800/,－ＳＰＡ ＲＥＳＯＲＴ－名古屋笠寺ホテル,verified,－ＳＰＡ ＲＥＳＯＲＴ－名古屋笠寺ホテルの施設概要,－ＳＰＡ ＲＥＳＯＲＴ－名古屋笠寺ホテル - 宿泊予約は＜じゃらんnet＞,0.97,True,match,
503,stage-168-2,コンフォートホテル名古屋金山,愛知県,金山,https://www.jalan.net/yad332985/,コンフォートホテル名古屋金山,verified,コンフォートホテル名古屋金山の施設概要,コンフォートホテル名古屋金山 - 宿泊予約は＜じゃらんnet＞,0.97,True,match,
504,stage-168-3,名鉄イン名古屋金山,愛知県,金山,https://www.jalan.net/yad300820/,名鉄イン名古屋金山,verified,名鉄イン名古屋金山の施設概要,名鉄イン名古屋金山 - 宿泊予約は＜じゃらんnet＞,0.97,True,match,
505,stage-169-1,ANAクラウンプラザホテルグランコート名古屋,愛知県,金山,https://www.jalan.net/yad318988/,ANAクラウンプラザホテルグランコート名古屋 by IHG,verified,ANAクラウンプラザホテルグランコート名古屋 by IHGの施設概要,ANAクラウンプラザホテルグランコート名古屋 by IHG - 宿泊予約は＜じゃらんnet＞,0.97,True,match,
506,stage-169-2,コンフォートホテル名古屋金山,愛知県,金山,https://www.jalan.net/yad332985/,コンフォートホテル名古屋金山,verified,コンフォートホテル名古屋金山の施設概要,コンフォートホテル名古屋金山 - 宿泊予約は＜じゃらんnet＞,0.97,True,match,
507,stage-169-3,名鉄イン名古屋金山,愛知県,金山,https://www.jalan.net/yad300820/,名鉄イン名古屋金山,verified,名鉄イン名古屋金山の施設概要,名鉄イン名古屋金山 - 宿泊予約は＜じゃらんnet＞,0.97,True,match,
508,stage-170-1,西鉄ホテル クルーム名古屋,愛知県,久屋大通,https://www.jalan.net/yad391346/,西鉄ホテル クルーム名古屋,verified,西鉄ホテル クルーム名古屋の施設概要,西鉄ホテル クルーム名古屋 - 宿泊予約は＜じゃらんnet＞,0.97,True,match,
509,stage-170-2,ベッセルイン栄駅前,愛知県,栄,https://www.jalan.net/yad387545/,ベッセルイン栄駅前,verified,ベッセルイン栄駅前の施設概要,ベッセルイン栄駅前 - 宿泊予約は＜じゃらんnet＞,0.97,True,match,
510,stage-170-3,ホテルマイステイズ名古屋錦,愛知県,栄,https://www.jalan.net/yad321267/,ホテルマイステイズ名古屋錦,verified,ホテルマイステイズ名古屋錦の施設概要,ホテルマイステイズ名古屋錦 - 宿泊予約は＜じゃらんnet＞,0.97,True,match,
511,stage-171-1,西鉄ホテル クルーム名古屋,愛知県,久屋大通,https://www.jalan.net/yad391346/,西鉄ホテル クルーム名古屋,verified,西鉄ホテル クルーム名古屋の施設概要,西鉄ホテル クルーム名古屋 - 宿泊予約は＜じゃらんnet＞,0.97,True,match,
512,stage-171-2,ベッセルイン栄駅前,愛知県,栄,https://www.jalan.net/yad387545/,ベッセルイン栄駅前,verified,ベッセルイン栄駅前の施設概要,ベッセルイン栄駅前 - 宿泊予約は＜じゃらんnet＞,0.97,True,match,
513,stage-171-3,ホテルマイステイズ名古屋錦,愛知県,栄,https://www.jalan.net/yad321267/,ホテルマイステイズ名古屋錦,verified,ホテルマイステイズ名古屋錦の施設概要,ホテルマイステイズ名古屋錦 - 宿泊予約は＜じゃらんnet＞,0.97,True,match,
514,stage-172-1,ホテルメルパルク名古屋,愛知県,千種,https://www.jalan.net/yad310334/,ホテル メルパルク名古屋,verified,ホテル メルパルク名古屋の施設概要,ホテル メルパルク名古屋 - 宿泊予約は＜じゃらんnet＞,0.97,True,match,
515,stage-172-2,ホテルルートイン名古屋今池駅前,愛知県,今池,https://www.jalan.net/yad376712/,ホテルルートイン名古屋今池駅前,verified,ホテルルートイン名古屋今池駅前の施設概要,ホテルルートイン名古屋今池駅前 - 宿泊予約は＜じゃらんnet＞,0.97,True,match,
516,stage-172-3,ホテルルブラ王山,愛知県,池下,https://www.jalan.net/yad346057/,ホテル ルブラ王山,verified,ホテル ルブラ王山の施設概要,ホテル ルブラ王山 - 宿泊予約は＜じゃらんnet＞,0.97,True,match,
517,stage-173-1,ホテルアソシア豊橋,愛知県,豊橋,https://www.jalan.net/yad324526/,ホテルアソシア豊橋,verified,ホテルアソシア豊橋の施設概要,ホテルアソシア豊橋 - 宿泊予約は＜じゃらんnet＞,0.97,True,match,
518,stage-173-2,コンフォートホテル豊橋,愛知県,豊橋,https://www.jalan.net/yad389996/,コンフォートホテル豊橋,verified,コンフォートホテル豊橋の施設概要,コンフォートホテル豊橋 - 宿泊予約は＜じゃらんnet＞,0.97,True,match,
519,stage-173-3,東横INN豊橋駅東口,愛知県,豊橋,https://www.jalan.net/yad324457/,東横ＩＮＮ豊橋駅東口,verified,東横ＩＮＮ豊橋駅東口の施設概要,東横ＩＮＮ豊橋駅東口 - 宿泊予約は＜じゃらんnet＞,0.97,True,match,
520,stage-174-1,ホテルアソシア豊橋,愛知県,豊橋,https://www.jalan.net/yad324526/,ホテルアソシア豊橋,verified,ホテルアソシア豊橋の施設概要,ホテルアソシア豊橋 - 宿泊予約は＜じゃらんnet＞,0.97,True,match,
521,stage-174-2,コンフォートホテル豊橋,愛知県,豊橋,https://www.jalan.net/yad389996/,コンフォートホテル豊橋,verified,コンフォートホテル豊橋の施設概要,コンフォートホテル豊橋 - 宿泊予約は＜じゃらんnet＞,0.97,True,match,
522,stage-174-3,東横INN豊橋駅東口,愛知県,豊橋,https://www.jalan.net/yad324457/,東横ＩＮＮ豊橋駅東口,verified,東横ＩＮＮ豊橋駅東口の施設概要,東横ＩＮＮ豊橋駅東口 - 宿泊予約は＜じゃらんnet＞,0.97,True,match,
523,stage-175-1,名鉄イン刈谷,愛知県,刈谷,https://www.jalan.net/yad347760/,名鉄イン刈谷,verified,名鉄イン刈谷の施設概要,名鉄イン刈谷 - 宿泊予約は＜じゃらんnet＞,0.97,True,match,
524,stage-175-2,コンフォートホテル刈谷,愛知県,刈谷,https://www.jalan.net/yad379010/,コンフォートホテル刈谷,verified,コンフォートホテル刈谷の施設概要,コンフォートホテル刈谷 - 宿泊予約は＜じゃらんnet＞,0.97,True,match,
525,stage-175-3,アクセスイン刈谷,愛知県,刈谷,https://www.jalan.net/yad386118/,アクセスイン刈谷,verified,アクセスイン刈谷の施設概要,アクセスイン刈谷 - 宿泊予約は＜じゃらんnet＞,0.97,True,match,
526,stage-176-1,ザ・カトーホテル,愛知県,太田川,https://www.jalan.net/yad330154/,ザ・カトーホテル ＯＴＡＧＡＷＡ,verified,ザ・カトーホテル ＯＴＡＧＡＷＡの施設概要,ザ・カトーホテル ＯＴＡＧＡＷＡ - 宿泊予約は＜じゃらんnet＞,0.97,True,match,
527,stage-176-2,ルートイングランティア東海 Spa & Relaxation,愛知県,太田川,https://www.jalan.net/yad366684/,ルートイングランティア東海 Ｓｐａ＆Ｒｅｌａｘａｔｉｏｎ,verified,ルートイングランティア東海 Ｓｐａ＆Ｒｅｌａｘａｔｉｏｎの施設概要,ルートイングランティア東海 Ｓｐａ＆Ｒｅｌａｘａｔｉｏｎ - 宿泊予約は＜じゃらんnet＞,0.97,True,match,
528,stage-176-3,東海シティホテル,愛知県,太田川,https://www.jalan.net/yad369707/,東海シティホテル,verified,東海シティホテルの施設概要,東海シティホテル - 宿泊予約は＜じゃらんnet＞,0.97,True,match,
529,stage-177-1,ダイワロイネットホテル名古屋太閤通口,愛知県,名古屋,https://www.jalan.net/yad341332/,ダイワロイネットホテル名古屋太閤通口,verified,ダイワロイネットホテル名古屋太閤通口の施設概要,ダイワロイネットホテル名古屋太閤通口 - 宿泊予約は＜じゃらんnet＞,0.97,True,match,
530,stage-177-2,ヴィアイン名古屋新幹線口,愛知県,名古屋,https://www.jalan.net/yad367046/,ＪＲ西日本グループ ヴィアイン名古屋新幹線口,verified,ＪＲ西日本グループ ヴィアイン名古屋新幹線口の施設概要,ＪＲ西日本グループ ヴィアイン名古屋新幹線口 - 宿泊予約は＜じゃらんnet＞,0.97,True,match,
531,stage-177-3,名鉄イン名古屋駅前,愛知県,名古屋,https://www.jalan.net/yad376064/,名鉄イン名古屋駅前,verified,名鉄イン名古屋駅前の施設概要,名鉄イン名古屋駅前 - 宿泊予約は＜じゃらんnet＞,0.97,True,match,
532,stage-178-1,ダイワロイネットホテル岐阜,岐阜県,岐阜,https://www.jalan.net/yad305036/,ダイワロイネットホテル岐阜,verified,ダイワロイネットホテル岐阜の施設概要,ダイワロイネットホテル岐阜 - 宿泊予約は＜じゃらんnet＞,0.97,True,match,
533,stage-178-2,ホテルリソル岐阜,岐阜県,岐阜,https://www.jalan.net/yad311944/,ホテルリソル岐阜,verified,ホテルリソル岐阜の施設概要,ホテルリソル岐阜 - 宿泊予約は＜じゃらんnet＞,0.97,True,match,
534,stage-178-3,ドーミーイン岐阜駅前,岐阜県,岐阜,https://www.jalan.net/yad384888/,天然温泉 金華の湯 ドーミーイン岐阜駅前,verified,天然温泉 金華の湯 ドーミーイン岐阜駅前の施設概要,天然温泉 金華の湯 ドーミーイン岐阜駅前 - 宿泊予約は＜じゃらんnet＞,0.97,True,match,
535,stage-179-1,ホテルルートイン多治見インター,岐阜県,多治見,https://www.jalan.net/yad322204/,多治見天然温泉 ホテルルートイン多治見インター,verified,多治見天然温泉 ホテルルートイン多治見インターの施設概要,多治見天然温泉 ホテルルートイン多治見インター - 宿泊予約は＜じゃらんnet＞,0.97,True,match,
536,stage-179-2,オースタット国際ホテル多治見,岐阜県,多治見,https://www.jalan.net/yad317704/,オースタット国際ホテル多治見,verified,オースタット国際ホテル多治見の施設概要,オースタット国際ホテル多治見 - 宿泊予約は＜じゃらんnet＞,0.97,True,match,
537,stage-179-3,ホテル多治見ヒルズ マイルーム店,岐阜県,多治見,https://www.jalan.net/yad379530/,ホテル多治見ヒルズ マイルーム店（BBHホテルグループ）,verified,ホテル多治見ヒルズ マイルーム店（BBHホテルグループ）の施設概要,ホテル多治見ヒルズ マイルーム店（BBHホテルグループ） - 宿泊予約は＜じゃらんnet＞,0.97,True,match,
538,stage-180-1,ホテルグリーンパーク津,三重県,津,https://www.jalan.net/yad358764/,ホテルグリーンパーク津,verified,ホテルグリーンパーク津の施設概要,ホテルグリーンパーク津 - 宿泊予約は＜じゃらんnet＞,0.97,True,match,
539,stage-180-2,ドーミーイン津,三重県,津,https://www.jalan.net/yad390063/,天然温泉 けやきの湯 ドーミーイン津,verified,天然温泉 けやきの湯 ドーミーイン津の施設概要,天然温泉 けやきの湯 ドーミーイン津 - 宿泊予約は＜じゃらんnet＞,0.97,True,match,
540,stage-180-3,三交イン津駅前,三重県,津,https://www.jalan.net/yad398705/,三交イン津駅前～四季乃湯～,verified,三交イン津駅前～四季乃湯～の施設概要,三交イン津駅前～四季乃湯～ - 宿泊予約は＜じゃらんnet＞,0.97,True,match,
541,stage-181-1,都ホテル 四日市,三重県,近鉄四日市,https://www.jalan.net/yad346919/,都ホテル 四日市,verified,都ホテル 四日市の施設概要,都ホテル 四日市 - 宿泊予約は＜じゃらんnet＞,0.97,True,match,
542,stage-181-2,三交イン四日市駅前,三重県,近鉄四日市,https://www.jalan.net/yad340471/,三交イン四日市駅前,verified,三交イン四日市駅前の施設概要,三交イン四日市駅前 - 宿泊予約は＜じゃらんnet＞,0.97,True,match,
543,stage-181-3,コンフォートホテル四日市,三重県,近鉄四日市,https://www.jalan.net/yad348158/,コンフォートホテル四日市,verified,コンフォートホテル四日市の施設概要,コンフォートホテル四日市 - 宿泊予約は＜じゃらんnet＞,0.97,True,match,
544,stage-182-1,ホテルクエスト清水,静岡県,清水,https://www.jalan.net/yad342831/,ホテル クエスト清水,verified,ホテル クエスト清水の施設概要,ホテル クエスト清水 - 宿泊予約は＜じゃらんnet＞,0.97,True,match,
545,stage-182-2,東横INN静岡清水駅前,静岡県,清水,https://www.jalan.net/yad330777/,東横ＩＮＮ静岡清水駅前,verified,東横ＩＮＮ静岡清水駅前の施設概要,東横ＩＮＮ静岡清水駅前 - 宿泊予約は＜じゃらんnet＞,0.97,True,match,
546,stage-182-3,シーグランデ清水ステーションホテル,静岡県,清水,https://www.jalan.net/yad313999/,シーグランデ清水ステーションホテル,verified,シーグランデ清水ステーションホテルの施設概要,シーグランデ清水ステーションホテル - 宿泊予約は＜じゃらんnet＞,0.97,True,match,
547,stage-183-1,オークラアクトシティホテル浜松,静岡県,浜松,https://www.jalan.net/yad356928/,オークラアクトシティホテル浜松,verified,オークラアクトシティホテル浜松の施設概要,オークラアクトシティホテル浜松 - 宿泊予約は＜じゃらんnet＞,0.97,True,match,
548,stage-183-2,ダイワロイネットホテル浜松,静岡県,浜松,https://www.jalan.net/yad373772/,ダイワロイネットホテル浜松（2025年10月リニューアル）,verified,ダイワロイネットホテル浜松（2025年10月リニューアル）の施設概要,ダイワロイネットホテル浜松（2025年10月リニューアル） - 宿泊予約は＜じゃらんnet＞,0.97,True,match,
549,stage-183-3,コンフォートホテル浜松,静岡県,浜松,https://www.jalan.net/yad397166/,コンフォートホテル浜松,verified,コンフォートホテル浜松の施設概要,コンフォートホテル浜松 - 宿泊予約は＜じゃらんnet＞,0.97,True,match,
550,stage-184-1,富士山三島東急ホテル,静岡県,三島,https://www.jalan.net/yad385507/,富士山三島東急ホテル,verified,富士山三島東急ホテルの施設概要,富士山三島東急ホテル - 宿泊予約は＜じゃらんnet＞,0.97,True,match,
551,stage-184-2,ドーミーイン三島,静岡県,三島,https://www.jalan.net/yad313094/,天然温泉 富嶽の湯 ドーミーイン三島(2025/03/17リニューアル),verified,天然温泉 富嶽の湯 ドーミーイン三島(2025/03/17リニューアル)の施設概要,天然温泉 富嶽の湯 ドーミーイン三島(2025/03/17リニューアル) - 宿泊予約は＜じゃらんnet＞,0.97,True,match,
552,stage-184-3,東横INN富士山三島駅,静岡県,三島,https://www.jalan.net/yad387850/,東横ＩＮＮ富士山三島駅,verified,東横ＩＮＮ富士山三島駅の施設概要,東横ＩＮＮ富士山三島駅 - 宿泊予約は＜じゃらんnet＞,0.97,True,match,
553,stage-185-1,ダイワロイネットホテルぬまづ,静岡県,沼津,https://www.jalan.net/yad367804/,ダイワロイネットホテルぬまづ,verified,ダイワロイネットホテルぬまづの施設概要,ダイワロイネットホテルぬまづ - 宿泊予約は＜じゃらんnet＞,0.97,True,match,
554,stage-185-2,ホテルミワ,静岡県,沼津,https://www.jalan.net/yad312372/,ＫＯＫＯ ＨＯＴＥＬ 沼津駅前,rebranded_current_page,ＫＯＫＯ ＨＯＴＥＬ 沼津駅前の施設概要,ＫＯＫＯ ＨＯＴＥＬ 沼津駅前 - 宿泊予約は＜じゃらんnet＞,0.0,True,suspect,
555,stage-185-3,ココチホテル沼津,静岡県,沼津,https://www.jalan.net/yad361864/,ココチホテル沼津,verified,ココチホテル沼津の施設概要,ココチホテル沼津 - 宿泊予約は＜じゃらんnet＞,0.97,True,match,
556,stage-186-1,ホテル西村,静岡県,富士,,,needs_manual_review,,,,,no_url,
557,stage-186-2,くれたけイン富士山,静岡県,富士,https://www.jalan.net/yad338220/,くれたけイン富士山,verified,くれたけイン富士山の施設概要,くれたけイン富士山 - 宿泊予約は＜じゃらんnet＞,0.97,True,match,
558,stage-186-3,ホテルルートイン富士中央公園東,静岡県,富士,https://www.jalan.net/yad315926/,ホテルルートイン富士中央公園東,verified,ホテルルートイン富士中央公園東の施設概要,ホテルルートイン富士中央公園東 - 宿泊予約は＜じゃらんnet＞,0.97,True,match,
559,stage-187-1,ホテル阪急レスパイア大阪,大阪府,大阪・梅田,https://www.jalan.net/yad304150/,ホテル阪急レスパイア大阪,verified,ホテル阪急レスパイア大阪の施設概要,ホテル阪急レスパイア大阪 - 宿泊予約は＜じゃらんnet＞,0.97,True,match,
560,stage-187-2,ホテルインターゲート大阪 梅田,大阪府,大阪・梅田,https://www.jalan.net/yad333950/,ホテルインターゲート大阪梅田,verified,ホテルインターゲート大阪梅田の施設概要,ホテルインターゲート大阪梅田 - 宿泊予約は＜じゃらんnet＞,0.97,True,match,
561,stage-187-3,アパホテル&リゾート〈大阪梅田駅タワー〉,大阪府,梅田,https://www.jalan.net/yad307700/,アパホテル＆リゾート〈大阪梅田駅タワー〉,verified,アパホテル＆リゾート〈大阪梅田駅タワー〉の施設概要,アパホテル＆リゾート〈大阪梅田駅タワー〉 - 宿泊予約は＜じゃらんnet＞,0.97,True,match,
562,stage-188-1,ホテル阪急レスパイア大阪,大阪府,大阪・梅田,https://www.jalan.net/yad304150/,ホテル阪急レスパイア大阪,verified,ホテル阪急レスパイア大阪の施設概要,ホテル阪急レスパイア大阪 - 宿泊予約は＜じゃらんnet＞,0.97,True,match,
563,stage-188-2,ホテルインターゲート大阪 梅田,大阪府,大阪・梅田,https://www.jalan.net/yad333950/,ホテルインターゲート大阪梅田,verified,ホテルインターゲート大阪梅田の施設概要,ホテルインターゲート大阪梅田 - 宿泊予約は＜じゃらんnet＞,0.97,True,match,
564,stage-188-3,アパホテル&リゾート〈大阪梅田駅タワー〉,大阪府,梅田,https://www.jalan.net/yad307700/,アパホテル＆リゾート〈大阪梅田駅タワー〉,verified,アパホテル＆リゾート〈大阪梅田駅タワー〉の施設概要,アパホテル＆リゾート〈大阪梅田駅タワー〉 - 宿泊予約は＜じゃらんnet＞,0.97,True,match,
565,stage-189-1,ホテル阪急レスパイア大阪,大阪府,大阪・梅田,https://www.jalan.net/yad304150/,ホテル阪急レスパイア大阪,verified,ホテル阪急レスパイア大阪の施設概要,ホテル阪急レスパイア大阪 - 宿泊予約は＜じゃらんnet＞,0.97,True,match,
566,stage-189-2,ホテルインターゲート大阪 梅田,大阪府,大阪・梅田,https://www.jalan.net/yad333950/,ホテルインターゲート大阪梅田,verified,ホテルインターゲート大阪梅田の施設概要,ホテルインターゲート大阪梅田 - 宿泊予約は＜じゃらんnet＞,0.97,True,match,
567,stage-189-3,アパホテル&リゾート〈大阪梅田駅タワー〉,大阪府,梅田,https://www.jalan.net/yad307700/,アパホテル＆リゾート〈大阪梅田駅タワー〉,verified,アパホテル＆リゾート〈大阪梅田駅タワー〉の施設概要,アパホテル＆リゾート〈大阪梅田駅タワー〉 - 宿泊予約は＜じゃらんnet＞,0.97,True,match,
568,stage-190-1,ホテル京阪 天満橋駅前,大阪府,天満橋,https://www.jalan.net/yad350686/,ホテル京阪 天満橋駅前,manual_verified,ホテル京阪 天満橋駅前の施設概要,ホテル京阪 天満橋駅前 - 宿泊予約は＜じゃらんnet＞,0.97,True,match,
569,stage-190-2,アパホテル〈大阪谷町四丁目駅前〉,大阪府,谷町四丁目,https://www.jalan.net/yad325328/,アパホテル〈大阪谷町四丁目駅前〉,verified,アパホテル〈大阪谷町四丁目駅前〉の施設概要,アパホテル〈大阪谷町四丁目駅前〉 - 宿泊予約は＜じゃらんnet＞,0.97,True,match,
570,stage-190-3,ホテル・ザ・ルーテル,大阪府,谷町四丁目,https://www.jalan.net/yad307470/,ホテル・ザ・ルーテル,verified,ホテル・ザ・ルーテルの施設概要,ホテル・ザ・ルーテル - 宿泊予約は＜じゃらんnet＞,0.97,True,match,
571,stage-191-1,ホテル京阪 天満橋駅前,大阪府,天満橋,https://www.jalan.net/yad350686/,ホテル京阪 天満橋駅前,manual_verified,ホテル京阪 天満橋駅前の施設概要,ホテル京阪 天満橋駅前 - 宿泊予約は＜じゃらんnet＞,0.97,True,match,
572,stage-191-2,アパホテル〈大阪谷町四丁目駅前〉,大阪府,谷町四丁目,https://www.jalan.net/yad325328/,アパホテル〈大阪谷町四丁目駅前〉,verified,アパホテル〈大阪谷町四丁目駅前〉の施設概要,アパホテル〈大阪谷町四丁目駅前〉 - 宿泊予約は＜じゃらんnet＞,0.97,True,match,
573,stage-191-3,ホテル・ザ・ルーテル,大阪府,谷町四丁目,https://www.jalan.net/yad307470/,ホテル・ザ・ルーテル,verified,ホテル・ザ・ルーテルの施設概要,ホテル・ザ・ルーテル - 宿泊予約は＜じゃらんnet＞,0.97,True,match,
574,stage-192-1,ホテル京阪 天満橋駅前,大阪府,天満橋,https://www.jalan.net/yad350686/,ホテル京阪 天満橋駅前,manual_verified,ホテル京阪 天満橋駅前の施設概要,ホテル京阪 天満橋駅前 - 宿泊予約は＜じゃらんnet＞,0.97,True,match,
575,stage-192-2,アパホテル〈大阪谷町四丁目駅前〉,大阪府,谷町四丁目,https://www.jalan.net/yad325328/,アパホテル〈大阪谷町四丁目駅前〉,verified,アパホテル〈大阪谷町四丁目駅前〉の施設概要,アパホテル〈大阪谷町四丁目駅前〉 - 宿泊予約は＜じゃらんnet＞,0.97,True,match,
576,stage-192-3,ホテル・ザ・ルーテル,大阪府,谷町四丁目,https://www.jalan.net/yad307470/,ホテル・ザ・ルーテル,verified,ホテル・ザ・ルーテルの施設概要,ホテル・ザ・ルーテル - 宿泊予約は＜じゃらんnet＞,0.97,True,match,
577,stage-193-1,都シティ 大阪天王寺,大阪府,天王寺,https://www.jalan.net/yad348176/,都シティ 大阪天王寺,verified,都シティ 大阪天王寺の施設概要,都シティ 大阪天王寺 - 宿泊予約は＜じゃらんnet＞,0.97,True,match,
578,stage-193-2,ヴィアインあべの天王寺,大阪府,天王寺,https://www.jalan.net/yad310538/,ＪＲ西日本グループ ヴィアインあべの天王寺,verified,ＪＲ西日本グループ ヴィアインあべの天王寺の施設概要,ＪＲ西日本グループ ヴィアインあべの天王寺 - 宿泊予約は＜じゃらんnet＞,0.97,True,match,
579,stage-193-3,アパホテル〈天王寺駅前〉,大阪府,天王寺,https://www.jalan.net/yad315071/,アパホテル〈天王寺駅前〉,verified,アパホテル〈天王寺駅前〉の施設概要,アパホテル〈天王寺駅前〉 - 宿泊予約は＜じゃらんnet＞,0.97,True,match,
580,stage-194-1,相鉄フレッサイン 大阪なんば駅前,大阪府,なんば,https://www.jalan.net/yad335175/,相鉄フレッサイン大阪なんば駅前,verified,相鉄フレッサイン大阪なんば駅前の施設概要,相鉄フレッサイン大阪なんば駅前 - 宿泊予約は＜じゃらんnet＞,0.97,True,match,
581,stage-194-2,ホテルグレイスリー大阪なんば,大阪府,なんば,https://www.jalan.net/yad330578/,ホテルグレイスリー大阪なんば,verified,ホテルグレイスリー大阪なんばの施設概要,ホテルグレイスリー大阪なんば - 宿泊予約は＜じゃらんnet＞,0.97,True,match,
582,stage-194-3,アパホテル〈なんば駅東〉,大阪府,なんば,https://www.jalan.net/yad389677/,アパホテル〈なんば駅東〉,verified,アパホテル〈なんば駅東〉の施設概要,アパホテル〈なんば駅東〉 - 宿泊予約は＜じゃらんnet＞,0.97,True,match,
583,stage-195-1,ヴィアインプライム心斎橋四ツ橋,大阪府,四ツ橋,https://www.jalan.net/yad341583/,ＪＲ西日本グループ ヴィアインプライム心斎橋四ツ橋,verified,ＪＲ西日本グループ ヴィアインプライム心斎橋四ツ橋の施設概要,ＪＲ西日本グループ ヴィアインプライム心斎橋四ツ橋 - 宿泊予約は＜じゃらんnet＞,0.97,True,match,
584,stage-195-2,ハートンホテル心斎橋,大阪府,心斎橋,https://www.jalan.net/yad320736/,ハートンホテル心斎橋,verified,ハートンホテル心斎橋の施設概要,ハートンホテル心斎橋 - 宿泊予約は＜じゃらんnet＞,0.97,True,match,
585,stage-195-3,ホテルマイステイズ心斎橋,大阪府,心斎橋,https://www.jalan.net/yad321467/,ホテルマイステイズ心斎橋,verified,ホテルマイステイズ心斎橋の施設概要,ホテルマイステイズ心斎橋 - 宿泊予約は＜じゃらんnet＞,0.97,True,match,
586,stage-196-1,ホテル阪急レスパイア大阪,大阪府,大阪・梅田,https://www.jalan.net/yad304150/,ホテル阪急レスパイア大阪,verified,ホテル阪急レスパイア大阪の施設概要,ホテル阪急レスパイア大阪 - 宿泊予約は＜じゃらんnet＞,0.97,True,match,
587,stage-196-2,ホテルインターゲート大阪 梅田,大阪府,大阪・梅田,https://www.jalan.net/yad333950/,ホテルインターゲート大阪梅田,verified,ホテルインターゲート大阪梅田の施設概要,ホテルインターゲート大阪梅田 - 宿泊予約は＜じゃらんnet＞,0.97,True,match,
588,stage-196-3,アパホテル&リゾート〈大阪梅田駅タワー〉,大阪府,梅田,https://www.jalan.net/yad307700/,アパホテル＆リゾート〈大阪梅田駅タワー〉,verified,アパホテル＆リゾート〈大阪梅田駅タワー〉の施設概要,アパホテル＆リゾート〈大阪梅田駅タワー〉 - 宿泊予約は＜じゃらんnet＞,0.97,True,match,
589,stage-197-1,都シティ 大阪天王寺,大阪府,天王寺,https://www.jalan.net/yad348176/,都シティ 大阪天王寺,verified,都シティ 大阪天王寺の施設概要,都シティ 大阪天王寺 - 宿泊予約は＜じゃらんnet＞,0.97,True,match,
590,stage-197-2,ヴィアインあべの天王寺,大阪府,天王寺,https://www.jalan.net/yad310538/,ＪＲ西日本グループ ヴィアインあべの天王寺,verified,ＪＲ西日本グループ ヴィアインあべの天王寺の施設概要,ＪＲ西日本グループ ヴィアインあべの天王寺 - 宿泊予約は＜じゃらんnet＞,0.97,True,match,
591,stage-197-3,アパホテル〈天王寺駅前〉,大阪府,天王寺,https://www.jalan.net/yad315071/,アパホテル〈天王寺駅前〉,verified,アパホテル〈天王寺駅前〉の施設概要,アパホテル〈天王寺駅前〉 - 宿泊予約は＜じゃらんnet＞,0.97,True,match,
592,stage-198-1,ホテル京阪 天満橋駅前,大阪府,天満橋,https://www.jalan.net/yad350686/,ホテル京阪 天満橋駅前,manual_verified,ホテル京阪 天満橋駅前の施設概要,ホテル京阪 天満橋駅前 - 宿泊予約は＜じゃらんnet＞,0.97,True,match,
593,stage-198-2,アパホテル〈大阪谷町四丁目駅前〉,大阪府,谷町四丁目,https://www.jalan.net/yad325328/,アパホテル〈大阪谷町四丁目駅前〉,verified,アパホテル〈大阪谷町四丁目駅前〉の施設概要,アパホテル〈大阪谷町四丁目駅前〉 - 宿泊予約は＜じゃらんnet＞,0.97,True,match,
594,stage-198-3,ホテル・ザ・ルーテル,大阪府,谷町四丁目,https://www.jalan.net/yad307470/,ホテル・ザ・ルーテル,verified,ホテル・ザ・ルーテルの施設概要,ホテル・ザ・ルーテル - 宿泊予約は＜じゃらんnet＞,0.97,True,match,
595,stage-199-1,ホテル京阪 天満橋駅前,大阪府,天満橋,https://www.jalan.net/yad350686/,ホテル京阪 天満橋駅前,manual_verified,ホテル京阪 天満橋駅前の施設概要,ホテル京阪 天満橋駅前 - 宿泊予約は＜じゃらんnet＞,0.97,True,match,
596,stage-199-2,アパホテル〈大阪谷町四丁目駅前〉,大阪府,谷町四丁目,https://www.jalan.net/yad325328/,アパホテル〈大阪谷町四丁目駅前〉,verified,アパホテル〈大阪谷町四丁目駅前〉の施設概要,アパホテル〈大阪谷町四丁目駅前〉 - 宿泊予約は＜じゃらんnet＞,0.97,True,match,
597,stage-199-3,ホテル・ザ・ルーテル,大阪府,谷町四丁目,https://www.jalan.net/yad307470/,ホテル・ザ・ルーテル,verified,ホテル・ザ・ルーテルの施設概要,ホテル・ザ・ルーテル - 宿泊予約は＜じゃらんnet＞,0.97,True,match,
598,stage-200-1,ホテル京阪 天満橋駅前,大阪府,天満橋,https://www.jalan.net/yad350686/,ホテル京阪 天満橋駅前,manual_verified,ホテル京阪 天満橋駅前の施設概要,ホテル京阪 天満橋駅前 - 宿泊予約は＜じゃらんnet＞,0.97,True,match,
599,stage-200-2,アパホテル〈大阪谷町四丁目駅前〉,大阪府,谷町四丁目,https://www.jalan.net/yad325328/,アパホテル〈大阪谷町四丁目駅前〉,verified,アパホテル〈大阪谷町四丁目駅前〉の施設概要,アパホテル〈大阪谷町四丁目駅前〉 - 宿泊予約は＜じゃらんnet＞,0.97,True,match,
600,stage-200-3,ホテル・ザ・ルーテル,大阪府,谷町四丁目,https://www.jalan.net/yad307470/,ホテル・ザ・ルーテル,verified,ホテル・ザ・ルーテルの施設概要,ホテル・ザ・ルーテル - 宿泊予約は＜じゃらんnet＞,0.97,True,match,
601,stage-201-1,ホテル阪急レスパイア大阪,大阪府,大阪・梅田,https://www.jalan.net/yad304150/,ホテル阪急レスパイア大阪,verified,ホテル阪急レスパイア大阪の施設概要,ホテル阪急レスパイア大阪 - 宿泊予約は＜じゃらんnet＞,0.97,True,match,
602,stage-201-2,ホテルインターゲート大阪 梅田,大阪府,大阪・梅田,https://www.jalan.net/yad333950/,ホテルインターゲート大阪梅田,verified,ホテルインターゲート大阪梅田の施設概要,ホテルインターゲート大阪梅田 - 宿泊予約は＜じゃらんnet＞,0.97,True,match,
603,stage-201-3,アパホテル&リゾート〈大阪梅田駅タワー〉,大阪府,梅田,https://www.jalan.net/yad307700/,アパホテル＆リゾート〈大阪梅田駅タワー〉,verified,アパホテル＆リゾート〈大阪梅田駅タワー〉の施設概要,アパホテル＆リゾート〈大阪梅田駅タワー〉 - 宿泊予約は＜じゃらんnet＞,0.97,True,match,
604,stage-202-1,相鉄フレッサイン 大阪なんば駅前,大阪府,なんば,https://www.jalan.net/yad335175/,相鉄フレッサイン大阪なんば駅前,verified,相鉄フレッサイン大阪なんば駅前の施設概要,相鉄フレッサイン大阪なんば駅前 - 宿泊予約は＜じゃらんnet＞,0.97,True,match,
605,stage-202-2,ホテルグレイスリー大阪なんば,大阪府,なんば,https://www.jalan.net/yad330578/,ホテルグレイスリー大阪なんば,verified,ホテルグレイスリー大阪なんばの施設概要,ホテルグレイスリー大阪なんば - 宿泊予約は＜じゃらんnet＞,0.97,True,match,
606,stage-202-3,アパホテル〈なんば駅東〉,大阪府,なんば,https://www.jalan.net/yad389677/,アパホテル〈なんば駅東〉,verified,アパホテル〈なんば駅東〉の施設概要,アパホテル〈なんば駅東〉 - 宿泊予約は＜じゃらんnet＞,0.97,True,match,
607,stage-203-1,ホテル アゴーラ リージェンシー 大阪堺,大阪府,堺,https://www.jalan.net/yad392864/,ホテル アゴーラ リージェンシー 大阪堺,verified,ホテル アゴーラ リージェンシー 大阪堺の施設概要,ホテル アゴーラ リージェンシー 大阪堺 - 宿泊予約は＜じゃらんnet＞,0.97,True,match,
608,stage-203-2,ダイワロイネットホテル大阪堺東,大阪府,堺東,https://www.jalan.net/yad358825/,ダイワロイネットホテル堺東,verified_fuzzy,ダイワロイネットホテル堺東の施設概要,ダイワロイネットホテル堺東 - 宿泊予約は＜じゃらんnet＞,0.7879,True,likely_match,
609,stage-203-3,コンフォートホテル堺,大阪府,堺,https://www.jalan.net/yad386745/,コンフォートホテル堺,verified,コンフォートホテル堺の施設概要,コンフォートホテル堺 - 宿泊予約は＜じゃらんnet＞,0.97,True,match,
610,stage-204-1,ホテルアベストグランデ高槻,大阪府,高槻,https://www.jalan.net/yad311732/,ホテルアベストグランデ高槻 なごみの湯,verified,ホテルアベストグランデ高槻 なごみの湯の施設概要,ホテルアベストグランデ高槻 なごみの湯 - 宿泊予約は＜じゃらんnet＞,0.97,True,match,
611,stage-204-2,高槻W&Mホテル,大阪府,高槻市,https://www.jalan.net/yad310603/,高槻Ｗ＆Ｍホテル,verified,高槻Ｗ＆Ｍホテルの施設概要,高槻Ｗ＆Ｍホテル - 宿泊予約は＜じゃらんnet＞,0.97,True,match,
612,stage-204-3,ワークホテルアネックス天神の湯,大阪府,高槻,https://www.jalan.net/yad310619/,ワークホテルアネックス天神の湯,verified,ワークホテルアネックス天神の湯の施設概要,ワークホテルアネックス天神の湯 - 宿泊予約は＜じゃらんnet＞,0.97,True,match,
613,stage-205-1,大江戸温泉物語 箕面観光ホテル,大阪府,箕面,https://www.jalan.net/yad397608/,大江戸温泉物語Premium 箕面観光ホテル,manual_verified_web,大江戸温泉物語Premium 箕面観光ホテルの施設概要,大江戸温泉物語Premium 箕面観光ホテル - 宿泊予約は＜じゃらんnet＞,0.7,True,review_name,
614,stage-205-2,新大阪江坂東急REIホテル,大阪府,江坂,https://www.jalan.net/yad321471/,新大阪江坂東急REIホテル,verified,新大阪江坂東急REIホテルの施設概要,新大阪江坂東急REIホテル - 宿泊予約は＜じゃらんnet＞,0.97,True,match,
615,stage-205-3,サニーストンホテル,大阪府,江坂,https://www.jalan.net/yad321466/,サニーストンホテル,verified,サニーストンホテルの施設概要,サニーストンホテル - 宿泊予約は＜じゃらんnet＞,0.97,True,match,
616,stage-206-1,リッチモンドホテル東大阪,大阪府,長田,https://www.jalan.net/yad316640/,リッチモンドホテル東大阪,verified,リッチモンドホテル東大阪の施設概要,リッチモンドホテル東大阪 - 宿泊予約は＜じゃらんnet＞,0.97,True,match,
617,stage-206-2,ホテルウィングインターナショナルセレクト東大阪,大阪府,長田,https://www.jalan.net/yad338064/,KOKO HOTEL 東大阪,rebranded_current_page,KOKO HOTEL 東大阪の施設概要,KOKO HOTEL 東大阪 - 宿泊予約は＜じゃらんnet＞,0.15,True,suspect,
618,stage-206-3,U・コミュニティホテル,大阪府,河内小阪,https://www.jalan.net/yad335180/,U・コミュニティホテル（BBHホテルグループ）,verified,U・コミュニティホテル（BBHホテルグループ）の施設概要,U・コミュニティホテル（BBHホテルグループ） - 宿泊予約は＜じゃらんnet＞,0.97,True,match,
619,stage-207-1,ホテルA.P,大阪府,大阪空港・蛍池,https://www.jalan.net/yad320141/,ホテルA.P(大阪空港前),verified,ホテルA.P(大阪空港前)の施設概要,ホテルA.P(大阪空港前) - 宿泊予約は＜じゃらんnet＞,0.97,True,match,
620,stage-207-2,東横INN大阪伊丹空港,大阪府,大阪空港,https://www.jalan.net/yad343786/,東横ＩＮＮ大阪伊丹空港,verified,東横ＩＮＮ大阪伊丹空港の施設概要,東横ＩＮＮ大阪伊丹空港 - 宿泊予約は＜じゃらんnet＞,0.97,True,match,
621,stage-207-3,グリーンリッチホテル大阪空港前,大阪府,大阪空港,https://www.jalan.net/yad338432/,グリーンリッチホテル大阪空港前（人工温泉 二股湯の華）,verified,グリーンリッチホテル大阪空港前（人工温泉 二股湯の華）の施設概要,グリーンリッチホテル大阪空港前（人工温泉 二股湯の華） - 宿泊予約は＜じゃらんnet＞,0.97,True,match,
622,stage-208-1,ラ・ジェント・ホテル大阪ベイ,大阪府,桜島,https://www.jalan.net/yad392884/,ラ・ジェント・ホテル大阪ベイ,verified,ラ・ジェント・ホテル大阪ベイの施設概要,ラ・ジェント・ホテル大阪ベイ - 宿泊予約は＜じゃらんnet＞,0.97,True,match,
623,stage-208-2,ザ シンギュラリ ホテル&スカイスパ アット ユニバーサル・スタジオ・ジャパン,大阪府,ユニバーサルシティ,https://www.jalan.net/yad332153/,THE SINGULARI HOTEL ＆ SKYSPA at Universal Studios Japan,manual_verified,THE SINGULARI HOTEL ＆ SKYSPA at Universal Studios Japanの施設概要,THE SINGULARI HOTEL ＆ SKYSPA at Universal Studios Japan - 宿泊予約は＜じゃらんnet＞,0.0,True,suspect,
624,stage-208-3,ホテル京阪 ユニバーサル・タワー,大阪府,ユニバーサルシティ,https://www.jalan.net/yad302815/,ホテル京阪 ユニバーサル・タワー,verified,ホテル京阪 ユニバーサル・タワーの施設概要,ホテル京阪 ユニバーサル・タワー - 宿泊予約は＜じゃらんnet＞,0.97,True,match,
625,stage-209-1,ANAクラウンプラザホテル神戸,兵庫県,新神戸,https://www.jalan.net/yad331340/,ANAクラウンプラザホテル神戸 by IHG,verified,ANAクラウンプラザホテル神戸 by IHGの施設概要,ANAクラウンプラザホテル神戸 by IHG - 宿泊予約は＜じゃらんnet＞,0.97,True,match,
626,stage-209-2,ホテルピエナ神戸,兵庫県,三宮・新神戸,https://www.jalan.net/yad320806/,ホテルピエナ神戸,verified,ホテルピエナ神戸の施設概要,ホテルピエナ神戸 - 宿泊予約は＜じゃらんnet＞,0.97,True,match,
627,stage-209-3,神戸北野ホテル,兵庫県,北野・三宮,https://www.jalan.net/yad325790/,神戸北野ホテル,verified,神戸北野ホテルの施設概要,神戸北野ホテル - 宿泊予約は＜じゃらんnet＞,0.97,True,match,
628,stage-210-1,神戸ルミナスホテル三宮,兵庫県,三宮,https://www.jalan.net/yad359879/,神戸ルミナスホテル三宮,verified,神戸ルミナスホテル三宮の施設概要,神戸ルミナスホテル三宮 - 宿泊予約は＜じゃらんnet＞,0.97,True,match,
629,stage-210-2,ダイワロイネットホテル神戸三宮 PREMIER,兵庫県,三宮,https://www.jalan.net/yad398630/,ダイワロイネットホテル神戸三宮 PREMIER,verified,ダイワロイネットホテル神戸三宮 PREMIERの施設概要,ダイワロイネットホテル神戸三宮 PREMIER - 宿泊予約は＜じゃらんnet＞,0.97,True,match,
630,stage-210-3,コンフォートホテルERA神戸三宮,兵庫県,三宮,https://www.jalan.net/yad313503/,コンフォートホテルERA神戸三宮,verified,コンフォートホテルERA神戸三宮の施設概要,コンフォートホテルERA神戸三宮 - 宿泊予約は＜じゃらんnet＞,0.97,True,match,
631,stage-211-1,ホテルヒューイット甲子園,兵庫県,甲子園,https://www.jalan.net/yad323764/,ホテルヒューイット甲子園,verified,ホテルヒューイット甲子園の施設概要,ホテルヒューイット甲子園 - 宿泊予約は＜じゃらんnet＞,0.97,True,match,
632,stage-211-2,ホテル甲子園,兵庫県,甲子園,https://www.jalan.net/yad319201/,ホテル甲子園,verified,ホテル甲子園の施設概要,ホテル甲子園 - 宿泊予約は＜じゃらんnet＞,0.97,True,match,
633,stage-211-3,都ホテル 尼崎,兵庫県,尼崎,https://www.jalan.net/yad353164/,都ホテル 尼崎,verified,都ホテル 尼崎の施設概要,都ホテル 尼崎 - 宿泊予約は＜じゃらんnet＞,0.97,True,match,
634,stage-212-1,神戸ホテルジュラク,兵庫県,神戸,https://www.jalan.net/yad354378/,神戸ホテルジュラク,verified,神戸ホテルジュラクの施設概要,神戸ホテルジュラク - 宿泊予約は＜じゃらんnet＞,0.97,True,match,
635,stage-212-2,センチュリオンホテル グランド神戸駅前,兵庫県,神戸,https://www.jalan.net/yad376156/,センチュリオンホテルグランド神戸駅前,verified,センチュリオンホテルグランド神戸駅前の施設概要,センチュリオンホテルグランド神戸駅前 - 宿泊予約は＜じゃらんnet＞,0.97,True,match,
636,stage-212-3,神戸シティガーデンズホテル,兵庫県,神戸,https://www.jalan.net/yad312217/,神戸シティガーデンズホテル（旧 ホテル神戸四州園）,verified,神戸シティガーデンズホテル（旧 ホテル神戸四州園）の施設概要,神戸シティガーデンズホテル（旧 ホテル神戸四州園） - 宿泊予約は＜じゃらんnet＞,0.97,True,match,
637,stage-213-1,神戸ルミナスホテル三宮,兵庫県,三宮,https://www.jalan.net/yad359879/,神戸ルミナスホテル三宮,verified,神戸ルミナスホテル三宮の施設概要,神戸ルミナスホテル三宮 - 宿泊予約は＜じゃらんnet＞,0.97,True,match,
638,stage-213-2,ダイワロイネットホテル神戸三宮 PREMIER,兵庫県,三宮,https://www.jalan.net/yad398630/,ダイワロイネットホテル神戸三宮 PREMIER,verified,ダイワロイネットホテル神戸三宮 PREMIERの施設概要,ダイワロイネットホテル神戸三宮 PREMIER - 宿泊予約は＜じゃらんnet＞,0.97,True,match,
639,stage-213-3,コンフォートホテルERA神戸三宮,兵庫県,三宮,https://www.jalan.net/yad313503/,コンフォートホテルERA神戸三宮,verified,コンフォートホテルERA神戸三宮の施設概要,コンフォートホテルERA神戸三宮 - 宿泊予約は＜じゃらんnet＞,0.97,True,match,
640,stage-214-1,ホテルモントレ姫路,兵庫県,姫路,https://www.jalan.net/yad359234/,ホテルモントレ姫路,verified,ホテルモントレ姫路の施設概要,ホテルモントレ姫路 - 宿泊予約は＜じゃらんnet＞,0.97,True,match,
641,stage-214-2,ダイワロイネットホテル姫路,兵庫県,姫路,https://www.jalan.net/yad351448/,ダイワロイネットホテル姫路,verified,ダイワロイネットホテル姫路の施設概要,ダイワロイネットホテル姫路 - 宿泊予約は＜じゃらんnet＞,0.97,True,match,
642,stage-214-3,リッチモンドホテル姫路,兵庫県,姫路,https://www.jalan.net/yad339890/,リッチモンドホテル姫路,verified,リッチモンドホテル姫路の施設概要,リッチモンドホテル姫路 - 宿泊予約は＜じゃらんnet＞,0.97,True,match,
643,stage-215-1,都ホテル 尼崎,兵庫県,尼崎,https://www.jalan.net/yad353164/,都ホテル 尼崎,verified,都ホテル 尼崎の施設概要,都ホテル 尼崎 - 宿泊予約は＜じゃらんnet＞,0.97,True,match,
644,stage-215-2,ホテルヴィスキオ尼崎,兵庫県,尼崎,https://www.jalan.net/yad320322/,ホテルヴィスキオ尼崎,verified,ホテルヴィスキオ尼崎の施設概要,ホテルヴィスキオ尼崎 - 宿泊予約は＜じゃらんnet＞,0.97,True,match,
645,stage-215-3,尼崎プラザホテル 阪神尼崎,兵庫県,尼崎,https://www.jalan.net/yad376618/,尼崎プラザホテル阪神尼崎,verified,尼崎プラザホテル阪神尼崎の施設概要,尼崎プラザホテル阪神尼崎 - 宿泊予約は＜じゃらんnet＞,0.97,True,match,
646,stage-216-1,ホテルウィングインターナショナルプレミアム京都三条,京都府,三条・東山,https://www.jalan.net/yad330793/,KOKO HOTEL 京都三条,rebranded_current_page,KOKO HOTEL 京都三条の施設概要,KOKO HOTEL 京都三条 - 宿泊予約は＜じゃらんnet＞,0.186,True,suspect,
647,stage-216-2,ホテルマテリアル,京都府,東山,https://www.jalan.net/yad354346/,ＨＯＴＥＬ ＭＡＴＥＲＩＡＬ,manual_verified,ＨＯＴＥＬ ＭＡＴＥＲＩＡＬの施設概要,ＨＯＴＥＬ ＭＡＴＥＲＩＡＬ - 宿泊予約は＜じゃらんnet＞,0.0,True,suspect,
648,stage-216-3,ウェスティン都ホテル京都,京都府,蹴上,https://www.jalan.net/yad361088/,ウェスティン都ホテル京都,verified,ウェスティン都ホテル京都の施設概要,ウェスティン都ホテル京都 - 宿泊予約は＜じゃらんnet＞,0.97,True,match,
649,stage-217-1,ホテルウィングインターナショナルプレミアム京都三条,京都府,三条・東山,https://www.jalan.net/yad330793/,KOKO HOTEL 京都三条,rebranded_current_page,KOKO HOTEL 京都三条の施設概要,KOKO HOTEL 京都三条 - 宿泊予約は＜じゃらんnet＞,0.186,True,suspect,
650,stage-217-2,ホテルマテリアル,京都府,東山,https://www.jalan.net/yad354346/,ＨＯＴＥＬ ＭＡＴＥＲＩＡＬ,manual_verified,ＨＯＴＥＬ ＭＡＴＥＲＩＡＬの施設概要,ＨＯＴＥＬ ＭＡＴＥＲＩＡＬ - 宿泊予約は＜じゃらんnet＞,0.0,True,suspect,
651,stage-217-3,ウェスティン都ホテル京都,京都府,蹴上,https://www.jalan.net/yad361088/,ウェスティン都ホテル京都,verified,ウェスティン都ホテル京都の施設概要,ウェスティン都ホテル京都 - 宿泊予約は＜じゃらんnet＞,0.97,True,match,
652,stage-218-1,都ホテル 京都八条,京都府,京都,https://www.jalan.net/yad310077/,都ホテル 京都八条,verified,都ホテル 京都八条の施設概要,都ホテル 京都八条 - 宿泊予約は＜じゃらんnet＞,0.97,True,match,
653,stage-218-2,ダイワロイネットホテル京都テラス八条 PREMIER,京都府,京都,https://www.jalan.net/yad306786/,ダイワロイネットホテル京都テラス八条 PREMIER,verified,ダイワロイネットホテル京都テラス八条 PREMIERの施設概要,ダイワロイネットホテル京都テラス八条 PREMIER - 宿泊予約は＜じゃらんnet＞,0.97,True,match,
654,stage-218-3,ヴィアインプライム京都駅八条口,京都府,京都,https://www.jalan.net/yad367740/,ＪＲ西日本グループ ヴィアインプライム京都駅八条口,verified,ＪＲ西日本グループ ヴィアインプライム京都駅八条口の施設概要,ＪＲ西日本グループ ヴィアインプライム京都駅八条口 - 宿泊予約は＜じゃらんnet＞,0.97,True,match,
655,stage-219-1,ホテルミュッセ京都四条河原町名鉄,京都府,河原町,https://www.jalan.net/yad391887/,ホテルミュッセ京都四条河原町名鉄,verified,ホテルミュッセ京都四条河原町名鉄の施設概要,ホテルミュッセ京都四条河原町名鉄 - 宿泊予約は＜じゃらんnet＞,0.97,True,match,
656,stage-219-2,京都セントラルイン,京都府,河原町,https://www.jalan.net/yad353137/,京都セントラルイン,verified,京都セントラルインの施設概要,京都セントラルイン - 宿泊予約は＜じゃらんnet＞,0.97,True,match,
657,stage-219-3,ホテルフォルツァ京都四条河原町,京都府,河原町,https://www.jalan.net/yad397375/,FORZAホテルフォルツァ京都四条河原町,verified,FORZAホテルフォルツァ京都四条河原町の施設概要,FORZAホテルフォルツァ京都四条河原町 - 宿泊予約は＜じゃらんnet＞,0.97,True,match,
658,stage-220-1,ホテル日航奈良,奈良県,奈良,https://www.jalan.net/yad399780/,ホテル日航奈良,verified,ホテル日航奈良の施設概要,ホテル日航奈良 - 宿泊予約は＜じゃらんnet＞,0.97,True,match,
659,stage-220-2,ダイワロイネットホテル奈良,奈良県,奈良,https://www.jalan.net/yad308728/,天然温泉 奈良若草の湯 ダイワロイネットホテル奈良,verified,天然温泉 奈良若草の湯 ダイワロイネットホテル奈良の施設概要,天然温泉 奈良若草の湯 ダイワロイネットホテル奈良 - 宿泊予約は＜じゃらんnet＞,0.97,True,match,
660,stage-220-3,天然温泉 吉野桜の湯 御宿 野乃 奈良,奈良県,奈良,https://www.jalan.net/yad347886/,天然温泉 吉野桜の湯 御宿 野乃奈良（ドーミーインチェーン）,verified,天然温泉 吉野桜の湯 御宿 野乃奈良（ドーミーインチェーン）の施設概要,天然温泉 吉野桜の湯 御宿 野乃奈良（ドーミーインチェーン） - 宿泊予約は＜じゃらんnet＞,0.97,True,match,
661,stage-221-1,びわ湖ホテル,滋賀県,びわ湖浜大津,https://www.jalan.net/yad379554/,琵琶湖ホテル,manual_verified,琵琶湖ホテルの施設概要,琵琶湖ホテル - 宿泊予約は＜じゃらんnet＞,0.4706,True,suspect,
662,stage-221-2,HOTEL 講 大津百町,滋賀県,大津,,,no_current_jalan_link,,,,,no_url,
663,stage-221-3,東横INN京都琵琶湖大津,滋賀県,大津,https://www.jalan.net/yad383697/,東横ＩＮＮ京都琵琶湖大津,verified,東横ＩＮＮ京都琵琶湖大津の施設概要,東横ＩＮＮ京都琵琶湖大津 - 宿泊予約は＜じゃらんnet＞,0.97,True,match,
664,stage-222-1,ダイワロイネットホテル和歌山,和歌山県,和歌山,https://www.jalan.net/yad318333/,ダイワロイネットホテル和歌山,verified,ダイワロイネットホテル和歌山の施設概要,ダイワロイネットホテル和歌山 - 宿泊予約は＜じゃらんnet＞,0.97,True,match,
665,stage-222-2,天然温泉 紀州の湯 ドーミーインPREMIUM和歌山,和歌山県,和歌山,https://www.jalan.net/yad380232/,天然温泉 紀州の湯 ドーミーインＰＲＥＭＩＵＭ和歌山,verified,天然温泉 紀州の湯 ドーミーインＰＲＥＭＩＵＭ和歌山の施設概要,天然温泉 紀州の湯 ドーミーインＰＲＥＭＩＵＭ和歌山 - 宿泊予約は＜じゃらんnet＞,0.97,True,match,
666,stage-222-3,コンフォートホテル和歌山,和歌山県,和歌山,https://www.jalan.net/yad379936/,コンフォートホテル和歌山,verified,コンフォートホテル和歌山の施設概要,コンフォートホテル和歌山 - 宿泊予約は＜じゃらんnet＞,0.97,True,match,
667,stage-223-1,三井ガーデンホテル岡山,岡山県,岡山,https://www.jalan.net/yad322766/,三井ガーデンホテル岡山(2026年8月 全館リニューアルオープン),verified,三井ガーデンホテル岡山(2026年8月 全館リニューアルオープン)の施設概要,三井ガーデンホテル岡山(2026年8月 全館リニューアルオープン) - 宿泊予約は＜じゃらんnet＞,0.97,True,match,
668,stage-223-2,ダイワロイネットホテル岡山駅前,岡山県,岡山,https://www.jalan.net/yad304172/,ダイワロイネットホテル岡山駅前,verified,ダイワロイネットホテル岡山駅前の施設概要,ダイワロイネットホテル岡山駅前 - 宿泊予約は＜じゃらんnet＞,0.97,True,match,
669,stage-223-3,ホテルグランヴィア岡山,岡山県,岡山,https://www.jalan.net/yad318144/,ホテルグランヴィア岡山,verified,ホテルグランヴィア岡山の施設概要,ホテルグランヴィア岡山 - 宿泊予約は＜じゃらんnet＞,0.97,True,match,
670,stage-224-1,倉敷アイビースクエア,岡山県,倉敷,https://www.jalan.net/yad315803/,倉敷アイビースクエア,verified,倉敷アイビースクエアの施設概要,倉敷アイビースクエア - 宿泊予約は＜じゃらんnet＞,0.97,True,match,
671,stage-224-2,ロイヤルパークホテル倉敷,岡山県,倉敷,https://www.jalan.net/yad354682/,ロイヤルパークホテル倉敷,verified,ロイヤルパークホテル倉敷の施設概要,ロイヤルパークホテル倉敷 - 宿泊予約は＜じゃらんnet＞,0.97,True,match,
672,stage-224-3,センチュリオンホテル&スパ倉敷,岡山県,倉敷,https://www.jalan.net/yad302526/,センチュリオンホテル＆スパ倉敷,verified,センチュリオンホテル＆スパ倉敷の施設概要,センチュリオンホテル＆スパ倉敷 - 宿泊予約は＜じゃらんnet＞,0.97,True,match,
673,stage-225-1,三井ガーデンホテル広島,広島県,広島・中区,https://www.jalan.net/yad391095/,三井ガーデンホテル広島,verified,三井ガーデンホテル広島の施設概要,三井ガーデンホテル広島 - 宿泊予約は＜じゃらんnet＞,0.97,True,match,
674,stage-225-2,ダイワロイネットホテル広島,広島県,広島・中区,https://www.jalan.net/yad378150/,ダイワロイネットホテル広島,verified,ダイワロイネットホテル広島の施設概要,ダイワロイネットホテル広島 - 宿泊予約は＜じゃらんnet＞,0.97,True,match,
675,stage-225-3,ホテルインターゲート広島,広島県,広島・中区,https://www.jalan.net/yad342016/,ホテルインターゲート広島,verified,ホテルインターゲート広島の施設概要,ホテルインターゲート広島 - 宿泊予約は＜じゃらんnet＞,0.97,True,match,
676,stage-226-1,ホテルスイート広島 白島,広島県,白島,https://www.jalan.net/yad306604/,ホテルスイート広島 白島,verified,ホテルスイート広島 白島の施設概要,ホテルスイート広島 白島 - 宿泊予約は＜じゃらんnet＞,0.97,True,match,
677,stage-226-2,ヴィアインプライム広島新幹線口,広島県,広島,https://www.jalan.net/yad337466/,ＪＲ西日本グループ ヴィアインプライム広島新幹線口<紅葉の湯>,verified,ＪＲ西日本グループ ヴィアインプライム広島新幹線口<紅葉の湯>の施設概要,ＪＲ西日本グループ ヴィアインプライム広島新幹線口<紅葉の湯> - 宿泊予約は＜じゃらんnet＞,0.97,True,match,
678,stage-226-3,ダイワロイネットホテル広島駅前,広島県,広島,https://www.jalan.net/yad365410/,ダイワロイネットホテル広島駅前,verified,ダイワロイネットホテル広島駅前の施設概要,ダイワロイネットホテル広島駅前 - 宿泊予約は＜じゃらんnet＞,0.97,True,match,
679,stage-227-1,三井ガーデンホテル広島,広島県,広島・中区,https://www.jalan.net/yad391095/,三井ガーデンホテル広島,verified,三井ガーデンホテル広島の施設概要,三井ガーデンホテル広島 - 宿泊予約は＜じゃらんnet＞,0.97,True,match,
680,stage-227-2,ダイワロイネットホテル広島,広島県,広島・中区,https://www.jalan.net/yad378150/,ダイワロイネットホテル広島,verified,ダイワロイネットホテル広島の施設概要,ダイワロイネットホテル広島 - 宿泊予約は＜じゃらんnet＞,0.97,True,match,
681,stage-227-3,ホテルインターゲート広島,広島県,広島・中区,https://www.jalan.net/yad342016/,ホテルインターゲート広島,verified,ホテルインターゲート広島の施設概要,ホテルインターゲート広島 - 宿泊予約は＜じゃらんnet＞,0.97,True,match,
682,stage-228-1,呉阪急ホテル,広島県,呉,https://www.jalan.net/yad320802/,呉阪急ホテル,verified,呉阪急ホテルの施設概要,呉阪急ホテル - 宿泊予約は＜じゃらんnet＞,0.97,True,match,
683,stage-228-2,コンフォートホテル呉,広島県,呉,https://www.jalan.net/yad330900/,コンフォートホテル呉,verified,コンフォートホテル呉の施設概要,コンフォートホテル呉 - 宿泊予約は＜じゃらんnet＞,0.97,True,match,
684,stage-228-3,クレイトンベイホテル,広島県,呉,https://www.jalan.net/yad358100/,クレイトンベイホテル,verified,クレイトンベイホテルの施設概要,クレイトンベイホテル - 宿泊予約は＜じゃらんnet＞,0.97,True,match,
685,stage-229-1,福山ニューキャッスルホテル,広島県,福山,https://www.jalan.net/yad321232/,福山ニューキャッスルホテル,verified,福山ニューキャッスルホテルの施設概要,福山ニューキャッスルホテル - 宿泊予約は＜じゃらんnet＞,0.97,True,match,
686,stage-229-2,ダイワロイネットホテル福山駅前,広島県,福山,https://www.jalan.net/yad377029/,ダイワロイネットホテル福山駅前,verified,ダイワロイネットホテル福山駅前の施設概要,ダイワロイネットホテル福山駅前 - 宿泊予約は＜じゃらんnet＞,0.97,True,match,
687,stage-229-3,リッチモンドホテル福山駅前,広島県,福山,https://www.jalan.net/yad339594/,リッチモンドホテル福山駅前,verified,リッチモンドホテル福山駅前の施設概要,リッチモンドホテル福山駅前 - 宿泊予約は＜じゃらんnet＞,0.97,True,match,
688,stage-230-1,コンフォートホテル新山口,山口県,新山口,https://www.jalan.net/yad339664/,コンフォートホテル新山口,verified,コンフォートホテル新山口の施設概要,コンフォートホテル新山口 - 宿泊予約は＜じゃらんnet＞,0.97,True,match,
689,stage-230-2,東横INN新山口駅新幹線口,山口県,新山口,https://www.jalan.net/yad347583/,東横ＩＮＮ 新山口駅新幹線口,verified,東横ＩＮＮ 新山口駅新幹線口 の施設概要,東横ＩＮＮ 新山口駅新幹線口 - 宿泊予約は＜じゃらんnet＞,0.97,True,match,
690,stage-230-3,ホテルアクティブ!山口,山口県,新山口,https://www.jalan.net/yad345205/,ホテルアクティブ！山口,verified,ホテルアクティブ！山口の施設概要,ホテルアクティブ！山口 - 宿泊予約は＜じゃらんnet＞,0.97,True,match,
691,stage-231-1,松江エクセルホテル東急,島根県,松江,https://www.jalan.net/yad378620/,松江エクセルホテル東急,verified,松江エクセルホテル東急の施設概要,松江エクセルホテル東急 - 宿泊予約は＜じゃらんnet＞,0.97,True,match,
692,stage-231-2,ドーミーインEXPRESS松江,島根県,松江,https://www.jalan.net/yad377442/,ドーミーイン ＥＸＰＲＥＳＳ松江,verified,ドーミーイン ＥＸＰＲＥＳＳ松江の施設概要,ドーミーイン ＥＸＰＲＥＳＳ松江 - 宿泊予約は＜じゃらんnet＞,0.97,True,match,
693,stage-231-3,ホテルルートイン松江,島根県,松江,https://www.jalan.net/yad386217/,天然温泉「旅人の湯」 ホテルルートイン松江,manual_verified,天然温泉「旅人の湯」 ホテルルートイン松江の施設概要,天然温泉「旅人の湯」 ホテルルートイン松江 - 宿泊予約は＜じゃらんnet＞,0.97,True,match,
694,stage-232-1,ANAクラウンプラザホテル米子,鳥取県,米子,https://www.jalan.net/yad331034/,ANAクラウンプラザホテル米子 by IHG,verified,ANAクラウンプラザホテル米子 by IHGの施設概要,ANAクラウンプラザホテル米子 by IHG - 宿泊予約は＜じゃらんnet＞,0.97,True,match,
695,stage-232-2,グリーンリッチホテル米子駅前,鳥取県,米子,https://www.jalan.net/yad337668/,グリーンリッチホテル米子駅前（人工温泉 二股湯の華）,verified,グリーンリッチホテル米子駅前（人工温泉 二股湯の華）の施設概要,グリーンリッチホテル米子駅前（人工温泉 二股湯の華） - 宿泊予約は＜じゃらんnet＞,0.97,True,match,
696,stage-232-3,東横INN米子駅前,鳥取県,米子,https://www.jalan.net/yad326150/,東横ＩＮＮ米子駅前,verified,東横ＩＮＮ米子駅前の施設概要,東横ＩＮＮ米子駅前 - 宿泊予約は＜じゃらんnet＞,0.97,True,match,
697,stage-233-1,JRホテルクレメント高松,香川県,高松,https://www.jalan.net/yad302830/,ＪＲホテルクレメント高松,verified,ＪＲホテルクレメント高松の施設概要,ＪＲホテルクレメント高松 - 宿泊予約は＜じゃらんnet＞,0.97,True,match,
698,stage-233-2,ダイワロイネットホテル高松,香川県,高松,https://www.jalan.net/yad345014/,ダイワロイネットホテル高松,verified,ダイワロイネットホテル高松の施設概要,ダイワロイネットホテル高松 - 宿泊予約は＜じゃらんnet＞,0.97,True,match,
699,stage-233-3,コンフォートホテル高松,香川県,高松,https://www.jalan.net/yad304080/,コンフォートホテル高松,verified,コンフォートホテル高松の施設概要,コンフォートホテル高松 - 宿泊予約は＜じゃらんnet＞,0.97,True,match,
700,stage-234-1,JRホテルクレメント徳島,徳島県,徳島,https://www.jalan.net/yad312572/,ＪＲホテルクレメント徳島,verified,ＪＲホテルクレメント徳島の施設概要,ＪＲホテルクレメント徳島 - 宿泊予約は＜じゃらんnet＞,0.97,True,match,
701,stage-234-2,ダイワロイネットホテル徳島駅前,徳島県,徳島,https://www.jalan.net/yad370940/,ダイワロイネットホテル徳島駅前,verified,ダイワロイネットホテル徳島駅前の施設概要,ダイワロイネットホテル徳島駅前 - 宿泊予約は＜じゃらんnet＞,0.97,True,match,
702,stage-234-3,スマイルホテル徳島,徳島県,徳島,https://www.jalan.net/yad307165/,スマイルホテル徳島,verified,スマイルホテル徳島の施設概要,スマイルホテル徳島 - 宿泊予約は＜じゃらんnet＞,0.97,True,match,
703,stage-235-1,ANAクラウンプラザホテル松山,愛媛県,松山,https://www.jalan.net/yad310390/,ANAクラウンプラザホテル松山 by IHG,verified,ANAクラウンプラザホテル松山 by IHGの施設概要,ANAクラウンプラザホテル松山 by IHG - 宿泊予約は＜じゃらんnet＞,0.97,True,match,
704,stage-235-2,ダイワロイネットホテル松山,愛媛県,松山,https://www.jalan.net/yad389020/,ダイワロイネットホテル松山,verified,ダイワロイネットホテル松山の施設概要,ダイワロイネットホテル松山 - 宿泊予約は＜じゃらんnet＞,0.97,True,match,
705,stage-235-3,コンフォートホテル松山,愛媛県,松山,https://www.jalan.net/yad324324/,コンフォートホテル松山,verified,コンフォートホテル松山の施設概要,コンフォートホテル松山 - 宿泊予約は＜じゃらんnet＞,0.97,True,match,
706,stage-236-1,ザ クラウンパレス新阪急高知,高知県,高知,https://www.jalan.net/yad322158/,ANAクラウンプラザホテル高知by IHG,rebranded_current_page,ANAクラウンプラザホテル高知by IHGの施設概要,ANAクラウンプラザホテル高知by IHG - 宿泊予約は＜じゃらんnet＞,0.3158,True,suspect,
707,stage-236-2,ドーミーイン高知,高知県,高知,https://www.jalan.net/yad384040/,天然温泉 紺碧の湯 ドーミーイン高知,verified,天然温泉 紺碧の湯 ドーミーイン高知の施設概要,天然温泉 紺碧の湯 ドーミーイン高知 - 宿泊予約は＜じゃらんnet＞,0.97,True,match,
708,stage-236-3,コンフォートホテル高知,高知県,高知,https://www.jalan.net/yad317306/,コンフォートホテル高知,verified,コンフォートホテル高知の施設概要,コンフォートホテル高知 - 宿泊予約は＜じゃらんnet＞,0.97,True,match,
709,stage-237-1,三井ガーデンホテル福岡祇園,福岡県,祇園,https://www.jalan.net/yad384068/,三井ガーデンホテル福岡祇園,verified,三井ガーデンホテル福岡祇園の施設概要,三井ガーデンホテル福岡祇園 - 宿泊予約は＜じゃらんnet＞,0.97,True,match,
710,stage-237-2,西鉄ホテル クルーム博多祇園 櫛田神社前,福岡県,祇園,https://www.jalan.net/yad356362/,西鉄ホテル クルーム 博多祇園 櫛田神社前,verified,西鉄ホテル クルーム 博多祇園 櫛田神社前の施設概要,西鉄ホテル クルーム 博多祇園 櫛田神社前 - 宿泊予約は＜じゃらんnet＞,0.97,True,match,
711,stage-237-3,ホテルリソルトリニティ博多,福岡県,中洲川端,https://www.jalan.net/yad356316/,ホテルリソルトリニティ博多,verified,ホテルリソルトリニティ博多の施設概要,ホテルリソルトリニティ博多 - 宿泊予約は＜じゃらんnet＞,0.97,True,match,
712,stage-238-1,三井ガーデンホテル福岡祇園,福岡県,祇園,https://www.jalan.net/yad384068/,三井ガーデンホテル福岡祇園,verified,三井ガーデンホテル福岡祇園の施設概要,三井ガーデンホテル福岡祇園 - 宿泊予約は＜じゃらんnet＞,0.97,True,match,
713,stage-238-2,西鉄ホテル クルーム博多祇園 櫛田神社前,福岡県,祇園,https://www.jalan.net/yad356362/,西鉄ホテル クルーム 博多祇園 櫛田神社前,verified,西鉄ホテル クルーム 博多祇園 櫛田神社前の施設概要,西鉄ホテル クルーム 博多祇園 櫛田神社前 - 宿泊予約は＜じゃらんnet＞,0.97,True,match,
714,stage-238-3,ホテルリソルトリニティ博多,福岡県,中洲川端,https://www.jalan.net/yad356316/,ホテルリソルトリニティ博多,verified,ホテルリソルトリニティ博多の施設概要,ホテルリソルトリニティ博多 - 宿泊予約は＜じゃらんnet＞,0.97,True,match,
715,stage-239-1,ホテル博多プレイス,福岡県,博多ふ頭,https://www.jalan.net/yad346759/,ホテル博多プレイス,verified,ホテル博多プレイスの施設概要,ホテル博多プレイス - 宿泊予約は＜じゃらんnet＞,0.97,True,match,
716,stage-239-2,ザ・ワンファイブマリン福岡,福岡県,呉服町,https://www.jalan.net/yad344616/,ザ・ワンファイブマリン福岡,verified,ザ・ワンファイブマリン福岡の施設概要,ザ・ワンファイブマリン福岡 - 宿泊予約は＜じゃらんnet＞,0.97,True,match,
717,stage-239-3,ホテルニューガイア上呉服,福岡県,呉服町,https://www.jalan.net/yad373877/,ホテルニューガイア博多メッセ南（旧ホテルニューガイア上呉服）,verified,ホテルニューガイア博多メッセ南（旧ホテルニューガイア上呉服）の施設概要,ホテルニューガイア博多メッセ南（旧ホテルニューガイア上呉服） - 宿泊予約は＜じゃらんnet＞,0.5625,True,review_name,
718,stage-240-1,ホテル博多プレイス,福岡県,博多ふ頭,https://www.jalan.net/yad346759/,ホテル博多プレイス,verified,ホテル博多プレイスの施設概要,ホテル博多プレイス - 宿泊予約は＜じゃらんnet＞,0.97,True,match,
719,stage-240-2,ザ・ワンファイブマリン福岡,福岡県,呉服町,https://www.jalan.net/yad344616/,ザ・ワンファイブマリン福岡,verified,ザ・ワンファイブマリン福岡の施設概要,ザ・ワンファイブマリン福岡 - 宿泊予約は＜じゃらんnet＞,0.97,True,match,
720,stage-240-3,ホテルニューガイア上呉服,福岡県,呉服町,https://www.jalan.net/yad373877/,ホテルニューガイア博多メッセ南（旧ホテルニューガイア上呉服）,verified,ホテルニューガイア博多メッセ南（旧ホテルニューガイア上呉服）の施設概要,ホテルニューガイア博多メッセ南（旧ホテルニューガイア上呉服） - 宿泊予約は＜じゃらんnet＞,0.5625,True,review_name,
721,stage-241-1,JR九州ステーションホテル小倉,福岡県,小倉,https://www.jalan.net/yad341343/,ＪＲ九州ステーションホテル小倉,verified,ＪＲ九州ステーションホテル小倉の施設概要,ＪＲ九州ステーションホテル小倉 - 宿泊予約は＜じゃらんnet＞,0.97,True,match,
722,stage-241-2,ダイワロイネットホテル小倉駅前,福岡県,小倉,https://www.jalan.net/yad386180/,ダイワロイネットホテル小倉駅前,verified,ダイワロイネットホテル小倉駅前の施設概要,ダイワロイネットホテル小倉駅前 - 宿泊予約は＜じゃらんnet＞,0.97,True,match,
723,stage-241-3,クインテッサホテル小倉 Comic & Books,福岡県,小倉,https://www.jalan.net/yad332917/,クインテッサホテル小倉 Comic&Books,verified,クインテッサホテル小倉 Comic&Booksの施設概要,クインテッサホテル小倉 Comic&Books - 宿泊予約は＜じゃらんnet＞,0.97,True,match,
724,stage-242-1,JR九州ステーションホテル小倉,福岡県,小倉,https://www.jalan.net/yad341343/,ＪＲ九州ステーションホテル小倉,verified,ＪＲ九州ステーションホテル小倉の施設概要,ＪＲ九州ステーションホテル小倉 - 宿泊予約は＜じゃらんnet＞,0.97,True,match,
725,stage-242-2,ダイワロイネットホテル小倉駅前,福岡県,小倉,https://www.jalan.net/yad386180/,ダイワロイネットホテル小倉駅前,verified,ダイワロイネットホテル小倉駅前の施設概要,ダイワロイネットホテル小倉駅前 - 宿泊予約は＜じゃらんnet＞,0.97,True,match,
726,stage-242-3,クインテッサホテル小倉 Comic & Books,福岡県,小倉,https://www.jalan.net/yad332917/,クインテッサホテル小倉 Comic&Books,verified,クインテッサホテル小倉 Comic&Booksの施設概要,クインテッサホテル小倉 Comic&Books - 宿泊予約は＜じゃらんnet＞,0.97,True,match,
727,stage-243-1,ザ・セレクトン久留米,福岡県,久留米,https://www.jalan.net/yad380511/,ザ・セレクトン久留米,verified,ザ・セレクトン久留米の施設概要,ザ・セレクトン久留米 - 宿泊予約は＜じゃらんnet＞,0.97,True,match,
728,stage-243-2,グリーンリッチホテル久留米,福岡県,久留米,https://www.jalan.net/yad317845/,グリーンリッチホテル久留米【天然温泉・有馬六ツ門の湯】,verified,グリーンリッチホテル久留米【天然温泉・有馬六ツ門の湯】の施設概要,グリーンリッチホテル久留米【天然温泉・有馬六ツ門の湯】 - 宿泊予約は＜じゃらんnet＞,0.97,True,match,
729,stage-243-3,久留米ワシントンホテルプラザ,福岡県,久留米,https://www.jalan.net/yad311805/,久留米ワシントンホテルプラザ,verified,久留米ワシントンホテルプラザの施設概要,久留米ワシントンホテルプラザ - 宿泊予約は＜じゃらんnet＞,0.97,True,match,
730,stage-244-1,KOKO HOTEL Premier 熊本,熊本県,桜町,https://www.jalan.net/yad334744/,ＫＯＫＯ ＨＯＴＥＬ Ｐｒｅｍｉｅｒ 熊本,verified,ＫＯＫＯ ＨＯＴＥＬ Ｐｒｅｍｉｅｒ 熊本の施設概要,ＫＯＫＯ ＨＯＴＥＬ Ｐｒｅｍｉｅｒ 熊本 - 宿泊予約は＜じゃらんnet＞,0.97,True,match,
731,stage-244-2,ダイワロイネットホテル熊本銀座通り PREMIER,熊本県,熊本,https://www.jalan.net/yad308775/,ダイワロイネットホテル熊本銀座通り PREMIER,verified,ダイワロイネットホテル熊本銀座通り PREMIERの施設概要,ダイワロイネットホテル熊本銀座通り PREMIER - 宿泊予約は＜じゃらんnet＞,0.97,True,match,
732,stage-244-3,三井ガーデンホテル熊本,熊本県,熊本,https://www.jalan.net/yad316105/,三井ガーデンホテル熊本,verified,三井ガーデンホテル熊本の施設概要,三井ガーデンホテル熊本 - 宿泊予約は＜じゃらんnet＞,0.97,True,match,
733,stage-245-1,KOKO HOTEL Premier 熊本,熊本県,桜町,https://www.jalan.net/yad334744/,ＫＯＫＯ ＨＯＴＥＬ Ｐｒｅｍｉｅｒ 熊本,verified,ＫＯＫＯ ＨＯＴＥＬ Ｐｒｅｍｉｅｒ 熊本の施設概要,ＫＯＫＯ ＨＯＴＥＬ Ｐｒｅｍｉｅｒ 熊本 - 宿泊予約は＜じゃらんnet＞,0.97,True,match,
734,stage-245-2,ダイワロイネットホテル熊本銀座通り PREMIER,熊本県,熊本,https://www.jalan.net/yad308775/,ダイワロイネットホテル熊本銀座通り PREMIER,verified,ダイワロイネットホテル熊本銀座通り PREMIERの施設概要,ダイワロイネットホテル熊本銀座通り PREMIER - 宿泊予約は＜じゃらんnet＞,0.97,True,match,
735,stage-245-3,三井ガーデンホテル熊本,熊本県,熊本,https://www.jalan.net/yad316105/,三井ガーデンホテル熊本,verified,三井ガーデンホテル熊本の施設概要,三井ガーデンホテル熊本 - 宿泊予約は＜じゃらんnet＞,0.97,True,match,
736,stage-246-1,JR九州ホテル ブラッサム大分,大分県,大分,https://www.jalan.net/yad339266/,ＪＲ九州ホテルブラッサム大分,verified,ＪＲ九州ホテルブラッサム大分の施設概要,ＪＲ九州ホテルブラッサム大分 - 宿泊予約は＜じゃらんnet＞,0.97,True,match,
737,stage-246-2,ダイワロイネットホテル大分,大分県,大分,https://www.jalan.net/yad342480/,ダイワロイネットホテル大分,verified,ダイワロイネットホテル大分の施設概要,ダイワロイネットホテル大分 - 宿泊予約は＜じゃらんnet＞,0.97,True,match,
738,stage-246-3,ホテル日航大分 オアシスタワー,大分県,大分,https://www.jalan.net/yad338475/,ホテル日航大分 オアシスタワー,verified,ホテル日航大分 オアシスタワーの施設概要,ホテル日航大分 オアシスタワー - 宿泊予約は＜じゃらんnet＞,0.97,True,match,
739,stage-247-1,JR九州ホテル長崎,長崎県,長崎,https://www.jalan.net/yad318707/,ＪＲ九州ホテル長崎,verified,ＪＲ九州ホテル長崎の施設概要,ＪＲ九州ホテル長崎 - 宿泊予約は＜じゃらんnet＞,0.97,True,match,
740,stage-247-2,ホテルフォルツァ長崎,長崎県,長崎,https://www.jalan.net/yad308596/,FORZA ホテルフォルツァ長崎,verified,FORZA ホテルフォルツァ長崎の施設概要,FORZA ホテルフォルツァ長崎 - 宿泊予約は＜じゃらんnet＞,0.97,True,match,
741,stage-247-3,ドーミーインPREMIUM長崎駅前,長崎県,長崎,https://www.jalan.net/yad396693/,天然温泉 鶴港の湯 ドーミーインPREMIUM長崎駅前,verified,天然温泉 鶴港の湯 ドーミーインPREMIUM長崎駅前の施設概要,天然温泉 鶴港の湯 ドーミーインPREMIUM長崎駅前 - 宿泊予約は＜じゃらんnet＞,0.97,True,match,
742,stage-248-1,JR九州ホテル宮崎,宮崎県,宮崎,https://www.jalan.net/yad361436/,ＪＲ九州ホテル宮崎,verified,ＪＲ九州ホテル宮崎の施設概要,ＪＲ九州ホテル宮崎 - 宿泊予約は＜じゃらんnet＞,0.97,True,match,
743,stage-248-2,コンフォートホテル宮崎,宮崎県,宮崎,https://www.jalan.net/yad369616/,コンフォートホテル宮崎,verified,コンフォートホテル宮崎の施設概要,コンフォートホテル宮崎 - 宿泊予約は＜じゃらんnet＞,0.97,True,match,
744,stage-248-3,ドーミーイン宮崎,宮崎県,宮崎,https://www.jalan.net/yad398448/,天然温泉 日向の湯 ドーミーイン宮崎,verified,天然温泉 日向の湯 ドーミーイン宮崎の施設概要,天然温泉 日向の湯 ドーミーイン宮崎 - 宿泊予約は＜じゃらんnet＞,0.97,True,match,
745,stage-249-1,JR九州ホテル鹿児島,鹿児島県,鹿児島中央,https://www.jalan.net/yad399054/,ＪＲ九州ホテル鹿児島,verified,ＪＲ九州ホテル鹿児島の施設概要,ＪＲ九州ホテル鹿児島 - 宿泊予約は＜じゃらんnet＞,0.97,True,match,
746,stage-249-2,ソラリア西鉄ホテル鹿児島,鹿児島県,鹿児島中央,https://www.jalan.net/yad346291/,ソラリア西鉄ホテル鹿児島,verified,ソラリア西鉄ホテル鹿児島の施設概要,ソラリア西鉄ホテル鹿児島 - 宿泊予約は＜じゃらんnet＞,0.97,True,match,
747,stage-249-3,ダイワロイネットホテル鹿児島天文館 PREMIER,鹿児島県,天文館,https://www.jalan.net/yad388886/,ダイワロイネットホテル鹿児島天文館 PREMIER,verified,ダイワロイネットホテル鹿児島天文館 PREMIERの施設概要,ダイワロイネットホテル鹿児島天文館 PREMIER - 宿泊予約は＜じゃらんnet＞,0.97,True,match,
748,stage-250-1,ホテル コレクティブ,沖縄県,国際通り,https://www.jalan.net/yad382520/,ホテルコレクティブ,verified,ホテルコレクティブの施設概要,ホテルコレクティブ - 宿泊予約は＜じゃらんnet＞,0.97,True,match,
749,stage-250-2,ダイワロイネットホテル那覇国際通り,沖縄県,牧志,https://www.jalan.net/yad304700/,ダイワロイネットホテル那覇国際通り,verified,ダイワロイネットホテル那覇国際通りの施設概要,ダイワロイネットホテル那覇国際通り - 宿泊予約は＜じゃらんnet＞,0.97,True,match,
750,stage-250-3,ホテルグレイスリー那覇,沖縄県,国際通り,https://www.jalan.net/yad306815/,ホテルグレイスリー那覇,verified,ホテルグレイスリー那覇の施設概要,ホテルグレイスリー那覇 - 宿泊予約は＜じゃらんnet＞,0.97,True,match,
